visible_min,visible_max,visible_mean,visible_mean_distribution,visible_contrast,visible_second_angular_momentum,visible_entropy,IR_min,IR_max,IR_mean,log_asm,entropy_x_contrast,IR_range,IR_norm_range,class
3.0,140.0,43.5,0.0833,862.8417,0.0254,3.889,163.0,240.0,213.3555,-3.673006,3355.591371,77.0,0.3609,0
3.0,135.0,41.9063,0.079,690.3291,0.0259,3.834,167.0,239.0,213.7188,-3.653512,2646.721769,72.0,0.336891,0
2.0,126.0,21.0586,0.0406,308.3583,0.0684,3.1702,174.0,240.0,227.5859,-2.682382,977.557483,66.0,0.29,0
4.0,197.0,77.4805,0.089,874.4709,0.0243,3.9442,155.0,239.0,197.2773,-3.717279,3449.088124,84.0,0.425797,0
7.0,193.0,88.8398,0.0884,810.1126,0.0223,3.9318,150.0,236.0,186.0195,-3.803169,3185.200721,86.0,0.462317,0
5.0,190.0,57.1836,0.0568,388.4958,0.0398,3.5269,135.0,236.0,195.3125,-3.223888,1370.185837,101.0,0.51712,0
5.0,144.0,42.0391,0.0418,250.875,0.0543,3.2405,94.0,225.0,179.1484,-2.913231,812.960438,131.0,0.731237,0
3.0,130.0,18.2188,0.0297,180.3792,0.1084,2.8236,155.0,235.0,216.5117,-2.221927,509.318709,80.0,0.369495,0
3.0,136.0,44.7813,0.0592,433.3792,0.0394,3.5576,152.0,238.0,205.6914,-3.233989,1541.789842,86.0,0.418102,0
3.0,124.0,28.5781,0.0359,234.35,0.1251,2.8862,159.0,240.0,220.0352,-2.078642,676.38097,81.0,0.368123,0
3.0,187.0,86.0547,0.0756,624.3583,0.0265,3.7939,150.0,239.0,189.0586,-3.630611,2368.752954,89.0,0.470754,0
4.0,191.0,81.0234,0.0869,787.4542,0.0257,3.8711,150.0,237.0,190.6914,-3.661264,3048.313954,87.0,0.456235,0
3.0,169.0,57.9648,0.0844,802.8417,0.0263,3.8562,153.0,237.0,203.0938,-3.638186,3095.918164,84.0,0.413602,0
5.0,187.0,78.8047,0.0923,883.4042,0.0224,3.9528,151.0,236.0,193.2969,-3.798694,3491.920122,85.0,0.439738,0
6.0,181.0,73.2891,0.0972,1046.5958,0.0217,4.0206,152.0,234.0,194.8008,-3.830443,4207.943073,82.0,0.420943,0
4.0,148.0,32.0625,0.0608,546.9709,0.0388,3.5703,155.0,237.0,218.5234,-3.249335,1952.850204,82.0,0.375246,0
4.0,121.0,33.7031,0.0579,414.2751,0.0358,3.5909,175.0,236.0,218.7148,-3.329807,1487.620457,61.0,0.278902,0
7.0,155.0,59.2305,0.0837,745.0083,0.025,3.8622,162.0,234.0,203.8516,-3.688879,2877.371056,72.0,0.353198,0
5.0,116.0,36.0195,0.0703,568.975,0.0315,3.6985,171.0,234.0,216.6875,-3.457768,2104.354038,63.0,0.290741,0
4.0,78.0,12.1563,0.0215,107.8208,0.1449,2.5383,193.0,235.0,229.9531,-1.931711,273.681537,42.0,0.182646,0
4.0,128.0,22.0547,0.0403,298.7,0.0823,3.1272,172.0,236.0,224.1055,-2.497384,934.09464,64.0,0.28558,0
4.0,127.0,26.6719,0.0559,403.9792,0.0361,3.5378,167.0,234.0,220.6367,-3.321462,1429.197614,67.0,0.303667,0
6.0,150.0,44.6367,0.0844,811.0958,0.0267,3.8723,161.0,235.0,212.1094,-3.623092,3140.806266,74.0,0.348877,0
6.0,141.0,51.9727,0.0799,709.2292,0.0259,3.8191,162.0,237.0,208.5352,-3.653512,2708.617238,75.0,0.359652,0
6.0,140.0,49.7695,0.0864,789.9916,0.0236,3.896,165.0,237.0,210.7266,-3.746509,3077.807274,72.0,0.341675,0
5.0,78.0,17.043,0.0299,140.3542,0.0764,2.9614,195.0,238.0,230.6953,-2.571773,415.644928,43.0,0.186393,0
6.0,115.0,23.8047,0.042,342.0583,0.0733,3.1733,176.0,237.0,226.625,-2.613195,1085.453603,61.0,0.269167,0
7.0,141.0,32.9063,0.067,547.2209,0.0325,3.6859,166.0,237.0,218.8398,-3.426515,2017.001515,71.0,0.324438,0
7.0,145.0,40.3945,0.0629,490.3209,0.0326,3.6723,165.0,235.0,214.9297,-3.423443,1800.605441,70.0,0.325688,0
9.0,114.0,36.5625,0.053,326.45,0.0377,3.4987,184.0,234.0,218.4648,-3.278095,1142.150615,50.0,0.22887,0
12.0,105.0,41.4961,0.0588,360.875,0.0347,3.5334,181.0,233.0,216.2734,-3.361016,1275.115725,52.0,0.240436,0
12.0,137.0,51.0352,0.072,584.0667,0.028,3.7435,167.0,233.0,210.4688,-3.575551,2186.453691,66.0,0.313586,0
10.0,182.0,106.7813,0.1244,1534.4332,0.019,4.1332,151.0,233.0,176.25,-3.963316,6342.119302,82.0,0.465248,0
22.0,198.0,129.5039,0.0876,801.9874,0.0233,3.9221,151.0,225.0,166.3086,-3.759302,3145.474782,74.0,0.444956,0
6.0,215.0,108.1289,0.0938,950.525,0.0233,3.973,152.0,236.0,179.5859,-3.759302,3776.435825,84.0,0.467743,0
5.0,213.0,83.1211,0.0781,701.7667,0.027,3.8126,153.0,237.0,190.1406,-3.611918,2675.55572,84.0,0.441778,0
3.0,177.0,26.8125,0.0349,271.0792,0.1171,2.8282,154.0,239.0,223.1211,-2.144727,766.666193,85.0,0.380959,0
3.0,195.0,58.9219,0.0575,614.7667,0.1009,3.1781,153.0,240.0,209.625,-2.293625,1953.790049,87.0,0.415027,0
7.0,201.0,121.0664,0.0758,676.35,0.0275,3.7934,77.0,237.0,154.6992,-3.593569,2565.66609,160.0,1.034265,0
8.0,124.0,43.4063,0.0398,230.2292,0.0509,3.243,59.0,227.0,172.6563,-2.977892,746.633296,168.0,0.973031,0
8.0,166.0,69.9609,0.0659,542.725,0.0317,3.6293,150.0,233.0,190.8125,-3.451439,1969.711842,83.0,0.434982,0
13.0,178.0,91.9688,0.1058,1085.3584,0.0202,4.0505,149.0,233.0,183.2969,-3.902073,4396.244199,84.0,0.458273,0
7.0,189.0,103.625,0.0889,813.8126,0.0233,3.9156,150.0,236.0,178.7422,-3.759302,3186.564617,86.0,0.48114,0
7.0,188.0,84.0508,0.0947,901.7875,0.021,3.9842,150.0,236.0,187.5078,-3.863233,3592.901758,86.0,0.458648,0
7.0,171.0,73.6289,0.08,740.1833,0.0255,3.8339,151.0,236.0,193.3711,-3.669077,2837.788754,85.0,0.439569,0
6.0,189.0,65.3516,0.0848,797.3792,0.0241,3.8927,150.0,236.0,199.9023,-3.725543,3103.958012,86.0,0.43021,0
9.0,178.0,103.9961,0.1142,1293.8959,0.0186,4.1176,151.0,232.0,176.5898,-3.984594,5327.745758,81.0,0.45869,0
9.0,187.0,76.4453,0.0962,953.1791,0.0214,3.9942,150.0,231.0,191.9688,-3.844364,3807.187961,81.0,0.421944,0
10.0,169.0,68.0156,0.0867,817.6666,0.0233,3.9259,154.0,231.0,196.6953,-3.759302,3210.077305,77.0,0.391468,0
10.0,166.0,74.7852,0.0996,1016.4583,0.0216,4.013,155.0,230.0,194.5898,-3.835062,4079.047158,75.0,0.385426,0
11.0,157.0,65.6172,0.0945,922.4584,0.0237,3.9493,160.0,231.0,199.9414,-3.74228,3643.064959,71.0,0.355104,0
4.0,144.0,28.6445,0.0533,383.5667,0.0395,3.4849,163.0,234.0,220.2539,-3.231455,1336.691593,71.0,0.322355,0
4.0,94.0,17.5625,0.0357,212.0,0.0617,3.1088,186.0,234.0,226.668,-2.785471,659.0656,48.0,0.211763,0
4.0,61.0,10.457,0.0166,46.9792,0.1185,2.4576,198.0,234.0,230.6445,-2.132842,115.456082,36.0,0.156084,0
5.0,97.0,21.7852,0.0391,227.6583,0.0538,3.2015,191.0,235.0,225.25,-2.922482,728.848047,44.0,0.195339,0
7.0,153.0,48.3359,0.0769,732.0042,0.0291,3.7615,161.0,237.0,211.332,-3.537017,2753.433798,76.0,0.359624,0
7.0,157.0,82.5742,0.0933,894.1209,0.0224,3.9413,158.0,236.0,190.6445,-3.798694,3523.998703,78.0,0.409138,0
6.0,125.0,30.8516,0.0521,345.225,0.0393,3.4754,172.0,237.0,222.2344,-3.236531,1199.794965,65.0,0.292484,0
6.0,64.0,15.7305,0.0249,89.2917,0.0808,2.8185,213.0,237.0,231.6563,-2.515778,251.668656,24.0,0.103602,0
7.0,52.0,20.4023,0.0317,116.7208,0.0561,3.0741,210.0,236.0,227.7109,-2.880619,358.811411,26.0,0.11418,0
7.0,84.0,18.8906,0.0326,173.2833,0.0695,3.0419,195.0,236.0,227.168,-2.666429,527.11047,41.0,0.180483,0
9.0,106.0,34.4063,0.057,356.3791,0.0333,3.5622,182.0,235.0,219.6797,-3.402198,1269.49363,53.0,0.24126,0
10.0,150.0,56.3711,0.0721,547.4083,0.0282,3.7506,161.0,236.0,207.9805,-3.568433,2053.10957,75.0,0.360611,0
15.0,140.0,60.5469,0.0692,496.1917,0.0295,3.6945,163.0,231.0,205.1367,-3.523365,1833.180236,68.0,0.331486,0
4.0,168.0,47.4375,0.0855,948.3625,0.031,3.814,152.0,237.0,206.0938,-3.473768,3617.054575,85.0,0.412434,0
4.0,157.0,61.0078,0.0869,885.1249,0.0246,3.9049,155.0,238.0,200.3516,-3.705009,3456.324222,83.0,0.414272,0
5.0,224.0,97.0195,0.0839,798.946,0.0249,3.8629,153.0,239.0,188.3047,-3.692887,3086.248503,86.0,0.456707,0
4.0,161.0,43.8945,0.071,679.4,0.0315,3.7563,153.0,239.0,214.5625,-3.457768,2552.03022,86.0,0.400816,0
4.0,182.0,64.0859,0.0945,919.7751,0.0215,3.9708,151.0,238.0,200.8906,-3.839702,3652.242967,87.0,0.433072,0
4.0,182.0,56.2305,0.0478,249.175,0.0395,3.4054,65.0,238.0,197.207,-3.231455,848.540545,173.0,0.877251,0
5.0,152.0,43.4297,0.0569,576.2334,0.0491,3.4366,127.0,238.0,210.2188,-3.013896,1980.283702,111.0,0.528021,0
13.0,168.0,77.4258,0.0474,253.6792,0.0395,3.4025,55.0,217.0,146.25,-3.231455,863.143478,162.0,1.107692,0
6.0,164.0,78.375,0.061,405.325,0.031,3.6235,131.0,236.0,180.3594,-3.473768,1468.695137,105.0,0.582171,0
4.0,162.0,45.5078,0.0765,767.7626,0.031,3.7926,151.0,238.0,208.9531,-3.473768,2911.816437,87.0,0.416361,0
4.0,190.0,37.6953,0.0549,575.3,0.1141,3.1594,153.0,240.0,219.4688,-2.17068,1817.60282,87.0,0.396412,0
4.0,189.0,46.25,0.0591,718.1918,0.1233,3.1235,151.0,239.0,215.3125,-2.093135,2243.272087,88.0,0.408708,0
19.0,179.0,91.793,0.0972,1048.275,0.0227,3.9663,153.0,228.0,184.6328,-3.78539,4157.773133,75.0,0.406212,0
5.0,169.0,60.9102,0.0964,1006.0501,0.022,3.9976,155.0,237.0,202.3008,-3.816713,4021.78588,82.0,0.405337,0
7.0,179.0,63.7422,0.1006,1071.4249,0.0211,4.0339,154.0,236.0,200.0625,-3.858482,4322.020904,82.0,0.409872,0
7.0,177.0,74.5078,0.0951,1087.2251,0.0241,3.9288,152.0,233.0,194.1328,-3.725543,4271.489973,81.0,0.41724,0
12.0,183.0,99.9375,0.0839,737.5167,0.0235,3.8807,152.0,228.0,178.8555,-3.750755,2862.081058,76.0,0.424924,0
7.0,189.0,80.5117,0.0771,648.3583,0.0268,3.7921,153.0,235.0,189.6445,-3.619353,2458.639509,82.0,0.432388,0
13.0,189.0,104.625,0.0963,929.8791,0.0231,3.9346,151.0,227.0,177.1563,-3.767923,3658.702307,76.0,0.429,0
9.0,179.0,95.3164,0.0925,831.4083,0.024,3.8765,153.0,232.0,183.6719,-3.729701,3222.954275,79.0,0.430115,0
5.0,147.0,45.4648,0.0721,597.7458,0.0284,3.7547,157.0,237.0,211.5039,-3.561366,2244.356155,80.0,0.378244,0
5.0,94.0,20.5938,0.0441,248.35,0.0483,3.2979,186.0,236.0,225.125,-3.030324,819.033465,50.0,0.222099,0
6.0,125.0,40.3828,0.0722,564.6875,0.0283,3.7342,172.0,235.0,214.4922,-3.564893,2108.656063,63.0,0.293717,0
11.0,136.0,60.6641,0.09,851.3667,0.0238,3.9051,170.0,235.0,206.6172,-3.73807,3324.6721,65.0,0.314591,0
7.0,174.0,45.5234,0.0802,732.45,0.0264,3.8021,159.0,236.0,215.5273,-3.634391,2784.848145,77.0,0.357263,0
5.0,116.0,17.6602,0.0332,263.2917,0.1148,2.812,176.0,238.0,230.2891,-2.164564,740.37626,62.0,0.269227,0
5.0,70.0,12.2969,0.0186,69.525,0.1573,2.4648,200.0,239.0,233.5234,-1.8496,171.36522,39.0,0.167007,0
5.0,118.0,35.6602,0.0539,355.0542,0.0385,3.5045,174.0,237.0,219.3516,-3.257097,1244.287444,63.0,0.28721,0
10.0,118.0,42.5859,0.0582,403.9167,0.0355,3.551,174.0,233.0,214.8086,-3.338223,1434.308202,59.0,0.274663,0
12.0,157.0,61.1992,0.0746,547.9626,0.0298,3.6918,161.0,233.0,203.5313,-3.513247,2022.968327,72.0,0.353754,0
9.0,159.0,45.0156,0.0653,466.8917,0.0305,3.6761,160.0,235.0,214.3672,-3.490029,1716.340578,75.0,0.349867,0
14.0,163.0,64.5586,0.0785,637.1417,0.0283,3.7834,158.0,233.0,203.5117,-3.564893,2410.561908,75.0,0.368529,0
7.0,166.0,72.0156,0.1129,1359.3418,0.0212,4.0516,159.0,237.0,196.4023,-3.853754,5507.509237,78.0,0.397144,0
12.0,158.0,78.293,0.0853,780.3292,0.0257,3.8475,157.0,233.0,189.5586,-3.661264,3002.316597,76.0,0.400931,0
35.0,198.0,101.1094,0.0712,524.2876,0.0272,3.723,155.0,215.0,180.1602,-3.604538,1951.922735,60.0,0.333037,0
39.0,195.0,131.2539,0.069,469.7583,0.0276,3.6791,153.0,214.0,165.8008,-3.58994,1728.287762,61.0,0.367911,0
4.0,179.0,62.2539,0.0854,905.2333,0.0265,3.8757,153.0,238.0,204.3789,-3.630611,3508.412701,85.0,0.415894,0
4.0,213.0,119.9648,0.0745,618.7792,0.0281,3.7773,45.0,239.0,163.9141,-3.571986,2337.314672,194.0,1.183547,0
35.0,221.0,136.0742,0.0841,725.5333,0.0261,3.8019,65.0,220.0,157.1016,-3.64582,2758.405053,155.0,0.986623,0
58.0,217.0,142.4961,0.0569,351.4125,0.0334,3.548,6.0,162.0,80.3164,-3.399199,1246.81155,156.0,1.942318,0
37.0,165.0,118.75,0.0403,172.4625,0.0475,3.2474,78.0,186.0,130.7383,-3.047026,560.054722,108.0,0.826078,0
5.0,150.0,62.0859,0.0404,183.8167,0.0485,3.2203,139.0,238.0,193.7813,-3.026191,591.944919,99.0,0.510885,0
4.0,93.0,19.9805,0.0235,93.7375,0.1048,2.722,184.0,239.0,228.0781,-2.255702,255.153475,55.0,0.241145,0
4.0,182.0,43.3984,0.0539,397.3417,0.0434,3.4657,153.0,238.0,214.7773,-3.137296,1377.06713,85.0,0.395759,0
14.0,189.0,95.8477,0.1037,1176.8668,0.0197,4.0637,154.0,233.0,183.1172,-3.927137,4782.433615,79.0,0.431418,0
11.0,180.0,79.3711,0.0825,668.7709,0.0242,3.8326,152.0,230.0,189.2305,-3.721403,2563.131351,78.0,0.412196,0
5.0,169.0,45.2383,0.075,799.4958,0.0332,3.7414,155.0,236.0,211.6172,-3.405205,2991.233586,81.0,0.382767,0
5.0,170.0,33.3945,0.063,663.4084,0.0471,3.5199,161.0,236.0,218.9219,-3.055482,2335.131227,75.0,0.342588,0
5.0,205.0,99.9414,0.1065,1388.9626,0.0221,4.0489,152.0,236.0,186.0313,-3.812178,5623.770671,84.0,0.451537,0
19.0,187.0,95.0781,0.0953,968.8416,0.023,3.9469,154.0,230.0,183.8008,-3.772261,3823.920911,76.0,0.413491,0
14.0,173.0,78.4219,0.0946,896.3542,0.0219,3.9692,154.0,234.0,193.5469,-3.821269,3557.809091,80.0,0.413337,0
10.0,184.0,84.5586,0.0981,1073.5375,0.0215,4.0272,151.0,237.0,193.4531,-3.839702,4323.35022,86.0,0.444552,0
10.0,204.0,98.4141,0.095,983.5042,0.0216,3.9957,152.0,237.0,186.1641,-3.835062,3929.787732,85.0,0.456586,0
11.0,197.0,97.0078,0.0932,955.4875,0.0233,3.9227,153.0,231.0,184.0898,-3.759302,3748.090816,78.0,0.423706,0
9.0,171.0,87.6211,0.0924,840.9417,0.0238,3.8794,153.0,231.0,187.6367,-3.73807,3262.349231,78.0,0.415697,0
15.0,159.0,75.3828,0.1005,1087.3751,0.0213,4.0304,157.0,232.0,198.543,-3.849048,4382.556603,75.0,0.377752,0
12.0,174.0,70.9336,0.0953,957.6626,0.0219,3.9634,159.0,234.0,203.3008,-3.821269,3795.599949,75.0,0.368911,0
5.0,173.0,48.1641,0.0721,630.2791,0.0291,3.7812,162.0,236.0,212.6133,-3.537017,2383.211333,74.0,0.34805,0
5.0,136.0,20.0273,0.036,257.6458,0.093,2.9908,170.0,239.0,229.375,-2.375156,770.567059,69.0,0.300817,0
5.0,56.0,9.1563,0.0101,32.6667,0.2477,1.8889,212.0,237.0,234.7891,-1.395537,61.70413,25.0,0.106479,0
7.0,121.0,34.1797,0.0414,296.4417,0.1252,2.958,169.0,236.0,219.8555,-2.077843,876.874549,67.0,0.304746,0
26.0,194.0,115.9531,0.0806,697.8165,0.0261,3.8202,153.0,222.0,173.4766,-3.64582,2665.798593,69.0,0.397748,0
8.0,152.0,41.9141,0.0559,383.0833,0.0389,3.5219,158.0,238.0,214.8828,-3.246761,1349.181074,80.0,0.372296,0
8.0,131.0,39.1484,0.0658,519.0876,0.0315,3.6908,170.0,239.0,218.0234,-3.457768,1915.848514,69.0,0.31648,0
4.0,199.0,61.0703,0.075,674.8499,0.0306,3.7775,155.0,240.0,204.8398,-3.486755,2549.245497,85.0,0.414958,0
5.0,199.0,96.9922,0.076,714.3752,0.0296,3.745,155.0,240.0,186.7305,-3.519981,2675.335124,85.0,0.455201,0
96.0,218.0,167.1484,0.0645,431.3209,0.0308,3.6145,153.0,177.0,157.3711,-3.480241,1559.009393,24.0,0.152506,0
41.0,197.0,143.6289,0.0586,383.4459,0.0343,3.5625,153.0,217.0,161.1641,-3.37261,1366.026019,64.0,0.397111,0
4.0,166.0,53.5469,0.0812,872.3251,0.0284,3.8521,156.0,239.0,208.1836,-3.561366,3360.283518,83.0,0.398687,0
4.0,168.0,61.0234,0.0914,993.1415,0.0258,3.9558,155.0,239.0,203.9375,-3.657381,3928.669146,84.0,0.411891,0
5.0,195.0,67.9102,0.128,1989.3917,0.0209,4.1868,132.0,238.0,202.3711,-3.868006,8329.18517,106.0,0.52379,0
6.0,229.0,97.625,0.0719,613.7458,0.0301,3.7243,1.0,237.0,134.0742,-3.50323,2285.773483,236.0,1.760219,0
55.0,190.0,113.5586,0.0589,387.3833,0.0358,3.5328,47.0,148.0,102.4922,-3.329807,1368.547722,101.0,0.985441,0
24.0,182.0,108.0859,0.0566,379.5084,0.0353,3.5302,93.0,222.0,154.707,-3.343872,1339.740554,129.0,0.833834,0
19.0,176.0,93.3633,0.0703,511.6166,0.0276,3.7177,155.0,227.0,185.0664,-3.58994,1902.037034,72.0,0.38905,0
11.0,199.0,111.0195,0.0938,972.0583,0.0239,3.9395,152.0,234.0,178.4883,-3.733877,3829.423673,82.0,0.459414,0
12.0,166.0,81.5664,0.0862,802.5792,0.0237,3.8782,153.0,229.0,188.4922,-3.74228,3112.562653,76.0,0.4032,0
9.0,167.0,61.8086,0.0704,536.7501,0.0289,3.7088,155.0,231.0,200.7109,-3.543914,1990.698771,76.0,0.378654,0
17.0,157.0,68.3047,0.056,342.5375,0.0335,3.544,157.0,227.0,196.1602,-3.39621,1213.9529,70.0,0.356851,0
5.0,174.0,81.8438,0.061,410.7584,0.0314,3.6298,153.0,236.0,188.5625,-3.460947,1490.97084,83.0,0.440172,0
6.0,167.0,50.168,0.0772,754.1251,0.0279,3.8231,157.0,237.0,210.418,-3.579129,2883.09567,80.0,0.380196,0
7.0,177.0,81.7383,0.109,1259.3628,0.0214,4.0212,157.0,236.0,194.1172,-3.844364,5064.149691,79.0,0.406971,0
10.0,157.0,71.6641,0.0954,959.3207,0.0227,3.9584,155.0,237.0,199.5195,-3.78539,3797.375059,82.0,0.410987,0
6.0,135.0,56.3633,0.0805,749.2582,0.0265,3.855,165.0,241.0,208.1563,-3.630611,2888.390361,76.0,0.36511,0
7.0,155.0,44.6367,0.0653,549.5833,0.0362,3.6145,161.0,240.0,215.7852,-3.318696,1986.468838,79.0,0.366105,0
7.0,179.0,81.9336,0.0796,701.3708,0.025,3.8536,153.0,238.0,194.7969,-3.688879,2702.802515,85.0,0.436352,0
7.0,176.0,81.75,0.0976,1012.6793,0.0217,3.999,153.0,238.0,193.0781,-3.830443,4049.704521,85.0,0.440236,0
9.0,182.0,75.8359,0.1063,1156.5585,0.0199,4.0436,155.0,237.0,199.1133,-3.917036,4676.659951,82.0,0.411826,0
11.0,183.0,80.6367,0.1057,1190.2375,0.0212,4.0224,155.0,234.0,197.3398,-3.853754,4787.61132,79.0,0.400325,0
14.0,192.0,97.6016,0.0854,758.9916,0.0238,3.8802,155.0,233.0,186.6211,-3.73807,2945.039206,78.0,0.417959,0
10.0,177.0,81.7539,0.0744,577.2333,0.0269,3.7812,154.0,236.0,193.4258,-3.615629,2182.634554,82.0,0.423935,0
8.0,151.0,59.1992,0.0832,721.5791,0.0235,3.8948,158.0,234.0,205.9375,-3.750755,2810.406279,76.0,0.369044,0
7.0,152.0,29.6172,0.0472,336.2209,0.0535,3.3347,166.0,236.0,222.5391,-2.928074,1121.195835,70.0,0.314551,0
9.0,157.0,38.3633,0.0559,497.275,0.0497,3.4708,154.0,234.0,216.7461,-3.00175,1725.94207,80.0,0.369095,0
7.0,91.0,25.6641,0.0403,266.9459,0.065,3.1878,192.0,237.0,225.2227,-2.733368,850.97014,45.0,0.199802,0
7.0,85.0,13.6797,0.018,85.6792,0.1923,2.2792,198.0,239.0,232.918,-1.648699,195.280033,41.0,0.176028,0
4.0,162.0,39.875,0.0592,519.0958,0.0416,3.5424,155.0,239.0,218.332,-3.179655,1838.844962,84.0,0.384735,0
5.0,179.0,44.8711,0.0549,455.2959,0.0444,3.4642,155.0,240.0,213.4922,-3.114516,1577.236057,85.0,0.398141,0
10.0,200.0,98.3945,0.1145,1335.8457,0.0177,4.1446,154.0,236.0,184.3867,-4.034191,5536.546088,82.0,0.444718,0
6.0,169.0,61.4141,0.0703,636.0584,0.0303,3.7068,155.0,239.0,204.5977,-3.496608,2357.741277,84.0,0.410562,0
9.0,149.0,52.8516,0.069,545.2167,0.0307,3.6996,160.0,236.0,207.9727,-3.483493,2017.083703,76.0,0.365433,0
7.0,176.0,69.7461,0.0907,964.5916,0.0238,3.939,155.0,233.0,197.6406,-3.73807,3799.526312,78.0,0.394656,0
4.0,181.0,51.957,0.1034,1252.1793,0.0219,4.0446,155.0,239.0,211.4727,-3.821269,5064.564397,84.0,0.397214,0
5.0,169.0,39.3125,0.072,868.6791,0.0431,3.6115,77.0,237.0,203.2266,-3.144232,3137.23457,160.0,0.787299,0
15.0,156.0,58.0195,0.0771,705.1,0.0256,3.871,49.0,215.0,154.1484,-3.665163,2729.4421,166.0,1.076884,0
8.0,155.0,46.4492,0.0799,861.025,0.0295,3.772,107.0,227.0,189.1602,-3.523365,3247.7863,120.0,0.634383,0
13.0,212.0,119.1836,0.1103,1218.421,0.0199,4.0848,134.0,228.0,169.3594,-3.917036,4977.006101,94.0,0.555033,0
5.0,199.0,90.0664,0.105,1170.2292,0.0201,4.0665,151.0,235.0,187.7969,-3.907035,4758.737042,84.0,0.447292,0
5.0,208.0,118.9336,0.0953,1033.9834,0.0233,3.9536,148.0,235.0,174.0664,-3.759302,4087.95677,87.0,0.499809,0
10.0,194.0,85.7891,0.107,1210.7958,0.0202,4.0416,150.0,231.0,189.0039,-3.902073,4893.552305,81.0,0.428563,0
9.0,203.0,110.4414,0.092,845.2166,0.0219,3.9473,154.0,235.0,179.0625,-3.821269,3336.323485,81.0,0.452356,0
9.0,206.0,87.8633,0.0928,975.2958,0.0222,3.9753,153.0,233.0,190.0977,-3.807663,3877.093394,80.0,0.420836,0
12.0,194.0,92.2617,0.0963,926.2626,0.0235,3.9297,154.0,232.0,186.7617,-3.750755,3639.934139,78.0,0.417645,0
16.0,191.0,93.1797,0.0832,666.0958,0.0252,3.8207,155.0,230.0,184.8125,-3.680911,2544.952223,75.0,0.405817,0
15.0,190.0,82.2031,0.0769,628.6542,0.0249,3.8413,157.0,231.0,192.8516,-3.692887,2414.849378,74.0,0.383715,0
16.0,147.0,82.3711,0.0734,541.6792,0.0277,3.7327,161.0,231.0,191.6836,-3.586323,2021.92595,70.0,0.365185,0
18.0,151.0,95.1094,0.0599,376.5375,0.034,3.5603,158.0,230.0,182.4023,-3.381395,1340.586461,72.0,0.394732,0
8.0,166.0,82.6172,0.07,584.5459,0.0308,3.6982,157.0,238.0,192.1016,-3.480241,2161.767647,81.0,0.421652,0
9.0,168.0,59.6367,0.0847,731.1208,0.0267,3.8296,157.0,237.0,207.6719,-3.623092,2799.900216,80.0,0.385223,0
8.0,157.0,53.9492,0.0932,974.6835,0.0232,3.9754,158.0,237.0,210.4531,-3.763603,3874.756786,79.0,0.375381,0
9.0,169.0,62.7578,0.0983,1106.2377,0.0228,3.9603,159.0,237.0,205.793,-3.780995,4381.033163,78.0,0.379022,0
9.0,168.0,61.2461,0.0965,1016.0208,0.0231,3.9787,160.0,237.0,206.957,-3.767923,4042.441957,77.0,0.372058,0
8.0,176.0,66.5781,0.0909,856.1791,0.0226,3.9287,154.0,238.0,204.1563,-3.789805,3363.67083,84.0,0.411449,0
10.0,169.0,73.5078,0.09,813.9791,0.0235,3.9079,155.0,236.0,197.6133,-3.750755,3180.948925,81.0,0.409891,0
11.0,164.0,76.7344,0.0906,850.8666,0.0228,3.9261,156.0,232.0,195.4453,-3.780995,3340.587358,76.0,0.388856,0
12.0,172.0,66.0625,0.098,1007.3666,0.022,3.9745,157.0,236.0,202.6523,-3.816713,4003.778552,79.0,0.38983,0
10.0,161.0,54.9258,0.0749,605.9542,0.0275,3.7693,157.0,234.0,207.8125,-3.593569,2284.023166,77.0,0.370526,0
10.0,136.0,52.9727,0.0876,803.9916,0.0232,3.9174,161.0,234.0,210.5117,-3.763603,3149.556694,73.0,0.346774,0
8.0,192.0,74.6133,0.0869,783.6541,0.0236,3.9067,157.0,236.0,198.8164,-3.746509,3061.501472,79.0,0.397352,0
5.0,169.0,52.5195,0.0788,676.7958,0.0257,3.8378,159.0,239.0,209.7813,-3.661264,2597.406921,80.0,0.38135,0
4.0,195.0,79.8555,0.103,1316.2625,0.0217,4.0632,155.0,239.0,196.1289,-3.830443,5348.23779,84.0,0.42829,0
9.0,178.0,84.1758,0.0927,939.0333,0.0223,3.9821,150.0,232.0,190.4453,-3.803169,3739.324504,82.0,0.43057,0
19.0,157.0,72.3438,0.0539,328.5458,0.0359,3.5149,132.0,224.0,179.5234,-3.327018,1154.805632,92.0,0.512468,0
12.0,164.0,71.207,0.0667,490.4792,0.031,3.6417,153.0,228.0,190.582,-3.473768,1786.178103,75.0,0.393531,0
4.0,110.0,25.8867,0.0375,217.5208,0.0594,3.1677,173.0,237.0,223.5117,-2.823461,689.040638,64.0,0.286338,0
5.0,159.0,33.4922,0.0589,547.9667,0.0469,3.5205,161.0,237.0,218.1133,-3.059738,1929.116767,76.0,0.348443,0
5.0,203.0,73.3633,0.1002,1120.4918,0.0215,4.0562,121.0,237.0,196.4141,-3.839702,4544.938839,116.0,0.590589,0
17.0,166.0,79.8828,0.0999,998.5709,0.0215,3.9892,119.0,228.0,174.6563,-3.839702,3983.499034,109.0,0.624083,0
7.0,170.0,72.9219,0.1108,1265.1292,0.0201,4.0854,143.0,237.0,193.1367,-3.907035,5168.558834,94.0,0.486702,0
4.0,160.0,41.6055,0.0551,539.5708,0.074,3.303,139.0,236.0,201.6289,-2.60369,1782.202352,97.0,0.481082,0
4.0,26.0,6.0469,0.0042,6.125,0.3643,1.3269,219.0,239.0,233.8672,-1.009778,8.127263,20.0,0.085519,0
5.0,151.0,23.0742,0.0395,366.2625,0.098,2.949,156.0,236.0,222.9531,-2.322788,1080.108112,80.0,0.35882,0
7.0,182.0,46.8984,0.0909,1026.0416,0.0242,3.9653,164.0,237.0,212.6016,-3.721403,4068.562756,73.0,0.343365,0
7.0,199.0,60.8281,0.1095,1329.2,0.021,4.07,157.0,233.0,205.2422,-3.863233,5409.844,76.0,0.370294,0
6.0,189.0,55.3633,0.0949,1084.2374,0.0245,3.9608,157.0,238.0,211.6875,-3.709082,4294.447494,81.0,0.38264,0
5.0,195.0,56.0664,0.0716,610.6334,0.0348,3.6841,157.0,240.0,211.9922,-3.358138,2249.634509,83.0,0.391524,0
5.0,179.0,32.0039,0.0635,671.1791,0.0465,3.5064,158.0,240.0,225.4648,-3.068303,2353.422396,82.0,0.363693,0
7.0,205.0,96.7656,0.0883,890.475,0.0241,3.919,155.0,239.0,189.6523,-3.725543,3489.771525,84.0,0.442916,0
17.0,184.0,108.1953,0.0688,522.4084,0.03,3.6742,157.0,230.0,178.6992,-3.506558,1919.432943,73.0,0.408508,0
7.0,135.0,46.2461,0.0674,506.3292,0.031,3.6778,172.0,242.0,216.9023,-3.473768,1862.177532,70.0,0.322726,0
6.0,99.0,27.8125,0.0497,347.3833,0.0493,3.4062,195.0,245.0,229.6133,-3.009831,1183.256996,50.0,0.217757,0
7.0,173.0,57.7227,0.0826,740.6124,0.0241,3.8884,165.0,246.0,212.5938,-3.725543,2879.797256,81.0,0.381008,0
5.0,135.0,34.6055,0.0605,509.9125,0.0406,3.5574,168.0,245.0,224.7344,-3.203987,1813.962728,77.0,0.342627,0
6.0,149.0,32.5234,0.0634,508.3959,0.0325,3.6579,164.0,240.0,223.9961,-3.426515,1859.661363,76.0,0.339292,0
7.0,129.0,35.8242,0.0527,336.8209,0.0359,3.5174,174.0,238.0,221.6133,-3.327018,1184.733834,64.0,0.288791,0
7.0,172.0,58.2617,0.0742,663.0291,0.0298,3.7484,157.0,238.0,210.1133,-3.513247,2485.298278,81.0,0.385506,0
9.0,155.0,53.3086,0.0705,601.7209,0.0287,3.7518,156.0,237.0,210.8516,-3.550858,2257.536473,81.0,0.384156,0
7.0,113.0,24.125,0.0381,204.9541,0.0573,3.1813,179.0,239.0,228.6289,-2.859455,652.020478,60.0,0.262434,0
9.0,163.0,68.0664,0.0718,609.1292,0.0288,3.7692,155.0,236.0,202.3242,-3.54738,2295.929781,81.0,0.400348,0
9.0,160.0,53.2227,0.0671,520.775,0.0336,3.641,168.0,236.0,211.3633,-3.393229,1896.141775,68.0,0.321721,0
3.0,192.0,48.5273,0.0766,834.225,0.0361,3.6983,158.0,242.0,216.1484,-3.321462,3085.214318,84.0,0.388622,0
3.0,197.0,39.0938,0.0654,738.8542,0.0494,3.55,158.0,242.0,220.8906,-3.007805,2622.93241,84.0,0.380279,0
3.0,99.0,9.7109,0.0177,155.2125,0.2399,2.0188,186.0,240.0,232.8398,-1.427533,313.342995,54.0,0.231919,0
5.0,194.0,60.3906,0.0647,714.4125,0.0563,3.432,110.0,238.0,193.1016,-2.877061,2451.8637,128.0,0.662863,0
19.0,198.0,119.2266,0.0896,797.5833,0.023,3.9163,106.0,223.0,154.4883,-3.772261,3123.575478,117.0,0.757339,0
14.0,188.0,94.4922,0.0796,683.9791,0.0261,3.8232,149.0,228.0,182.5742,-3.64582,2614.988895,79.0,0.432701,0
13.0,204.0,77.5039,0.072,563.7542,0.0282,3.7413,154.0,231.0,193.2383,-3.568433,2109.173588,77.0,0.398472,0
7.0,185.0,77.6406,0.0818,730.0624,0.0239,3.899,156.0,236.0,194.5938,-3.733877,2846.513298,80.0,0.411113,0
5.0,197.0,49.6719,0.0797,846.6208,0.0328,3.7648,157.0,237.0,212.7734,-3.417327,3187.357988,80.0,0.375987,0
11.0,205.0,101.9063,0.1196,1517.5291,0.0189,4.1189,119.0,233.0,174.2461,-3.968593,6250.55061,114.0,0.654247,0
9.0,174.0,94.5391,0.0977,930.6917,0.0226,3.9147,124.0,236.0,178.8594,-3.789805,3643.378798,112.0,0.62619,0
7.0,166.0,75.5547,0.0868,881.9709,0.0257,3.8929,154.0,237.0,197.1445,-3.661264,3433.424517,83.0,0.421011,0
6.0,158.0,54.6758,0.0455,261.1667,0.0462,3.3528,135.0,237.0,200.1289,-3.074775,875.639712,102.0,0.509672,0
7.0,118.0,41.1797,0.0486,274.5833,0.0395,3.4183,135.0,233.0,199.1094,-3.231455,938.608094,98.0,0.492192,0
8.0,148.0,60.2891,0.0838,743.9418,0.0264,3.8347,113.0,234.0,197.9453,-3.634391,2852.79362,121.0,0.61128,0
6.0,147.0,57.4727,0.078,646.0667,0.0261,3.8201,94.0,234.0,179.5977,-3.64582,2468.039401,140.0,0.77952,0
5.0,125.0,31.7891,0.0647,506.9751,0.031,3.7064,166.0,239.0,219.3828,-3.473768,1879.052511,73.0,0.332752,0
4.0,115.0,23.5625,0.0481,334.6917,0.046,3.3952,178.0,240.0,228.1953,-3.079114,1136.34526,62.0,0.271697,0
4.0,89.0,9.9727,0.0184,100.0833,0.1507,2.3928,193.0,240.0,236.6875,-1.892464,239.47932,47.0,0.198574,0
5.0,181.0,27.1992,0.0422,274.2542,0.0514,3.2698,166.0,243.0,229.8906,-2.968117,896.756383,77.0,0.334942,0
24.0,191.0,106.293,0.0944,926.1833,0.0221,3.9808,159.0,232.0,189.082,-3.812178,3686.950481,73.0,0.386076,0
10.0,172.0,72.832,0.0913,845.2084,0.0238,3.8982,169.0,242.0,206.75,-3.73807,3294.791385,73.0,0.353083,0
8.0,155.0,64.8047,0.0831,734.7458,0.0237,3.8797,168.0,246.0,212.2422,-3.74228,2850.59328,78.0,0.367505,0
7.0,149.0,31.9336,0.0555,397.1833,0.037,3.5461,174.0,246.0,231.543,-3.296837,1408.4517,72.0,0.310957,0
5.0,97.0,18.0469,0.0297,145.2167,0.0749,2.9374,195.0,246.0,238.5859,-2.591601,426.559535,51.0,0.213759,0
6.0,97.0,21.6563,0.0361,214.9833,0.0709,3.0889,189.0,245.0,232.6836,-2.646485,664.061915,56.0,0.24067,0
7.0,107.0,24.6172,0.0404,277.175,0.0661,3.1474,184.0,239.0,228.0273,-2.716587,872.380595,55.0,0.241199,0
9.0,147.0,47.1484,0.0667,491.6958,0.0291,3.7068,170.0,237.0,215.8594,-3.537017,1822.617991,67.0,0.310387,0
10.0,130.0,48.9297,0.0631,452.2875,0.0324,3.6019,168.0,237.0,213.5742,-3.429597,1629.094346,69.0,0.323073,0
8.0,100.0,31.5313,0.0461,237.7875,0.0418,3.3771,182.0,238.0,223.4258,-3.174859,803.032166,56.0,0.250642,0
9.0,144.0,43.7813,0.0524,311.1583,0.0369,3.491,168.0,236.0,216.6719,-3.299544,1086.253625,68.0,0.313839,0
8.0,135.0,35.7891,0.0435,248.7542,0.0477,3.3191,166.0,238.0,220.3789,-3.042824,825.640065,72.0,0.32671,0
3.0,108.0,21.1289,0.0368,212.8416,0.0615,3.1543,177.0,242.0,230.3398,-2.788718,671.366259,65.0,0.282192,0
3.0,161.0,20.4297,0.042,391.7667,0.0797,3.0768,167.0,242.0,230.7305,-2.529486,1205.387783,75.0,0.325055,0
3.0,135.0,25.7148,0.0501,468.2125,0.0549,3.3593,190.0,240.0,228.4063,-2.902242,1572.866251,50.0,0.218908,0
8.0,199.0,107.8203,0.1102,1258.2792,0.0193,4.0985,157.0,237.0,185.2891,-3.94765,5157.057301,80.0,0.431758,0
6.0,199.0,74.3047,0.0856,861.6916,0.0239,3.8904,159.0,239.0,197.3828,-3.733877,3352.325001,80.0,0.405304,0
11.0,201.0,83.6602,0.1004,1033.2999,0.0218,3.9614,155.0,236.0,193.1172,-3.825845,4093.314224,81.0,0.419434,0
7.0,206.0,80.8594,0.1137,1413.9001,0.0207,4.0714,153.0,239.0,198.2578,-3.877622,5756.552867,86.0,0.433779,0
33.0,198.0,110.8477,0.099,1001.7667,0.021,4.0203,155.0,221.0,177.875,-3.863233,4027.402664,66.0,0.371047,0
18.0,183.0,90.6641,0.092,850.8126,0.0253,3.8893,155.0,231.0,187.6992,-3.676951,3309.065445,76.0,0.404903,0
9.0,208.0,107.1836,0.1311,1811.196,0.0181,4.2016,105.0,235.0,172.7617,-4.011843,7609.921114,130.0,0.752482,0
7.0,166.0,79.1953,0.0908,832.1459,0.0232,3.9338,129.0,236.0,184.6719,-3.763603,3273.495541,107.0,0.579406,0
5.0,171.0,55.4023,0.0767,674.8625,0.0269,3.7863,162.0,239.0,211.4023,-3.615629,2555.231884,77.0,0.364234,0
8.0,194.0,89.3789,0.0912,869.4418,0.0243,3.9166,161.0,237.0,194.5469,-3.717279,3405.255754,76.0,0.390651,0
6.0,120.0,23.3164,0.0402,227.4375,0.0563,3.2069,191.0,238.0,227.3477,-2.877061,729.369319,47.0,0.206732,0
7.0,179.0,50.6641,0.0767,687.8125,0.026,3.8365,160.0,241.0,213.8125,-3.649659,2638.792656,81.0,0.378837,0
7.0,140.0,45.8047,0.0689,522.4583,0.0291,3.7042,107.0,241.0,202.4219,-3.537017,1935.290035,134.0,0.661984,0
5.0,108.0,41.4375,0.0476,309.8459,0.0496,3.3605,159.0,239.0,208.8672,-3.003764,1041.237147,80.0,0.383018,0
4.0,67.0,9.3906,0.0111,41.6625,0.2902,1.8623,205.0,240.0,237.0977,-1.237185,77.588074,35.0,0.147618,0
5.0,79.0,16.1094,0.0254,96.9042,0.0814,2.8306,200.0,242.0,234.1055,-2.50838,274.297029,42.0,0.179406,0
5.0,105.0,20.9688,0.0398,229.7875,0.0575,3.1856,191.0,244.0,234.332,-2.85597,732.01106,53.0,0.226175,0
5.0,198.0,45.3047,0.091,1190.975,0.0364,3.7735,164.0,243.0,222.8984,-3.313187,4494.144162,79.0,0.354422,0
9.0,151.0,47.8555,0.0857,826.0541,0.0238,3.9113,174.0,246.0,220.4492,-3.73807,3230.945401,72.0,0.326606,0
7.0,142.0,52.8789,0.0869,792.8376,0.0244,3.8633,173.0,247.0,220.8047,-3.713172,3062.9695,74.0,0.335138,0
7.0,135.0,47.7227,0.0653,483.2458,0.0317,3.6513,184.0,246.0,223.3633,-3.451439,1764.47539,62.0,0.277575,0
8.0,127.0,48.5703,0.0594,390.9709,0.0324,3.5908,182.0,246.0,221.0469,-3.429597,1403.898308,64.0,0.289531,0
7.0,128.0,37.2461,0.0532,328.7125,0.038,3.4762,183.0,245.0,226.4727,-3.270169,1142.670392,62.0,0.273764,0
7.0,129.0,19.4648,0.0327,183.6667,0.08,2.9691,176.0,239.0,232.0781,-2.525729,545.324799,63.0,0.27146,0
7.0,120.0,37.2461,0.0545,400.5667,0.0418,3.528,179.0,239.0,221.7539,-3.174859,1413.199318,60.0,0.27057,0
9.0,142.0,46.2734,0.0735,646.0417,0.0288,3.747,166.0,242.0,218.0313,-3.54738,2420.71825,76.0,0.348574,0
11.0,144.0,57.0117,0.0663,477.6208,0.0294,3.6929,170.0,242.0,212.1836,-3.526761,1763.805852,72.0,0.339329,0
10.0,130.0,42.8125,0.0586,402.3584,0.0339,3.5997,174.0,237.0,217.7031,-3.38434,1448.369532,63.0,0.289385,0
12.0,122.0,47.6953,0.06,383.6125,0.033,3.5835,176.0,235.0,213.3672,-3.411248,1374.675394,59.0,0.276519,0
3.0,155.0,50.4961,0.0648,492.1625,0.0314,3.6532,162.0,242.0,211.5273,-3.460947,1797.968045,80.0,0.378202,0
3.0,185.0,65.4102,0.0886,923.5084,0.0247,3.8822,159.0,240.0,204.1914,-3.700952,3585.24431,81.0,0.396687,0
3.0,153.0,19.3945,0.0287,238.55,0.1743,2.5138,173.0,242.0,232.1445,-1.746977,599.66699,69.0,0.297229,0
6.0,206.0,91.625,0.1186,1434.1835,0.0182,4.1457,158.0,240.0,193.4961,-4.006334,5945.694536,82.0,0.423781,0
5.0,157.0,45.293,0.0906,1006.1542,0.025,3.9493,161.0,240.0,216.2422,-3.688879,3973.604782,79.0,0.365331,0
5.0,151.0,46.3125,0.092,986.0541,0.0233,3.9459,165.0,240.0,215.5352,-3.759302,3890.870873,75.0,0.347971,0
6.0,167.0,65.9844,0.0916,917.9167,0.0229,3.9592,159.0,240.0,204.5313,-3.776618,3634.215799,81.0,0.396027,0
22.0,194.0,100.1641,0.106,1144.4333,0.02,4.0494,159.0,227.0,186.8672,-3.912023,4634.268205,68.0,0.363895,0
16.0,195.0,95.4258,0.1085,1181.0459,0.0196,4.0853,157.0,231.0,190.1133,-3.932226,4824.926815,74.0,0.389242,0
12.0,186.0,114.2969,0.0904,843.9,0.0223,3.9453,122.0,231.0,169.7031,-3.803169,3329.43867,109.0,0.642298,0
20.0,171.0,92.9023,0.0926,903.6375,0.0231,3.943,142.0,227.0,179.1836,-3.767923,3563.042663,85.0,0.474374,0
8.0,180.0,97.2383,0.1108,1161.3209,0.0196,4.0717,160.0,236.0,188.5898,-3.932226,4728.550309,76.0,0.402991,0
12.0,187.0,70.8711,0.0997,1056.1833,0.0214,3.9997,168.0,235.0,206.0313,-3.844364,4224.416345,67.0,0.325193,0
7.0,148.0,38.0195,0.0719,664.7792,0.0304,3.7144,176.0,239.0,221.918,-3.493313,2469.25586,63.0,0.283889,0
7.0,134.0,34.6992,0.0738,694.3834,0.0314,3.7299,184.0,239.0,224.5898,-3.460947,2589.980644,55.0,0.244891,0
6.0,139.0,33.9648,0.0713,631.9625,0.0302,3.7262,184.0,240.0,224.0313,-3.499913,2354.818667,56.0,0.249965,0
5.0,108.0,29.1602,0.0322,176.3417,0.0855,2.9861,176.0,239.0,218.1758,-2.459239,526.57395,63.0,0.288758,0
5.0,124.0,21.9531,0.0341,194.2583,0.0704,3.0476,176.0,240.0,229.5078,-2.653562,592.021595,64.0,0.278858,0
6.0,103.0,31.9336,0.0571,401.5834,0.0377,3.5204,187.0,240.0,226.6953,-3.278095,1413.734201,53.0,0.233794,0
6.0,104.0,22.457,0.0334,156.1417,0.0603,3.0992,187.0,242.0,232.707,-2.808423,483.914357,55.0,0.236349,0
7.0,135.0,36.2227,0.0585,425.4126,0.0343,3.5926,179.0,242.0,225.8789,-3.37261,1528.337307,63.0,0.278911,0
10.0,163.0,67.668,0.1012,1031.3042,0.0204,4.0399,169.0,245.0,212.0195,-3.89222,4166.365838,76.0,0.358458,0
8.0,160.0,66.6836,0.0861,814.446,0.0237,3.8993,169.0,246.0,213.7773,-3.74228,3175.769288,77.0,0.360188,0
9.0,184.0,71.3477,0.0987,1027.7041,0.0229,3.95,166.0,246.0,210.6055,-3.776618,4059.431195,80.0,0.379857,0
9.0,190.0,66.1133,0.0845,742.0458,0.0253,3.8272,164.0,246.0,212.1055,-3.676951,2839.957686,82.0,0.3866,0
7.0,118.0,28.6367,0.042,254.1792,0.0548,3.1972,185.0,245.0,230.6875,-2.904065,812.661738,60.0,0.260092,0
8.0,112.0,34.6016,0.0451,255.5917,0.0454,3.3419,187.0,239.0,224.0938,-3.092243,854.161902,52.0,0.232046,0
7.0,95.0,17.0156,0.0228,84.4333,0.1009,2.7056,193.0,239.0,232.7109,-2.293625,228.442736,46.0,0.19767,0
9.0,148.0,52.4805,0.069,559.2917,0.0306,3.7014,166.0,240.0,213.082,-3.486755,2070.162298,74.0,0.347284,0
7.0,134.0,45.6914,0.0808,752.5624,0.0286,3.7969,171.0,245.0,220.9219,-3.554349,2857.404177,74.0,0.33496,0
7.0,115.0,30.7227,0.0492,327.5625,0.0499,3.3836,187.0,245.0,229.8906,-2.997734,1108.340475,58.0,0.252294,0
11.0,120.0,46.2813,0.0556,338.5959,0.035,3.5114,176.0,239.0,216.0859,-3.352407,1188.945643,63.0,0.291551,0
2.0,205.0,69.0469,0.0886,1180.2876,0.0506,3.6975,158.0,242.0,206.7188,-2.983804,4364.113401,84.0,0.406349,0
9.0,209.0,89.4766,0.1182,1490.5878,0.0181,4.193,158.0,236.0,191.3047,-4.011843,6250.034645,78.0,0.407727,0
5.0,153.0,45.6563,0.0884,1035.2167,0.0282,3.8879,164.0,241.0,216.1875,-3.568433,4024.819008,77.0,0.356172,0
5.0,166.0,53.875,0.1003,1156.6749,0.0208,4.0542,164.0,241.0,211.7656,-3.872802,4689.39138,77.0,0.36361,0
15.0,176.0,86.4063,0.0999,1055.2375,0.0209,4.0607,159.0,227.0,190.2969,-3.868006,4285.002916,68.0,0.357336,0
5.0,179.0,68.2656,0.0853,886.5667,0.0256,3.9162,158.0,238.0,200.4766,-3.665163,3471.972511,80.0,0.399049,0
7.0,186.0,79.3828,0.089,820.0502,0.0238,3.9122,150.0,238.0,197.5703,-3.73807,3208.200392,88.0,0.445411,0
27.0,190.0,105.0703,0.1127,1334.292,0.0197,4.099,155.0,223.0,183.8086,-3.927137,5469.262908,68.0,0.36995,0
25.0,212.0,124.1836,0.123,1529.4249,0.0177,4.1849,157.0,226.0,177.9297,-4.034191,6400.490264,69.0,0.387794,0
47.0,221.0,125.4492,0.1125,1242.8458,0.0216,4.0017,135.0,210.0,168.1211,-3.835062,4973.496038,75.0,0.446107,0
5.0,157.0,52.8281,0.0808,734.5125,0.0263,3.8249,140.0,238.0,205.1055,-3.638186,2809.436861,98.0,0.477803,0
5.0,179.0,59.4805,0.0965,1060.9875,0.0225,3.9638,164.0,239.0,210.7344,-3.79424,4205.542252,75.0,0.355898,0
6.0,160.0,47.332,0.0836,777.975,0.0247,3.8945,176.0,240.0,218.8516,-3.700952,3029.823638,64.0,0.292436,0
8.0,147.0,54.0781,0.0931,994.0626,0.0233,3.9681,183.0,237.0,216.8086,-3.759302,3944.539803,54.0,0.249068,0
8.0,169.0,51.7969,0.0923,926.5541,0.0231,3.9487,178.0,239.0,217.2109,-3.767923,3658.684175,61.0,0.280833,0
7.0,131.0,45.832,0.0669,495.6709,0.03,3.6778,183.0,239.0,219.543,-3.506558,1822.978436,56.0,0.255075,0
8.0,161.0,53.1133,0.0846,785.0792,0.0256,3.8532,161.0,236.0,210.7227,-3.665163,3025.067173,75.0,0.355918,0
7.0,148.0,60.3711,0.0903,874.175,0.0232,3.9151,166.0,238.0,207.4219,-3.763603,3422.482542,72.0,0.347119,0
6.0,113.0,29.5977,0.0527,354.95,0.0377,3.5318,189.0,240.0,228.0508,-3.278095,1253.61241,51.0,0.223634,0
6.0,114.0,20.1016,0.026,147.8542,0.1073,2.7379,188.0,240.0,232.6719,-2.232127,404.810014,52.0,0.223491,0
9.0,165.0,63.1211,0.1005,1057.4541,0.0217,3.9946,177.0,244.0,214.7266,-3.830443,4224.106148,67.0,0.312025,0
9.0,178.0,73.6563,0.1188,1567.1584,0.0197,4.1249,169.0,247.0,211.3828,-3.927137,6464.371684,78.0,0.368999,0
7.0,177.0,47.2227,0.0946,958.2416,0.0225,3.9832,165.0,247.0,225.5039,-3.79424,3816.867941,82.0,0.36363,0
7.0,120.0,38.2266,0.0648,459.1791,0.0311,3.6472,193.0,247.0,229.3086,-3.470547,1674.718014,54.0,0.235491,0
9.0,195.0,58.0,0.0837,805.3749,0.0264,3.8334,167.0,245.0,217.2734,-3.634391,3087.324142,78.0,0.358995,0
9.0,142.0,47.6602,0.0695,562.2833,0.0284,3.7296,174.0,240.0,217.6953,-3.561366,2097.091796,66.0,0.303176,0
9.0,147.0,34.7109,0.0557,390.6625,0.0402,3.4943,174.0,239.0,223.8047,-3.213888,1365.091974,65.0,0.290432,0
8.0,81.0,19.1328,0.027,126.6667,0.0884,2.8506,204.0,244.0,234.1641,-2.425883,361.076095,40.0,0.17082,0
9.0,152.0,51.8789,0.065,476.425,0.0308,3.6783,169.0,243.0,215.7852,-3.480241,1752.434078,74.0,0.342934,0
7.0,97.0,32.2031,0.0395,199.3667,0.0515,3.2268,191.0,245.0,228.8828,-2.966173,643.316468,54.0,0.235929,0
7.0,95.0,20.5586,0.029,123.3625,0.0709,2.98,193.0,245.0,236.1406,-2.646485,367.62025,52.0,0.220208,0
12.0,172.0,84.2109,0.073,547.5917,0.0275,3.7418,159.0,238.0,199.3672,-3.593569,2048.978623,79.0,0.396254,0
2.0,153.0,23.4492,0.0514,595.8793,0.1139,2.9886,161.0,241.0,227.7656,-2.172434,1780.844876,80.0,0.351238,0
4.0,229.0,84.9727,0.1747,3211.4753,0.0145,4.3708,159.0,239.0,200.0469,-4.233607,14036.716241,80.0,0.399906,0
5.0,205.0,84.6445,0.1056,1245.9875,0.0221,4.0376,159.0,239.0,198.4531,-3.812178,5030.79913,80.0,0.403118,0
4.0,204.0,74.3203,0.1226,1922.7754,0.0205,4.1544,161.0,240.0,203.7539,-3.88733,7987.978122,79.0,0.387723,0
4.0,190.0,67.8711,0.1073,1423.5292,0.0216,4.0542,159.0,240.0,204.5938,-3.835062,5771.272083,81.0,0.395906,0
5.0,205.0,31.582,0.0675,874.6625,0.0537,3.4908,161.0,242.0,222.8672,-2.924342,3053.271855,81.0,0.363445,0
7.0,229.0,87.8516,0.1242,1691.567,0.0178,4.1903,148.0,237.0,194.9102,-4.028557,7088.1732,89.0,0.456621,0
5.0,232.0,109.8516,0.0878,924.4875,0.0315,3.8488,155.0,240.0,189.0508,-3.457768,3558.16749,85.0,0.449615,0
4.0,216.0,85.5938,0.0858,1002.7,0.0335,3.799,155.0,245.0,197.918,-3.39621,3809.2573,90.0,0.454734,0
4.0,152.0,42.0977,0.0762,686.5792,0.0285,3.8058,161.0,244.0,215.4492,-3.557851,2612.983119,83.0,0.385242,0
5.0,166.0,32.3359,0.0665,572.0459,0.0331,3.6781,170.0,242.0,222.5938,-3.408222,2104.042025,72.0,0.323459,0
8.0,187.0,88.5469,0.1025,1119.3625,0.021,4.0111,163.0,241.0,198.1133,-3.863233,4489.874924,78.0,0.393714,0
8.0,148.0,54.7578,0.0866,845.8334,0.0255,3.9003,174.0,239.0,214.457,-3.669077,3299.00401,65.0,0.303091,0
9.0,160.0,57.8633,0.0958,1021.3251,0.022,3.9876,175.0,237.0,214.5625,-3.816713,4072.635969,62.0,0.28896,0
7.0,170.0,65.0078,0.1001,1111.0167,0.0205,4.0335,167.0,239.0,210.7578,-3.88733,4481.285859,72.0,0.341624,0
9.0,120.0,53.8711,0.0815,699.9708,0.0257,3.8255,185.0,239.0,215.2305,-3.661264,2677.738295,54.0,0.250894,0
4.0,155.0,35.7617,0.0653,568.9292,0.0379,3.6201,180.0,242.0,224.9883,-3.272804,2059.580597,62.0,0.27557,0
4.0,81.0,17.0859,0.035,185.1125,0.0627,3.1047,202.0,242.0,233.5898,-2.769394,574.718779,40.0,0.17124,0
7.0,82.0,22.8125,0.038,205.9708,0.0563,3.189,198.0,240.0,230.6133,-2.877061,656.840881,42.0,0.182123,0
7.0,133.0,44.793,0.0695,598.8168,0.0339,3.6727,182.0,243.0,222.5078,-3.38434,2199.274461,61.0,0.274148,0
6.0,168.0,49.3633,0.075,718.3375,0.031,3.7236,180.0,247.0,223.5664,-3.473768,2674.801515,67.0,0.299687,0
7.0,139.0,40.9453,0.0737,613.0292,0.0268,3.7961,188.0,247.0,228.5234,-3.619353,2327.120146,59.0,0.258179,0
9.0,105.0,38.4688,0.0651,481.4042,0.0295,3.6926,194.0,246.0,230.3086,-3.523365,1777.633149,52.0,0.225784,0
10.0,142.0,60.3281,0.084,721.7125,0.0253,3.8436,180.0,245.0,217.918,-3.676951,2773.974165,65.0,0.298277,0
10.0,148.0,61.8398,0.0872,884.9084,0.0236,3.9306,181.0,243.0,215.7539,-3.746509,3478.220957,62.0,0.287364,0
10.0,154.0,50.7695,0.0708,581.3626,0.0297,3.7481,176.0,243.0,219.3281,-3.516608,2179.005161,67.0,0.305478,0
13.0,190.0,63.9414,0.0742,608.5959,0.0282,3.7532,163.0,241.0,213.3594,-3.568433,2284.182132,78.0,0.36558,0
11.0,153.0,68.3281,0.0682,483.3875,0.0291,3.6722,168.0,243.0,209.9297,-3.537017,1775.095578,75.0,0.357262,0
10.0,161.0,60.4297,0.0745,589.8209,0.0266,3.7788,170.0,243.0,213.9102,-3.626844,2228.815217,73.0,0.341265,0
10.0,146.0,51.0273,0.0613,417.4333,0.0307,3.6437,176.0,243.0,218.4023,-3.483493,1521.001715,67.0,0.306773,0
10.0,135.0,42.6641,0.0486,284.1959,0.0415,3.413,174.0,243.0,222.9961,-3.182062,969.960607,69.0,0.309422,0
13.0,194.0,109.4297,0.064,426.8417,0.031,3.637,153.0,241.0,186.4023,-3.473768,1552.423263,88.0,0.472097,0
2.0,119.0,12.082,0.0357,286.2708,0.1026,2.9121,186.0,241.0,234.8555,-2.276917,833.649197,55.0,0.234187,0
2.0,162.0,17.5195,0.0464,560.3834,0.1882,2.6781,181.0,242.0,233.7422,-1.67025,1500.762784,61.0,0.260971,0
3.0,144.0,14.0781,0.037,313.1917,0.1103,2.9208,178.0,241.0,234.6133,-2.204551,914.770317,63.0,0.268527,0
3.0,130.0,23.5547,0.0556,546.8667,0.0668,3.3355,189.0,240.0,230.3477,-2.706052,1824.073878,51.0,0.221404,0
5.0,155.0,58.5313,0.0975,954.0084,0.023,3.9655,173.0,240.0,212.3828,-3.772261,3783.12031,67.0,0.315468,0
5.0,150.0,59.4922,0.0951,909.2542,0.0236,3.9046,175.0,244.0,211.6484,-3.746509,3550.273949,69.0,0.326012,0
3.0,134.0,26.1445,0.0622,540.1666,0.0364,3.6032,174.0,246.0,231.3125,-3.313187,1946.328293,72.0,0.311267,0
3.0,98.0,12.8633,0.033,231.3375,0.1003,2.8913,191.0,247.0,234.8867,-2.29959,668.866114,56.0,0.238413,0
3.0,83.0,16.0156,0.036,186.2708,0.0589,3.1462,202.0,246.0,232.2617,-2.831914,586.045191,44.0,0.189441,0
4.0,128.0,25.418,0.0651,583.0417,0.033,3.6782,184.0,245.0,228.9375,-3.411248,2144.543981,61.0,0.266448,0
3.0,172.0,29.5508,0.0732,800.7667,0.035,3.6856,176.0,245.0,230.8164,-3.352407,2951.30575,69.0,0.298939,0
3.0,173.0,30.832,0.0731,1013.2083,0.0552,3.5274,169.0,245.0,229.9258,-2.896792,3573.990957,76.0,0.330541,0
4.0,182.0,38.4727,0.0804,798.5458,0.0261,3.8382,172.0,240.0,224.6289,-3.64582,3064.97849,68.0,0.302722,0
8.0,178.0,65.5117,0.1076,1328.2583,0.0205,4.0551,171.0,239.0,211.9063,-3.88733,5386.220232,68.0,0.320897,0
3.0,206.0,52.6367,0.0755,1029.5874,0.0942,3.3102,164.0,242.0,219.0195,-2.362335,3408.140211,78.0,0.356133,0
3.0,118.0,16.6289,0.0369,308.7208,0.1242,2.8673,183.0,242.0,235.1836,-2.085862,885.19515,59.0,0.250868,0
4.0,46.0,5.4727,0.0052,13.9708,0.4561,1.2668,222.0,242.0,240.1953,-0.785043,17.698209,20.0,0.083266,0
4.0,71.0,15.0313,0.026,124.8333,0.0943,2.8096,210.0,241.0,235.0117,-2.361274,350.73164,31.0,0.131908,0
6.0,136.0,31.7109,0.0502,382.5833,0.0485,3.4029,177.0,241.0,225.4805,-3.026191,1301.892712,64.0,0.283838,0
7.0,149.0,47.4961,0.0872,819.0165,0.0251,3.8972,177.0,243.0,219.8945,-3.684887,3191.871104,66.0,0.300144,0
7.0,147.0,46.2578,0.0704,571.525,0.0292,3.7264,183.0,247.0,225.0117,-3.533587,2129.73076,64.0,0.28443,0
10.0,176.0,63.418,0.0906,880.8293,0.0227,3.9695,176.0,246.0,217.5781,-3.78539,3496.451906,70.0,0.321724,0
9.0,141.0,48.4844,0.0798,701.4626,0.026,3.855,189.0,246.0,226.5469,-3.649659,2704.138323,57.0,0.251604,0
10.0,154.0,48.8984,0.0806,737.7208,0.0264,3.8117,180.0,246.0,226.2266,-3.634391,2811.970373,66.0,0.291743,0
10.0,175.0,62.5039,0.0871,902.9667,0.0239,3.916,176.0,246.0,218.25,-3.733877,3536.017597,70.0,0.320733,0
12.0,153.0,61.3789,0.087,804.0458,0.0246,3.8746,182.0,244.0,218.8906,-3.705009,3115.355857,62.0,0.283247,0
10.0,174.0,81.0234,0.1048,1070.6042,0.0192,4.0528,166.0,245.0,207.6992,-3.952845,4338.944702,79.0,0.380358,0
12.0,203.0,86.6055,0.0942,936.9333,0.0226,3.9558,163.0,243.0,203.2617,-3.789805,3706.320748,80.0,0.393581,0
10.0,175.0,64.9063,0.0679,514.4625,0.0288,3.724,164.0,243.0,210.9141,-3.54738,1915.85835,79.0,0.37456,0
9.0,124.0,36.8984,0.0561,382.4542,0.0356,3.5538,183.0,245.0,226.957,-3.33541,1359.165736,62.0,0.27318,0
11.0,158.0,47.8906,0.0711,541.6167,0.0274,3.7574,164.0,242.0,220.3672,-3.597212,2035.070589,78.0,0.353955,0
10.0,153.0,50.5859,0.0732,712.0917,0.0362,3.7132,163.0,242.0,217.0117,-3.318696,2644.1389,79.0,0.364036,0
2.0,66.0,7.668,0.0171,88.7792,0.207,2.2351,208.0,242.0,238.1133,-1.575036,198.43039,34.0,0.142789,0
2.0,153.0,27.1914,0.0802,1004.5417,0.0474,3.6897,175.0,242.0,228.4805,-3.049133,3706.45751,67.0,0.293242,0
5.0,203.0,44.6094,0.0976,1097.5084,0.0219,4.0278,167.0,240.0,220.2891,-3.821269,4420.544334,73.0,0.331383,0
4.0,205.0,60.3398,0.1163,1624.7832,0.0201,4.1574,163.0,240.0,213.7813,-3.907035,6754.873676,77.0,0.360181,0
8.0,190.0,75.4492,0.1282,1754.7539,0.018,4.1666,166.0,239.0,203.5781,-4.017384,7311.3576,73.0,0.358585,0
4.0,141.0,46.6445,0.0921,944.8917,0.0226,3.9616,167.0,243.0,217.5547,-3.789805,3743.282959,76.0,0.349337,0
3.0,117.0,13.6172,0.0329,246.2501,0.0928,2.8865,189.0,246.0,238.043,-2.377309,710.800914,57.0,0.239453,0
3.0,63.0,9.2891,0.0241,123.2708,0.114,2.6864,214.0,245.0,239.9141,-2.171557,331.154677,31.0,0.129213,0
5.0,97.0,32.4063,0.0643,508.7542,0.0308,3.6816,191.0,244.0,224.8867,-3.480241,1873.029463,53.0,0.235674,0
3.0,81.0,10.9219,0.0249,129.3042,0.1062,2.72,203.0,247.0,241.1406,-2.242431,351.707424,44.0,0.182466,0
3.0,42.0,7.1406,0.011,29.275,0.2162,2.029,222.0,247.0,242.2109,-1.531551,59.398975,25.0,0.103216,0
4.0,83.0,26.4609,0.0546,333.4792,0.0344,3.5441,204.0,241.0,228.9258,-3.369699,1181.883633,37.0,0.161624,0
5.0,107.0,32.6094,0.067,571.7417,0.0318,3.7088,193.0,240.0,225.3438,-3.448289,2120.475617,47.0,0.20857,0
5.0,170.0,26.0703,0.0656,677.475,0.0358,3.6136,177.0,240.0,229.3398,-3.329807,2448.12366,63.0,0.274702,0
3.0,111.0,17.8164,0.0331,167.1458,0.0639,3.0648,186.0,241.0,232.7109,-2.750436,512.268448,55.0,0.236345,0
3.0,56.0,9.207,0.0124,41.8375,0.2425,2.0399,213.0,242.0,237.1836,-1.416754,85.344316,29.0,0.122268,0
4.0,36.0,8.7266,0.0098,23.9333,0.2362,1.9463,222.0,241.0,237.9102,-1.443076,46.581382,19.0,0.079862,0
7.0,146.0,38.375,0.057,396.1917,0.0355,3.5593,182.0,238.0,221.957,-3.338223,1410.165118,56.0,0.252301,0
5.0,124.0,28.0156,0.0496,322.7208,0.0414,3.4625,188.0,241.0,227.793,-3.184474,1117.42077,53.0,0.232667,0
6.0,195.0,39.8359,0.0785,846.6833,0.0294,3.8006,170.0,241.0,224.2539,-3.526761,3217.90455,71.0,0.316605,0
9.0,182.0,64.7305,0.1194,1549.0294,0.0185,4.1812,175.0,240.0,214.168,-3.989985,6476.801727,65.0,0.3035,0
10.0,176.0,79.8203,0.1277,1600.1918,0.0166,4.2252,174.0,241.0,209.3477,-4.098353,6761.130393,67.0,0.320042,0
6.0,177.0,75.1914,0.13,1686.2124,0.0167,4.2093,174.0,247.0,213.0195,-4.092347,7097.773855,73.0,0.342692,0
8.0,125.0,49.918,0.0819,713.4958,0.0253,3.8677,192.0,245.0,225.3711,-3.676951,2759.587706,53.0,0.235168,0
7.0,179.0,52.6797,0.0886,951.0167,0.0244,3.9361,170.0,247.0,223.1133,-3.713172,3743.296833,77.0,0.345116,0
7.0,155.0,46.0391,0.0966,1041.35,0.0216,4.0122,182.0,249.0,226.7852,-3.835062,4178.10447,67.0,0.295434,0
5.0,137.0,15.1875,0.0257,188.0417,0.1494,2.5417,193.0,249.0,243.1992,-1.901128,477.945589,56.0,0.230264,0
5.0,103.0,10.2656,0.0127,74.0583,0.433,1.5578,197.0,249.0,245.4648,-0.837018,115.36802,52.0,0.211843,0
5.0,144.0,30.6484,0.0561,411.7458,0.036,3.5796,181.0,248.0,233.1172,-3.324236,1473.885266,67.0,0.287409,0
7.0,97.0,20.2109,0.03,130.2333,0.0636,3.0171,197.0,246.0,237.8203,-2.755142,392.926889,49.0,0.206038,0
7.0,113.0,17.457,0.0239,137.1042,0.124,2.6353,186.0,246.0,238.5273,-2.087474,361.310698,60.0,0.251544,0
13.0,179.0,72.4375,0.0683,555.1417,0.0308,3.7069,157.0,240.0,203.4766,-3.480241,2057.854768,83.0,0.407909,0
3.0,76.0,18.0508,0.0486,336.7959,0.0436,3.4188,200.0,242.0,232.3711,-3.132698,1151.437823,42.0,0.180745,0
3.0,166.0,24.5859,0.0763,943.3667,0.0428,3.654,174.0,243.0,231.0938,-3.151217,3447.061922,69.0,0.29858,0
2.0,165.0,34.6133,0.0815,1083.7041,0.0407,3.6904,180.0,242.0,225.457,-3.201527,3999.301611,62.0,0.274997,0
2.0,59.0,4.418,0.0063,22.4333,0.395,1.3598,212.0,243.0,240.7344,-0.92887,30.504801,31.0,0.128773,0
2.0,197.0,25.707,0.0631,945.3751,0.1406,2.9779,168.0,243.0,228.6445,-1.961836,2815.23251,75.0,0.32802,0
3.0,146.0,23.4688,0.0623,691.8958,0.0503,3.4926,186.0,242.0,230.207,-2.98975,2416.515271,56.0,0.243259,0
3.0,125.0,21.3359,0.0621,623.4667,0.0406,3.5612,195.0,242.0,231.918,-3.203987,2220.289612,47.0,0.202658,0
3.0,97.0,12.2773,0.0295,173.4167,0.1014,2.8606,204.0,243.0,237.0938,-2.288682,496.075812,39.0,0.164492,0
3.0,136.0,16.9258,0.0441,333.4041,0.0585,3.2861,187.0,247.0,236.8281,-2.838729,1095.599213,60.0,0.253348,0
4.0,98.0,15.8633,0.0354,215.0417,0.0646,3.0799,202.0,249.0,241.1992,-2.739541,662.306932,47.0,0.19486,0
4.0,99.0,23.6602,0.0414,313.9875,0.0876,3.0892,193.0,249.0,236.5078,-2.434974,969.970185,56.0,0.236779,0
5.0,183.0,43.707,0.1041,1372.9958,0.0212,4.0675,176.0,247.0,226.1953,-3.853754,5584.660416,71.0,0.313888,0
5.0,169.0,37.8711,0.078,881.1875,0.0348,3.7551,171.0,247.0,225.4375,-3.358138,3308.947181,76.0,0.337122,0
4.0,46.0,8.6211,0.0117,25.6583,0.1656,2.1082,215.0,246.0,237.9766,-1.79818,54.092828,31.0,0.130265,0
4.0,52.0,13.4297,0.0197,67.6042,0.1077,2.5915,215.0,240.0,234.7539,-2.228406,175.196284,25.0,0.106495,0
5.0,110.0,17.9219,0.0271,135.6833,0.0961,2.834,191.0,239.0,232.3164,-2.342366,384.526472,48.0,0.206615,0
6.0,159.0,49.7188,0.0514,326.4083,0.0417,3.4541,176.0,239.0,216.3359,-3.177254,1127.446909,63.0,0.291214,0
8.0,173.0,72.4102,0.0946,995.6042,0.0213,3.9913,168.0,238.0,204.6719,-3.849048,3973.755043,70.0,0.342011,0
5.0,137.0,35.2383,0.0776,762.9083,0.0283,3.8147,184.0,242.0,224.8477,-3.564893,2910.266292,58.0,0.257952,0
4.0,148.0,34.5859,0.0861,927.025,0.0249,3.8987,186.0,243.0,227.2773,-3.692887,3614.192368,57.0,0.250795,0
5.0,158.0,31.5781,0.0773,867.2499,0.0316,3.77,172.0,248.0,229.6406,-3.454598,3269.532123,76.0,0.330952,0
5.0,99.0,22.5938,0.0506,335.6084,0.0414,3.4602,204.0,250.0,238.1719,-3.184474,1161.272186,46.0,0.193138,0
5.0,141.0,25.3945,0.0569,522.9875,0.0443,3.4716,188.0,249.0,237.2734,-3.116771,1815.603405,61.0,0.257087,0
6.0,144.0,28.3555,0.0547,439.6042,0.0428,3.4932,191.0,247.0,235.8594,-3.151217,1535.625391,56.0,0.23743,0
7.0,95.0,27.6641,0.0488,284.2875,0.0396,3.4191,200.0,247.0,234.7773,-3.228926,972.007391,47.0,0.20019,0
7.0,91.0,27.5977,0.0548,359.2833,0.0368,3.5456,204.0,249.0,235.582,-3.302257,1273.874868,45.0,0.191016,0
5.0,66.0,17.4961,0.0309,133.8125,0.0663,3.0308,210.0,249.0,240.9531,-2.713565,405.558925,39.0,0.161857,0
5.0,38.0,9.1094,0.007,11.675,0.2701,1.7131,228.0,249.0,244.6406,-1.308963,20.000443,21.0,0.08584,0
5.0,137.0,25.168,0.0368,293.7751,0.1022,2.9177,188.0,247.0,236.5703,-2.280824,857.147609,59.0,0.249397,0
8.0,108.0,30.5391,0.0483,282.3375,0.0403,3.4068,186.0,245.0,231.1719,-3.211404,961.867395,59.0,0.255221,0
7.0,98.0,33.8477,0.0421,224.7208,0.0482,3.2765,184.0,245.0,227.5234,-3.032396,736.297701,61.0,0.268104,0
10.0,141.0,54.4648,0.057,375.0458,0.0343,3.563,175.0,242.0,215.2383,-3.37261,1336.288185,67.0,0.311283,0
3.0,136.0,28.1406,0.0522,471.0833,0.0609,3.3075,175.0,245.0,228.75,-2.798522,1558.108015,70.0,0.306011,0
3.0,139.0,28.9805,0.0644,591.0958,0.0428,3.5926,186.0,245.0,229.5313,-3.151217,2123.570771,59.0,0.257046,0
3.0,98.0,30.3008,0.063,470.8459,0.0327,3.6387,192.0,244.0,227.4961,-3.42038,1713.266976,52.0,0.228575,0
3.0,109.0,25.3242,0.051,318.9334,0.0432,3.4332,188.0,244.0,229.1797,-3.141915,1094.962149,56.0,0.24435,0
3.0,113.0,29.5156,0.0557,376.3667,0.0368,3.5297,183.0,242.0,225.5,-3.302257,1328.461541,59.0,0.261641,0
3.0,79.0,20.7734,0.0305,138.15,0.0767,2.9741,196.0,241.0,229.9492,-2.567854,410.871915,45.0,0.195695,0
2.0,97.0,19.8477,0.0511,412.2917,0.0542,3.3583,197.0,241.0,232.0234,-2.915074,1384.599216,44.0,0.189636,0
3.0,156.0,22.3164,0.06,685.1917,0.0765,3.3034,178.0,245.0,233.7891,-2.570465,2263.462262,67.0,0.286583,0
4.0,147.0,32.7305,0.0855,1019.1,0.0285,3.8501,174.0,247.0,231.6484,-3.557851,3923.63691,73.0,0.315133,0
4.0,124.0,24.1992,0.051,407.6833,0.0473,3.3915,188.0,249.0,237.5625,-3.051245,1382.657912,61.0,0.256775,0
8.0,157.0,53.3984,0.1007,1161.0459,0.0214,4.0357,176.0,246.0,221.7617,-3.844364,4685.632939,70.0,0.315654,0
5.0,172.0,53.5664,0.0916,936.2833,0.0231,3.9685,170.0,249.0,221.7188,-3.767923,3715.640276,79.0,0.356307,0
4.0,127.0,31.7109,0.071,692.0291,0.0321,3.7291,186.0,249.0,233.207,-3.438899,2580.645717,63.0,0.270146,0
4.0,169.0,32.4727,0.0498,443.5458,0.0984,3.1373,170.0,249.0,233.2891,-2.318714,1391.536238,79.0,0.338636,0
6.0,173.0,50.9258,0.0722,673.3333,0.0296,3.7366,168.0,247.0,220.293,-3.519981,2515.977209,79.0,0.358613,0
5.0,199.0,24.082,0.046,377.0042,0.0601,3.253,170.0,247.0,234.7109,-2.811745,1226.394663,77.0,0.328063,0
5.0,184.0,56.9219,0.0863,1055.2042,0.0354,3.8136,170.0,248.0,218.5664,-3.341043,4024.126737,78.0,0.356871,0
5.0,162.0,49.125,0.0696,728.8458,0.0389,3.6631,169.0,247.0,218.1094,-3.246761,2669.83505,78.0,0.357619,0
4.0,90.0,19.082,0.0506,350.9167,0.042,3.4382,197.0,245.0,233.3984,-3.170086,1206.521798,48.0,0.205657,0
4.0,125.0,18.4297,0.0422,273.6042,0.0544,3.2758,185.0,245.0,235.6484,-2.911391,896.272638,60.0,0.254617,0
5.0,148.0,42.9922,0.079,725.2166,0.026,3.8399,180.0,244.0,223.3594,-3.649659,2784.759222,64.0,0.286534,0
5.0,115.0,30.4648,0.0706,579.8751,0.0326,3.6971,198.0,249.0,234.2422,-3.423443,2143.856232,51.0,0.217723,0
5.0,117.0,26.3164,0.0506,350.9125,0.0422,3.4661,197.0,249.0,235.8047,-3.165335,1216.297816,52.0,0.220521,0
8.0,139.0,37.418,0.0805,800.4835,0.0286,3.7872,188.0,246.0,230.3359,-3.554349,3031.591111,58.0,0.251806,0
8.0,101.0,39.5117,0.0773,621.4417,0.0265,3.8014,200.0,246.0,228.793,-3.630611,2362.348478,46.0,0.201055,0
8.0,111.0,34.8594,0.0655,478.8208,0.0336,3.6222,198.0,247.0,230.8594,-3.393229,1734.384702,49.0,0.21225,0
7.0,82.0,23.8125,0.0356,164.9792,0.0552,3.1558,213.0,248.0,237.0039,-2.896792,520.641359,35.0,0.147677,0
7.0,91.0,30.9844,0.0392,209.9875,0.0518,3.2121,203.0,247.0,232.4492,-2.960365,674.500849,44.0,0.189289,0
14.0,135.0,56.625,0.0687,528.9,0.0293,3.7215,186.0,241.0,218.0078,-3.530168,1968.30135,55.0,0.252285,0
8.0,164.0,58.5664,0.0767,658.2084,0.0265,3.7895,172.0,245.0,216.2109,-3.630611,2494.280732,73.0,0.337633,0
6.0,126.0,43.4492,0.0624,462.8,0.0317,3.6364,174.0,247.0,224.5703,-3.451439,1682.92592,73.0,0.325065,0
9.0,151.0,35.6602,0.0508,372.4959,0.0452,3.434,171.0,242.0,225.4688,-3.096658,1279.150921,71.0,0.314899,0
9.0,227.0,92.4805,0.1325,1890.4169,0.0166,4.2457,165.0,237.0,199.5391,-4.098353,8026.143032,72.0,0.360832,0
4.0,179.0,46.1172,0.0888,1041.1792,0.0266,3.8948,172.0,242.0,218.8398,-3.626844,4055.184748,70.0,0.319869,0
3.0,88.0,11.7695,0.0316,214.7125,0.0873,2.8881,196.0,244.0,238.4961,-2.438405,620.111171,48.0,0.201261,0
3.0,124.0,14.8125,0.0293,253.2958,0.1403,2.6243,182.0,245.0,237.4219,-1.963972,664.724168,63.0,0.26535,0
4.0,173.0,30.6953,0.0678,651.0917,0.0334,3.6701,183.0,243.0,228.8125,-3.399199,2389.571648,60.0,0.262223,0
5.0,116.0,40.3398,0.065,481.4333,0.03,3.6949,186.0,242.0,220.8594,-3.506558,1778.8479,56.0,0.253555,0
4.0,130.0,36.7695,0.0633,486.5083,0.0341,3.6299,182.0,241.0,222.2852,-3.378458,1765.976478,59.0,0.265425,0
4.0,142.0,34.5664,0.082,869.6458,0.0267,3.8501,178.0,246.0,228.6133,-3.623092,3348.223295,68.0,0.297446,0
10.0,214.0,77.7266,0.1361,2022.2292,0.0168,4.241,168.0,242.0,208.9375,-4.086376,8576.274037,74.0,0.354173,0
7.0,233.0,80.8594,0.1489,2307.7793,0.0154,4.3275,167.0,246.0,208.1602,-4.173388,9986.914921,79.0,0.379515,0
3.0,181.0,47.5,0.1034,1374.9335,0.0249,3.9786,174.0,250.0,225.5898,-3.692887,5470.310423,76.0,0.336895,0
5.0,218.0,51.8008,0.1246,1920.8671,0.0205,4.1559,167.0,249.0,223.6523,-3.88733,7982.931581,82.0,0.366641,0
6.0,188.0,50.5273,0.0887,921.2458,0.0251,3.873,172.0,248.0,225.207,-3.684887,3567.984983,76.0,0.337467,0
10.0,230.0,100.0703,0.1273,1694.4001,0.0178,4.1612,166.0,245.0,200.0742,-4.028557,7050.737696,79.0,0.394854,0
4.0,183.0,44.9961,0.0758,877.625,0.0337,3.7238,168.0,250.0,226.6875,-3.390257,3268.099975,82.0,0.361731,0
3.0,189.0,27.6484,0.0788,1086.5667,0.0381,3.6906,176.0,251.0,237.4922,-3.267541,4010.083063,75.0,0.3158,0
4.0,162.0,28.9297,0.0712,854.8083,0.0426,3.6215,175.0,250.0,236.7813,-3.155901,3095.688258,75.0,0.316748,0
4.0,104.0,18.8594,0.0454,308.8042,0.0538,3.302,203.0,250.0,240.9063,-2.922482,1019.671468,47.0,0.195097,0
4.0,86.0,12.2773,0.0242,128.2708,0.1232,2.6343,206.0,249.0,243.2852,-2.093946,337.903768,43.0,0.176747,0
4.0,85.0,12.8789,0.0221,105.0958,0.1122,2.6387,212.0,247.0,241.3281,-2.187472,277.316287,35.0,0.145031,0
5.0,143.0,31.1484,0.0587,500.125,0.0445,3.5334,183.0,245.0,228.9609,-3.112266,1767.141675,62.0,0.270789,0
6.0,105.0,28.4531,0.0577,467.5251,0.0411,3.5339,202.0,248.0,235.7188,-3.191747,1652.186951,46.0,0.195148,0
9.0,166.0,55.1602,0.087,845.2292,0.0258,3.8737,176.0,246.0,220.125,-3.657381,3274.164352,70.0,0.318001,0
6.0,152.0,44.8945,0.0851,840.9542,0.0251,3.8961,179.0,249.0,226.1523,-3.684887,3276.441659,70.0,0.309526,0
6.0,123.0,36.7422,0.0798,794.5791,0.0325,3.7225,187.0,248.0,231.293,-3.426515,2957.8207,61.0,0.263735,0
7.0,145.0,39.4883,0.0745,641.6083,0.0295,3.75,191.0,246.0,228.8242,-3.523365,2406.031125,55.0,0.240359,0
7.0,112.0,35.1484,0.0543,352.05,0.036,3.4962,201.0,246.0,231.4883,-3.324236,1230.83721,45.0,0.194394,0
10.0,157.0,43.8516,0.0685,601.9667,0.0322,3.6796,187.0,245.0,226.3281,-3.435789,2214.996669,58.0,0.256265,0
11.0,153.0,54.9297,0.0918,880.5958,0.0237,3.9148,184.0,243.0,220.7422,-3.74228,3447.356438,59.0,0.26728,0
6.0,174.0,34.1484,0.0523,462.7125,0.0486,3.4084,172.0,247.0,230.8672,-3.024132,1577.109285,75.0,0.324862,0
6.0,89.0,20.875,0.0312,151.1625,0.0756,3.0173,206.0,247.0,236.9727,-2.582299,456.102611,41.0,0.173016,0
9.0,146.0,42.0742,0.0545,394.7584,0.0392,3.4879,182.0,243.0,222.9844,-3.239079,1376.877823,61.0,0.273562,0
4.0,255.0,75.4414,0.1608,2980.2209,0.0164,4.3005,166.0,245.0,210.7773,-4.110474,12816.43998,79.0,0.374803,0
9.0,222.0,69.2031,0.137,2114.1338,0.0185,4.2114,171.0,245.0,213.7188,-3.989985,8903.463085,74.0,0.346249,0
5.0,216.0,67.8633,0.1121,1719.0831,0.0259,3.9728,170.0,245.0,215.2891,-3.653512,6829.57334,75.0,0.348369,0
6.0,252.0,78.7188,0.1208,1733.3667,0.0199,4.1145,166.0,242.0,207.7383,-3.917036,7131.937287,76.0,0.365845,0
5.0,181.0,41.5859,0.0667,538.9625,0.0319,3.671,174.0,242.0,222.3984,-3.445149,1978.531337,68.0,0.305758,0
7.0,197.0,61.2773,0.1014,1230.9792,0.0223,3.9977,170.0,241.0,211.6953,-3.803169,4921.085548,71.0,0.335388,0
5.0,201.0,47.6406,0.099,1189.8625,0.0228,3.9915,172.0,243.0,218.9922,-3.780995,4749.336169,71.0,0.324212,0
4.0,182.0,58.0781,0.1229,1744.071,0.0202,4.1331,170.0,248.0,218.2344,-3.902073,7208.41985,78.0,0.357414,0
3.0,185.0,45.8633,0.0916,1339.0625,0.0382,3.8033,169.0,249.0,226.4961,-3.26492,5092.856406,80.0,0.353207,0
2.0,214.0,32.957,0.0554,636.8,0.0981,3.1897,164.0,252.0,233.6875,-2.321768,2031.20096,88.0,0.376571,0
3.0,102.0,11.3555,0.0317,205.2834,0.0857,2.9277,209.0,250.0,245.2969,-2.456902,601.00821,41.0,0.167144,0
3.0,157.0,33.0313,0.0848,941.4208,0.0254,3.8871,184.0,251.0,234.5391,-3.673006,3659.396792,67.0,0.285667,0
4.0,178.0,40.0313,0.0928,1149.9417,0.0261,3.8973,170.0,249.0,231.2031,-3.64582,4481.667787,79.0,0.341691,0
4.0,123.0,14.3477,0.0291,192.7125,0.1109,2.7761,187.0,250.0,243.6172,-2.199126,534.989171,63.0,0.258602,0
4.0,146.0,23.6484,0.0569,513.575,0.0432,3.47,185.0,250.0,237.8672,-3.141915,1782.10525,65.0,0.273262,0
4.0,133.0,25.75,0.044,305.975,0.0509,3.3119,178.0,250.0,235.8633,-2.977892,1013.358603,72.0,0.305262,0
4.0,121.0,19.6211,0.0302,158.7042,0.0855,2.9024,189.0,250.0,238.8281,-2.459239,460.62307,61.0,0.255414,0
6.0,136.0,31.125,0.046,284.6208,0.045,3.3841,188.0,247.0,232.8906,-3.101093,963.185249,59.0,0.253338,0
6.0,150.0,32.8086,0.0588,476.4333,0.0394,3.5282,184.0,248.0,232.2539,-3.233989,1680.951969,64.0,0.27556,0
9.0,152.0,61.0195,0.0883,798.5416,0.0244,3.8679,177.0,246.0,215.4141,-3.713172,3088.679055,69.0,0.320313,0
10.0,124.0,49.6211,0.0696,507.3792,0.0286,3.7099,184.0,242.0,216.832,-3.554349,1882.326094,58.0,0.267488,0
8.0,166.0,49.8047,0.0771,708.3999,0.0266,3.8012,175.0,246.0,222.2891,-3.626844,2692.7697,71.0,0.319404,0
7.0,141.0,52.1211,0.0878,828.8542,0.0235,3.9121,186.0,247.0,220.4844,-3.750755,3242.560516,61.0,0.276664,0
7.0,150.0,45.6445,0.0769,662.1374,0.0272,3.7946,183.0,247.0,225.0195,-3.604538,2512.546578,64.0,0.28442,0
12.0,151.0,73.7461,0.0887,793.2791,0.0236,3.8982,180.0,242.0,210.1367,-3.746509,3092.360588,62.0,0.295046,0
10.0,144.0,59.6563,0.0733,566.8209,0.0274,3.7527,180.0,243.0,216.4922,-3.597212,2127.108791,63.0,0.291004,0
13.0,162.0,73.3984,0.0909,835.75,0.0232,3.9257,179.0,243.0,210.3008,-3.763603,3280.903775,64.0,0.304326,0
17.0,159.0,80.0039,0.0889,837.4585,0.0226,3.9261,172.0,240.0,207.0781,-3.789805,3287.945817,68.0,0.328379,0
7.0,142.0,39.0781,0.0638,509.2417,0.0321,3.6845,185.0,246.0,227.8516,-3.438899,1876.301044,61.0,0.267718,0
6.0,46.0,11.4844,0.0139,34.3542,0.1417,2.3308,226.0,246.0,242.5742,-1.954043,80.072769,20.0,0.082449,0
7.0,95.0,32.1641,0.0488,283.75,0.0391,3.4242,195.0,245.0,229.7852,-3.241633,971.61675,50.0,0.217595,0
9.0,156.0,52.4375,0.0576,396.8709,0.0358,3.5404,172.0,243.0,217.9063,-3.329807,1405.081734,71.0,0.325828,0
1.0,55.0,4.7695,0.013,57.8125,0.2598,1.9573,220.0,249.0,246.5273,-1.347843,113.156406,29.0,0.117634,0
1.0,167.0,10.0195,0.0222,254.6292,0.3353,1.8188,186.0,249.0,244.7969,-1.09273,463.119589,63.0,0.257356,0
2.0,185.0,18.1641,0.0378,654.4459,0.2575,2.1963,173.0,249.0,239.7891,-1.356736,1437.35953,76.0,0.316945,0
2.0,199.0,42.4883,0.0694,1214.4458,0.138,3.0202,168.0,248.0,229.2031,-1.980502,3667.869205,80.0,0.349035,0
2.0,247.0,76.5078,0.1079,2089.8503,0.0884,3.547,166.0,247.0,214.0273,-2.425883,7412.699014,81.0,0.378456,0
3.0,242.0,74.9219,0.1351,2161.2749,0.0174,4.2504,170.0,246.0,210.6328,-4.051285,9186.282835,76.0,0.360817,0
3.0,214.0,94.4102,0.1502,2301.396,0.0161,4.2877,168.0,247.0,202.5234,-4.128936,9867.695629,79.0,0.390078,0
8.0,175.0,71.9766,0.1119,1335.6748,0.02,4.0891,172.0,243.0,209.1016,-3.912023,5461.707825,71.0,0.339548,0
3.0,132.0,54.2813,0.1024,1131.3667,0.02,4.0625,180.0,249.0,217.293,-3.912023,4596.177219,69.0,0.317544,0
3.0,162.0,24.4688,0.0511,379.8292,0.0421,3.4373,180.0,250.0,236.293,-3.167708,1305.586909,70.0,0.296242,0
4.0,102.0,33.6484,0.0746,647.6917,0.0286,3.736,200.0,250.0,232.5352,-3.554349,2419.776191,50.0,0.215021,0
4.0,117.0,28.9336,0.0627,494.3541,0.0345,3.6155,200.0,250.0,234.6602,-3.366796,1787.337249,50.0,0.213074,0
7.0,200.0,57.082,0.1108,1404.3376,0.0211,4.0353,172.0,246.0,221.125,-3.858482,5666.923517,74.0,0.334652,0
5.0,175.0,55.2227,0.1108,1388.7749,0.0192,4.0911,174.0,249.0,222.1836,-3.952845,5681.616993,75.0,0.337559,0
4.0,216.0,68.3242,0.1225,1737.3627,0.0191,4.1546,166.0,250.0,216.9961,-3.958067,7218.047073,84.0,0.387104,0
5.0,209.0,66.9805,0.1249,1725.6503,0.0186,4.2001,166.0,249.0,215.8789,-3.984594,7247.903825,83.0,0.384475,0
8.0,151.0,56.2578,0.0868,806.4582,0.0251,3.8819,183.0,246.0,220.2305,-3.684887,3130.590087,63.0,0.286064,0
12.0,200.0,84.4102,0.1008,1077.6417,0.0211,4.007,168.0,244.0,207.1719,-3.858482,4318.110292,76.0,0.366845,0
9.0,232.0,62.6328,0.1021,1285.1292,0.0237,3.9613,170.0,246.0,218.3047,-3.74228,5090.7823,76.0,0.348137,0
8.0,239.0,106.0078,0.1299,1770.6416,0.018,4.187,165.0,247.0,199.2969,-4.017384,7413.676379,82.0,0.411446,0
20.0,250.0,130.4609,0.1224,1437.5668,0.0176,4.1617,164.0,236.0,184.6328,-4.039856,5982.721752,72.0,0.389963,0
18.0,212.0,98.7695,0.1092,1211.0083,0.019,4.097,166.0,240.0,196.5781,-3.963316,4961.501005,74.0,0.376441,0
17.0,184.0,88.2148,0.0995,1047.5167,0.0214,4.0047,165.0,236.0,199.2109,-3.844364,4194.990128,71.0,0.356406,0
16.0,172.0,76.2656,0.112,1245.8335,0.0191,4.102,174.0,241.0,209.5664,-3.958067,5110.409017,67.0,0.319708,0
10.0,193.0,62.1367,0.0918,901.1542,0.0226,3.9537,174.0,243.0,216.3828,-3.789805,3562.893361,69.0,0.318879,0
8.0,139.0,46.6641,0.0711,572.875,0.0284,3.7283,182.0,245.0,223.1406,-3.561366,2135.849862,63.0,0.282333,0
9.0,140.0,48.5117,0.0692,538.8292,0.0308,3.7134,185.0,244.0,223.6445,-3.480241,2000.888351,59.0,0.263812,0
9.0,140.0,42.0078,0.0749,671.3083,0.0273,3.8057,173.0,245.0,226.2969,-3.600869,2554.797997,72.0,0.318166,0
7.0,70.0,15.1484,0.0201,62.2292,0.0996,2.624,216.0,247.0,241.332,-2.306593,163.289421,31.0,0.128454,0
7.0,95.0,26.582,0.0404,237.7333,0.0532,3.2457,196.0,246.0,233.4375,-2.933697,771.610972,50.0,0.21419,0
7.0,72.0,15.8477,0.019,73.6167,0.129,2.5177,210.0,245.0,239.6445,-2.047943,185.344766,35.0,0.14605,0
9.0,93.0,27.9414,0.0437,219.425,0.0438,3.3285,202.0,243.0,231.6133,-3.128121,730.356112,41.0,0.177019,0
1.0,65.0,7.1328,0.0211,99.3042,0.1341,2.5457,219.0,249.0,244.8516,-2.009169,252.798702,30.0,0.122523,0
1.0,61.0,7.2578,0.0205,63.2875,0.0926,2.6909,217.0,249.0,244.8359,-2.379466,170.300334,32.0,0.1307,0
1.0,82.0,12.5703,0.034,183.2458,0.065,3.0501,209.0,247.0,240.6484,-2.733368,558.918015,38.0,0.157907,0
1.0,59.0,7.1445,0.0215,116.2792,0.1976,2.3938,222.0,249.0,244.4258,-1.62151,278.349149,27.0,0.110463,0
1.0,8.0,2.0742,0.0016,1.0417,0.5978,0.7845,242.0,247.0,245.3242,-0.514499,0.817214,5.0,0.020381,0
1.0,36.0,3.3633,0.0058,16.5917,0.5305,1.2302,231.0,249.0,245.9766,-0.633935,20.411109,18.0,0.073178,0
2.0,111.0,7.0898,0.0171,136.7458,0.265,2.0251,212.0,250.0,246.3906,-1.328025,276.92392,38.0,0.154227,0
2.0,196.0,32.7188,0.088,1245.0417,0.0296,3.8102,176.0,250.0,234.0039,-3.519981,4743.857885,74.0,0.316234,0
3.0,195.0,53.4414,0.1314,2067.6294,0.0191,4.1857,168.0,250.0,223.6133,-3.958067,8654.47638,82.0,0.366704,0
3.0,204.0,61.6836,0.1507,2519.9666,0.0169,4.2679,174.0,249.0,220.8438,-4.080442,10754.965452,75.0,0.339607,0
6.0,208.0,73.2266,0.1422,2191.6042,0.0156,4.3501,171.0,247.0,215.0234,-4.160484,9533.69743,76.0,0.35345,0
4.0,181.0,63.0039,0.1054,1241.3625,0.0206,4.0741,175.0,249.0,217.7305,-3.882464,5057.434961,74.0,0.33987,0
4.0,178.0,55.2109,0.1271,1803.3083,0.0187,4.1941,178.0,250.0,222.4883,-3.979232,7563.255341,72.0,0.323613,0
3.0,121.0,24.2266,0.0734,844.8792,0.0359,3.7041,185.0,252.0,239.0977,-3.327018,3129.517045,67.0,0.28022,0
4.0,128.0,28.625,0.0523,342.7875,0.0392,3.4824,194.0,250.0,235.543,-3.239079,1193.72319,56.0,0.237749,0
5.0,144.0,40.5039,0.0909,1054.0376,0.0253,3.9303,193.0,249.0,230.0742,-3.676951,4142.683979,56.0,0.2434,0
5.0,240.0,72.793,0.143,2208.5168,0.0177,4.2344,168.0,249.0,216.6797,-4.034191,9351.743538,81.0,0.373824,0
7.0,233.0,91.1367,0.1523,2450.5249,0.0147,4.3828,166.0,247.0,206.3242,-4.219908,10740.160532,81.0,0.392586,0
5.0,182.0,45.6875,0.0903,945.5792,0.0245,3.9133,169.0,249.0,225.5938,-3.709082,3700.335083,80.0,0.35462,0
3.0,153.0,19.6758,0.0403,316.5042,0.0769,3.075,180.0,251.0,240.8477,-2.565249,973.250415,71.0,0.294792,0
3.0,238.0,34.0313,0.0519,627.95,0.0911,3.1381,164.0,251.0,235.7773,-2.395797,1970.569895,87.0,0.368992,0
4.0,222.0,60.9844,0.0957,1504.2086,0.0684,3.5766,166.0,250.0,222.1797,-2.682382,5379.952479,84.0,0.378072,0
5.0,236.0,62.5977,0.0918,1275.3168,0.0333,3.8701,165.0,250.0,221.168,-3.402198,4935.603548,85.0,0.384323,0
7.0,181.0,70.9805,0.1202,1538.3751,0.0181,4.1685,175.0,248.0,212.7656,-4.011843,6412.716604,73.0,0.343101,0
6.0,157.0,53.3086,0.1049,1196.0625,0.0231,3.9643,178.0,247.0,220.5,-3.767923,4741.550569,69.0,0.312925,0
6.0,160.0,33.9609,0.0662,720.7917,0.0448,3.5435,177.0,247.0,231.5508,-3.105547,2554.125389,70.0,0.302309,0
7.0,162.0,61.1367,0.0991,1058.4084,0.0233,3.9605,176.0,246.0,218.5977,-3.759302,4191.826468,70.0,0.320223,0
8.0,160.0,55.7695,0.0852,873.3625,0.0273,3.8507,178.0,245.0,218.6875,-3.600869,3363.056979,67.0,0.306373,0
7.0,122.0,29.9023,0.0601,441.9375,0.0378,3.5419,197.0,246.0,232.6328,-3.275446,1565.298431,49.0,0.210632,0
6.0,123.0,19.9219,0.0364,200.7167,0.061,3.1068,196.0,247.0,238.332,-2.796881,623.586644,51.0,0.213987,0
7.0,117.0,23.6133,0.0404,268.2166,0.0581,3.2199,192.0,246.0,236.4453,-2.84559,863.63063,54.0,0.228383,0
7.0,125.0,48.7578,0.0697,578.5251,0.0281,3.7796,191.0,243.0,221.957,-3.571986,2186.593468,52.0,0.23428,0
3.0,84.0,21.125,0.0472,275.275,0.0455,3.3735,204.0,249.0,237.3398,-3.090043,928.640212,45.0,0.189602,0
3.0,110.0,28.8945,0.0679,562.1083,0.0315,3.696,202.0,250.0,236.3984,-3.457768,2077.552277,48.0,0.203047,0
3.0,107.0,20.918,0.0553,427.6792,0.0407,3.4887,203.0,249.0,238.6797,-3.201527,1492.044425,46.0,0.192727,0
2.0,87.0,17.0938,0.0486,355.2625,0.0544,3.3643,207.0,247.0,238.25,-2.911391,1195.209629,40.0,0.167891,0
2.0,155.0,19.4258,0.0509,433.0292,0.0464,3.3913,192.0,246.0,235.8711,-3.070456,1468.531926,54.0,0.228939,0
2.0,194.0,43.7109,0.1003,1282.8085,0.0255,3.939,180.0,248.0,225.5625,-3.669077,5052.982682,68.0,0.301469,0
3.0,177.0,43.0898,0.1078,1329.1333,0.0207,4.0559,184.0,250.0,227.4492,-3.877622,5390.831751,66.0,0.290175,0
3.0,135.0,27.7188,0.0744,702.6166,0.0311,3.7258,188.0,250.0,235.6602,-3.470547,2617.808928,62.0,0.263091,0
2.0,93.0,15.6523,0.0453,326.0833,0.0637,3.2452,205.0,249.0,241.0391,-2.753571,1058.205525,44.0,0.182543,0
2.0,63.0,5.0859,0.0097,47.8208,0.3764,1.6109,220.0,249.0,246.8516,-0.977103,77.034527,29.0,0.117479,0
2.0,76.0,8.3086,0.0208,123.5,0.1797,2.356,218.0,250.0,245.7539,-1.716466,290.966,32.0,0.130212,0
2.0,144.0,25.9063,0.0781,912.625,0.0351,3.7189,189.0,251.0,238.3047,-3.349554,3393.961112,62.0,0.260171,0
4.0,148.0,27.8398,0.0778,748.8,0.0278,3.7819,189.0,251.0,237.668,-3.582719,2831.88672,62.0,0.260868,0
3.0,93.0,15.2617,0.0366,214.025,0.0626,3.126,209.0,252.0,244.2734,-2.77099,669.04215,43.0,0.176032,0
7.0,202.0,75.7305,0.1179,1558.2792,0.0197,4.1146,172.0,247.0,214.5078,-3.927137,6411.695596,75.0,0.349638,0
14.0,172.0,77.3281,0.1099,1255.7084,0.0194,4.0926,178.0,243.0,208.0625,-3.942482,5139.112198,65.0,0.312406,0
3.0,135.0,27.293,0.0681,659.5043,0.0403,3.6024,185.0,250.0,235.8516,-3.211404,2375.79829,65.0,0.275597,0
3.0,57.0,7.3477,0.0147,67.3208,0.2262,2.11,217.0,252.0,247.5938,-1.486336,142.046888,35.0,0.141361,0
3.0,136.0,16.6445,0.0423,317.1708,0.0553,3.2298,189.0,251.0,242.1953,-2.894982,1024.39825,62.0,0.255992,0
3.0,94.0,11.5547,0.031,236.9792,0.1423,2.7085,205.0,251.0,245.1797,-1.949818,641.858163,46.0,0.187617,0
3.0,30.0,5.0273,0.0038,7.1375,0.5217,1.1414,234.0,251.0,248.9492,-0.650663,8.146742,17.0,0.068287,0
4.0,212.0,33.7031,0.0681,742.6375,0.0412,3.6222,174.0,250.0,233.668,-3.189317,2689.981552,76.0,0.325248,0
9.0,183.0,69.7891,0.1383,1951.8292,0.0167,4.2718,176.0,249.0,214.7227,-4.092347,8337.823977,73.0,0.339973,0
5.0,176.0,53.1094,0.0987,1288.9708,0.0249,3.9939,168.0,251.0,223.2227,-3.692887,5148.020478,83.0,0.371826,0
5.0,187.0,41.5664,0.0793,893.1374,0.0316,3.7545,178.0,250.0,226.4102,-3.454598,3353.284368,72.0,0.318007,0
6.0,153.0,33.4023,0.0601,458.5625,0.0359,3.5863,184.0,245.0,229.9297,-3.327018,1644.542694,61.0,0.265298,0
9.0,182.0,61.3516,0.089,958.3293,0.0239,3.9355,172.0,244.0,216.3828,-3.733877,3771.50496,72.0,0.332744,0
11.0,152.0,66.7578,0.1063,1139.9873,0.0205,4.0568,178.0,242.0,212.2383,-3.88733,4624.700479,64.0,0.301548,0
8.0,144.0,57.7969,0.0894,849.5167,0.0241,3.9295,182.0,245.0,216.5,-3.725543,3338.175873,63.0,0.290993,0
8.0,116.0,38.3242,0.0735,582.7875,0.0275,3.7551,186.0,245.0,227.1836,-3.593569,2188.425341,59.0,0.259702,0
6.0,98.0,24.5,0.0446,270.9333,0.049,3.3318,198.0,246.0,234.2578,-3.015935,902.695569,48.0,0.204902,0
6.0,95.0,15.668,0.0289,165.0375,0.1069,2.8121,207.0,245.0,239.5234,-2.235861,464.101954,38.0,0.158648,0
1.0,161.0,23.9258,0.0638,770.4333,0.0694,3.3835,193.0,249.0,237.6523,-2.667868,2606.761071,56.0,0.235638,0
1.0,119.0,12.5313,0.0388,342.2917,0.101,2.9631,198.0,251.0,243.6484,-2.292635,1014.244536,53.0,0.217527,0
1.0,93.0,9.2109,0.0227,155.1459,0.2185,2.3429,209.0,253.0,247.1172,-1.520969,363.491329,44.0,0.178053,0
1.0,56.0,6.1016,0.0153,62.2333,0.2167,2.1566,219.0,253.0,248.6328,-1.529241,134.212335,34.0,0.136748,0
1.0,111.0,7.7891,0.0233,161.8334,0.1637,2.4469,204.0,252.0,244.8633,-1.80972,395.990146,48.0,0.196028,0
1.0,164.0,9.1016,0.0239,398.3125,0.4696,1.4957,186.0,250.0,243.6953,-0.755874,595.756006,64.0,0.262623,0
1.0,174.0,11.0586,0.0283,369.9334,0.355,1.9013,189.0,249.0,242.8008,-1.035637,703.354373,60.0,0.247116,0
1.0,63.0,12.1055,0.0347,209.3375,0.1047,2.909,217.0,249.0,242.3125,-2.256656,608.962788,32.0,0.132061,0
2.0,88.0,12.2461,0.0387,223.15,0.0549,3.211,210.0,249.0,242.2148,-2.902242,716.53465,39.0,0.161014,0
2.0,137.0,15.7031,0.0462,425.9,0.0733,3.2283,193.0,250.0,241.8203,-2.613195,1374.93297,57.0,0.235712,0
2.0,120.0,16.082,0.0413,392.1208,0.0961,2.9945,204.0,250.0,242.0039,-2.342366,1174.205736,46.0,0.19008,0
2.0,138.0,11.6367,0.0341,324.4042,0.1301,2.7233,192.0,253.0,245.9063,-2.039452,883.449958,61.0,0.248062,0
2.0,134.0,28.7266,0.0757,890.6625,0.0404,3.6631,195.0,253.0,238.8633,-3.208925,3262.585804,58.0,0.242817,0
4.0,167.0,44.7031,0.1062,1240.8461,0.02,4.1059,190.0,251.0,230.3828,-3.912023,5094.790002,61.0,0.264777,0
3.0,150.0,21.4063,0.053,568.5167,0.0568,3.3348,199.0,253.0,242.2344,-2.868219,1895.889491,54.0,0.222925,0
7.0,181.0,64.7969,0.1313,1734.2708,0.0166,4.2312,186.0,247.0,218.4766,-4.098353,7338.046609,61.0,0.279206,0
4.0,128.0,47.9063,0.1091,1190.9208,0.0191,4.1003,184.0,251.0,225.2305,-3.958067,4883.132556,67.0,0.297473,0
3.0,95.0,16.8359,0.0444,318.5291,0.0528,3.3181,204.0,251.0,242.5898,-2.941244,1056.911407,47.0,0.193743,0
3.0,68.0,11.2031,0.0261,120.8208,0.0852,2.8486,212.0,251.0,245.5313,-2.462754,344.170131,39.0,0.158839,0
3.0,118.0,15.9219,0.0286,178.0208,0.154,2.653,193.0,251.0,242.7695,-1.870803,472.289182,58.0,0.23891,0
3.0,166.0,37.1094,0.0631,666.2458,0.0618,3.4321,182.0,251.0,232.4297,-2.783852,2286.62221,69.0,0.296864,0
5.0,136.0,35.6406,0.0751,732.0626,0.0307,3.7386,186.0,252.0,233.4336,-3.483493,2736.889236,66.0,0.282736,0
4.0,129.0,23.2031,0.0565,539.1459,0.0453,3.4661,193.0,253.0,241.6289,-3.094448,1868.733604,60.0,0.248315,0
5.0,94.0,18.4922,0.045,292.7584,0.0496,3.29,208.0,252.0,243.1445,-3.003764,963.175136,44.0,0.180962,0
5.0,196.0,48.3164,0.0881,938.0168,0.0248,3.9145,171.0,250.0,223.7461,-3.696912,3671.866764,79.0,0.353079,0
4.0,230.0,69.6602,0.0986,1249.1833,0.029,3.925,166.0,247.0,215.4258,-3.540459,4903.044452,81.0,0.376,0
4.0,227.0,68.0,0.0745,796.3708,0.0485,3.6201,166.0,247.0,215.3984,-3.026191,2882.941933,81.0,0.376047,0
4.0,174.0,38.7656,0.0688,674.7125,0.0364,3.6824,169.0,247.0,227.1992,-3.313187,2484.56131,78.0,0.343311,0
5.0,141.0,34.7695,0.0768,763.825,0.0327,3.7293,186.0,246.0,230.1445,-3.42038,2848.532573,60.0,0.260706,0
5.0,144.0,27.0195,0.0591,538.9,0.0397,3.5521,187.0,246.0,233.1328,-3.226404,1914.22669,59.0,0.253075,0
5.0,131.0,17.207,0.0315,186.675,0.0735,2.9624,181.0,246.0,238.5352,-2.61047,553.00602,65.0,0.272496,0
5.0,141.0,18.6367,0.034,213.5583,0.0718,3.031,193.0,245.0,237.6133,-2.633871,647.295207,52.0,0.218843,0
1.0,41.0,3.4375,0.01,23.2875,0.2269,1.9568,231.0,249.0,246.25,-1.483246,45.56898,18.0,0.073096,0
1.0,30.0,2.6094,0.0068,19.4958,0.3549,1.4974,236.0,250.0,248.3047,-1.035919,29.193011,14.0,0.056382,0
1.0,40.0,3.8828,0.0106,26.125,0.1943,2.0533,232.0,252.0,249.1836,-1.638352,53.642462,20.0,0.080262,0
1.0,40.0,5.1836,0.0146,43.5292,0.148,2.31,230.0,253.0,249.918,-1.910543,100.552452,23.0,0.09203,0
1.0,40.0,6.4922,0.0159,50.575,0.1772,2.3393,234.0,253.0,249.8477,-1.730476,118.310098,19.0,0.076046,0
2.0,94.0,22.1484,0.0447,262.8,0.0462,3.3585,209.0,252.0,240.9336,-3.074775,882.6138,43.0,0.178472,0
2.0,91.0,15.9141,0.0321,168.45,0.0753,3.0113,211.0,252.0,244.2305,-2.586275,507.253485,41.0,0.167874,0
2.0,88.0,10.9102,0.027,130.075,0.0887,2.8226,214.0,252.0,244.0508,-2.422495,367.149695,38.0,0.155705,0
2.0,83.0,6.9492,0.0227,162.1125,0.2214,2.3081,214.0,252.0,246.5508,-1.507784,374.171861,38.0,0.154126,0
2.0,41.0,4.6797,0.0113,28.1583,0.1869,2.0824,233.0,251.0,247.3555,-1.677182,58.636844,18.0,0.07277,0
2.0,30.0,3.543,0.0063,11.3583,0.3118,1.6225,238.0,252.0,249.3086,-1.165393,18.428842,14.0,0.056155,0
2.0,133.0,15.5938,0.0407,397.5209,0.1011,2.9483,199.0,253.0,244.2344,-2.291645,1172.010869,54.0,0.221099,0
3.0,141.0,30.8047,0.0822,835.6542,0.0267,3.8621,195.0,252.0,236.8906,-3.623092,3227.380086,57.0,0.240617,0
2.0,97.0,14.9961,0.0447,313.5833,0.0525,3.3021,206.0,252.0,244.0039,-2.946942,1035.483415,46.0,0.188522,0
2.0,127.0,10.5781,0.026,173.0667,0.105,2.6932,205.0,253.0,247.3906,-2.253795,466.103236,48.0,0.194025,0
2.0,95.0,15.2148,0.0368,258.8583,0.0902,3.0224,209.0,253.0,244.6836,-2.405726,782.373326,44.0,0.179824,0
2.0,120.0,16.4102,0.0423,397.775,0.0975,3.0454,192.0,252.0,243.8945,-2.327903,1211.383985,60.0,0.246008,0
2.0,113.0,21.1641,0.0552,559.5083,0.099,3.1832,200.0,253.0,242.1406,-2.312635,1781.026821,53.0,0.218881,0
3.0,104.0,21.1367,0.0529,365.7626,0.0392,3.502,201.0,252.0,241.2969,-3.239079,1280.900625,51.0,0.211358,0
3.0,204.0,40.9727,0.0838,1008.8375,0.0294,3.817,175.0,252.0,231.5898,-3.526761,3850.732738,77.0,0.332484,0
3.0,203.0,52.6992,0.0741,917.8332,0.0527,3.5812,173.0,254.0,226.7539,-2.94314,3286.944256,81.0,0.357215,0
4.0,178.0,50.5742,0.0816,763.6292,0.0245,3.8955,180.0,252.0,226.3555,-3.709082,2974.717549,72.0,0.318084,0
5.0,195.0,38.8633,0.0776,757.7209,0.0263,3.8423,182.0,252.0,232.5898,-3.638186,2911.391014,70.0,0.300959,0
5.0,169.0,54.0313,0.1016,1303.7709,0.0224,4.0419,176.0,252.0,225.3438,-3.798694,5269.711601,76.0,0.337262,0
4.0,164.0,19.543,0.0506,421.3917,0.0517,3.3804,183.0,249.0,239.1758,-2.962297,1424.472503,66.0,0.275948,0
3.0,37.0,5.0547,0.006,16.2542,0.3866,1.4387,230.0,249.0,247.0469,-0.950365,23.384918,19.0,0.076908,0
4.0,70.0,8.3281,0.0155,68.4583,0.2043,2.2059,217.0,247.0,244.5469,-1.588166,151.012164,30.0,0.122676,0
4.0,56.0,8.1367,0.0125,41.0417,0.2101,2.1007,217.0,247.0,244.3125,-1.560172,86.216299,30.0,0.122794,0
4.0,28.0,5.8438,0.0053,7.1333,0.3057,1.5227,234.0,247.0,245.4063,-1.185151,10.861876,13.0,0.052973,0
4.0,24.0,5.332,0.0037,4.3083,0.3931,1.2993,235.0,247.0,245.4297,-0.933691,5.597774,12.0,0.048894,0
4.0,24.0,5.7656,0.0034,4.725,0.474,1.1576,236.0,246.0,244.8125,-0.746548,5.46966,10.0,0.040848,0
5.0,23.0,7.0664,0.0062,8.1,0.2775,1.677,234.0,245.0,243.4844,-1.281934,13.5837,11.0,0.045177,0
1.0,66.0,9.3008,0.0309,145.0542,0.074,2.9974,225.0,250.0,244.6641,-2.60369,434.785459,25.0,0.102181,0
1.0,58.0,9.5625,0.0328,158.4333,0.0648,3.0717,224.0,250.0,245.9805,-2.73645,486.659568,26.0,0.105699,0
1.0,45.0,7.3477,0.0195,64.1542,0.1056,2.6182,232.0,252.0,248.3164,-2.248097,167.968526,20.0,0.080542,0
2.0,81.0,11.6523,0.0305,137.7875,0.0661,3.024,220.0,252.0,246.8203,-2.716587,416.6694,32.0,0.129649,0
2.0,95.0,18.3789,0.0427,249.25,0.0482,3.2689,209.0,253.0,243.9805,-3.032396,814.773325,44.0,0.180342,0
3.0,123.0,29.7031,0.0579,436.0583,0.0385,3.4962,204.0,253.0,239.3438,-3.257097,1524.547028,49.0,0.204726,0
3.0,97.0,25.3086,0.0577,394.6417,0.0348,3.571,209.0,252.0,241.375,-3.358138,1409.265511,43.0,0.178146,0
3.0,109.0,30.3906,0.0754,675.1917,0.0274,3.7922,201.0,253.0,238.418,-3.597212,2560.461965,52.0,0.218104,0
2.0,50.0,6.9648,0.0172,67.9,0.1564,2.3962,225.0,252.0,249.4023,-1.855338,162.70198,27.0,0.108259,0
2.0,19.0,3.668,0.0052,7.0917,0.3241,1.4972,242.0,251.0,249.043,-1.126703,10.617693,9.0,0.036138,0
2.0,34.0,6.5898,0.0175,53.8542,0.1193,2.5122,234.0,252.0,247.6563,-2.126114,135.292521,18.0,0.072681,0
2.0,58.0,8.8828,0.0234,109.2417,0.1198,2.6744,228.0,253.0,248.5781,-2.121932,292.156002,25.0,0.100572,0
2.0,41.0,3.7148,0.0064,21.5042,0.3711,1.4533,233.0,253.0,251.1914,-0.991284,31.252054,20.0,0.079621,0
2.0,66.0,5.6602,0.0128,75.4375,0.4249,1.5809,220.0,253.0,249.875,-0.855901,119.259144,33.0,0.132066,0
2.0,83.0,5.5898,0.0117,60.2958,0.3911,1.6752,210.0,253.0,249.6172,-0.938792,101.007524,43.0,0.172264,0
2.0,37.0,3.9688,0.0073,22.9667,0.3842,1.544,231.0,254.0,251.2969,-0.956592,35.460585,23.0,0.091525,0
2.0,24.0,3.3125,0.0041,5.8,0.3905,1.2964,241.0,253.0,250.9414,-0.940327,7.51912,12.0,0.04782,0
2.0,45.0,4.7656,0.0093,31.4625,0.3097,1.7613,231.0,253.0,248.9219,-1.172151,55.414901,22.0,0.088381,0
2.0,58.0,7.125,0.0125,51.2333,0.2732,1.9272,222.0,253.0,248.6328,-1.297551,98.736816,31.0,0.124682,0
3.0,74.0,13.1641,0.031,155.9125,0.0693,3.0032,220.0,252.0,245.3164,-2.66931,468.23642,32.0,0.130444,0
3.0,59.0,10.6445,0.0258,121.5417,0.0994,2.7606,219.0,254.0,247.3516,-2.308603,335.528017,35.0,0.141499,0
3.0,37.0,6.1211,0.0112,28.5292,0.1862,2.0815,235.0,253.0,250.4141,-1.680934,59.38353,18.0,0.071881,0
3.0,167.0,39.5078,0.0673,714.5875,0.0541,3.5054,182.0,254.0,234.25,-2.916921,2504.915022,72.0,0.307364,0
3.0,170.0,25.4219,0.0544,517.7584,0.0661,3.3623,185.0,253.0,238.2422,-2.716587,1740.859068,68.0,0.285424,0
3.0,32.0,4.8594,0.0054,14.3875,0.5361,1.1768,230.0,250.0,247.4414,-0.623435,16.93121,20.0,0.080827,0
3.0,17.0,4.168,0.0031,3.7417,0.5035,1.1148,240.0,250.0,247.7148,-0.686172,4.171247,10.0,0.040369,0
4.0,74.0,11.5859,0.0201,64.9917,0.0985,2.6154,214.0,248.0,242.9922,-2.317699,169.979292,34.0,0.139922,0
5.0,63.0,9.3828,0.0143,38.9458,0.1532,2.3187,214.0,246.0,243.2031,-1.876011,90.303626,32.0,0.131577,0
4.0,100.0,9.3594,0.0103,53.8208,0.3166,1.7404,207.0,246.0,243.082,-1.150116,93.66972,39.0,0.16044,0
4.0,7.0,4.918,0.0005,0.1458,0.7678,0.4112,244.0,246.0,245.2617,-0.264226,0.059953,2.0,0.008155,0
4.0,9.0,5.6328,0.0014,0.5375,0.5609,0.7817,242.0,246.0,244.1328,-0.578213,0.420164,4.0,0.016385,0
4.0,29.0,6.5938,0.0051,9.9917,0.3926,1.3711,233.0,246.0,243.8633,-0.934964,13.69962,13.0,0.053309,0
1.0,79.0,8.5469,0.0286,166.4834,0.1,2.8374,219.0,252.0,247.6328,-2.302585,472.379999,33.0,0.133262,0
1.0,113.0,14.8945,0.0446,318.2917,0.0531,3.2759,208.0,253.0,245.3594,-2.935578,1042.69178,45.0,0.183404,0
1.0,126.0,23.3477,0.0705,835.8083,0.0407,3.5711,204.0,253.0,242.3594,-3.201527,2984.75502,49.0,0.202179,0
2.0,177.0,29.6094,0.0842,1082.775,0.0335,3.7835,194.0,253.0,239.1641,-3.39621,4096.679212,59.0,0.246693,0
1.0,166.0,31.7773,0.0781,1016.4209,0.0425,3.7059,196.0,253.0,238.5742,-3.158251,3766.754213,57.0,0.238919,0
2.0,132.0,29.4336,0.0739,749.8042,0.0355,3.716,201.0,254.0,239.6914,-3.338223,2786.272407,53.0,0.221118,0
2.0,144.0,39.1797,0.0927,1103.5792,0.0247,3.9382,199.0,254.0,236.0547,-3.700952,4346.115605,55.0,0.232997,0
4.0,125.0,36.6484,0.0769,699.0417,0.0264,3.8344,206.0,252.0,236.0078,-3.634391,2680.405494,46.0,0.194909,0
4.0,139.0,41.207,0.0755,641.1833,0.0262,3.8179,194.0,251.0,232.6094,-3.641996,2447.973721,57.0,0.245046,0
3.0,152.0,21.0352,0.0396,249.0417,0.0532,3.2232,198.0,249.0,239.9805,-2.933697,802.711207,51.0,0.212517,0
3.0,88.0,14.2539,0.0292,141.65,0.0786,2.9199,210.0,250.0,242.3477,-2.543384,413.603835,40.0,0.165052,0
2.0,95.0,10.5078,0.0229,126.6333,0.1328,2.6095,205.0,251.0,245.332,-2.018911,330.449596,46.0,0.187501,0
2.0,28.0,3.7773,0.0038,5.9,0.3943,1.2654,236.0,252.0,248.6445,-0.930643,7.46586,16.0,0.064349,0
2.0,24.0,4.2852,0.0055,7.8917,0.3374,1.5078,237.0,252.0,248.9414,-1.086486,11.899105,15.0,0.060255,0
2.0,31.0,3.2344,0.0029,5.5583,0.5087,0.9464,234.0,253.0,250.5547,-0.675897,5.260375,19.0,0.075832,0
2.0,41.0,7.8438,0.0178,50.2875,0.1069,2.5478,234.0,252.0,248.6328,-2.235861,128.122492,18.0,0.072396,0
3.0,45.0,9.875,0.0188,57.025,0.11,2.5721,231.0,252.0,247.3438,-2.207275,146.674002,21.0,0.084902,0
3.0,47.0,6.9766,0.0114,24.9583,0.161,2.1511,230.0,252.0,247.6758,-1.826351,53.687799,22.0,0.088826,0
3.0,86.0,22.2461,0.0486,310.9292,0.0433,3.3941,212.0,249.0,239.0742,-3.139603,1055.324798,37.0,0.154764,0
5.0,137.0,34.8633,0.0884,1017.95,0.0266,3.8574,195.0,250.0,233.457,-3.626844,3926.64033,55.0,0.235589,0
3.0,108.0,21.3086,0.0616,496.3333,0.0354,3.63,197.0,250.0,239.7617,-3.341043,1801.689879,53.0,0.221053,0
3.0,45.0,7.5859,0.0191,70.5125,0.1227,2.5322,229.0,252.0,248.0859,-2.098013,178.551753,23.0,0.09271,0
2.0,20.0,3.7188,0.0041,5.5583,0.4264,1.2999,242.0,254.0,251.7852,-0.852377,7.225234,12.0,0.04766,0
2.0,21.0,4.0586,0.0033,4.6417,0.4841,1.1516,240.0,255.0,249.8438,-0.725464,5.345382,15.0,0.060038,0
3.0,9.0,3.1289,0.0007,0.4458,0.8217,0.4218,244.0,249.0,247.3516,-0.19638,0.188038,5.0,0.020214,0
3.0,40.0,8.1445,0.0108,25.8667,0.1886,2.0955,229.0,249.0,243.8945,-1.668127,54.20367,20.0,0.082003,0
4.0,97.0,24.6758,0.0428,270.8708,0.0532,3.2816,205.0,247.0,236.5742,-2.933697,888.889617,42.0,0.177534,0
5.0,164.0,19.9453,0.0372,288.9458,0.068,3.0701,190.0,246.0,238.6445,-2.688248,887.092501,56.0,0.234659,0
4.0,58.0,8.7422,0.0111,48.5542,0.303,1.8039,222.0,247.0,244.0117,-1.194022,87.586921,25.0,0.102454,0
4.0,12.0,5.1133,0.0008,0.4833,0.749,0.5211,241.0,247.0,245.3477,-0.289016,0.251848,6.0,0.024455,0
4.0,9.0,5.0703,0.0005,0.1875,0.83,0.3714,242.0,246.0,245.1914,-0.18633,0.069638,4.0,0.016314,0
4.0,5.0,4.6016,0.0008,0.2042,0.675,0.5061,245.0,247.0,245.9844,-0.393043,0.103346,2.0,0.008131,0
1.0,18.0,2.5508,0.0075,13.7,0.2738,1.7494,243.0,253.0,251.1523,-1.295357,23.96678,10.0,0.039816,0
1.0,34.0,2.3945,0.007,20.3,0.3165,1.5482,237.0,253.0,251.3164,-1.150432,31.42846,16.0,0.063665,0
1.0,17.0,1.8164,0.0042,5.1292,0.3547,1.3558,245.0,253.0,251.9141,-1.036483,6.954169,8.0,0.031757,0
1.0,26.0,1.9688,0.0044,9.4583,0.3949,1.2134,242.0,253.0,252.0391,-0.929123,11.476701,11.0,0.043644,0
1.0,55.0,2.7969,0.0072,19.5167,0.3352,1.5635,227.0,253.0,251.7109,-1.093028,30.51436,26.0,0.103293,0
1.0,21.0,1.6484,0.0028,4.9708,0.5448,0.9784,244.0,254.0,252.793,-0.607337,4.863431,10.0,0.039558,0
1.0,24.0,1.9258,0.0029,4.9667,0.5385,1.0232,243.0,254.0,252.9453,-0.618968,5.081927,11.0,0.043488,0
1.0,156.0,10.5234,0.0301,421.5333,0.29,2.097,204.0,254.0,249.2617,-1.237874,883.95533,50.0,0.200592,0
1.0,162.0,19.5078,0.0475,646.5125,0.2263,2.4817,198.0,253.0,244.3008,-1.485894,1604.450071,55.0,0.225132,0
1.0,206.0,38.5781,0.0842,1132.8208,0.057,3.6135,186.0,251.0,234.3164,-2.864704,4093.447961,65.0,0.277403,0
2.0,161.0,58.5898,0.0895,1040.7209,0.0273,3.8755,193.0,250.0,224.4844,-3.600869,4033.313848,57.0,0.253915,0
3.0,163.0,47.2617,0.0874,982.1416,0.0266,3.9137,194.0,249.0,228.8828,-3.626844,3843.80758,55.0,0.240298,0
3.0,145.0,50.4805,0.0826,759.025,0.0261,3.8578,196.0,248.0,226.0352,-3.64582,2928.166645,52.0,0.230053,0
4.0,154.0,46.8711,0.0823,814.2875,0.0264,3.8772,193.0,248.0,227.5977,-3.634391,3157.155495,55.0,0.241654,0
3.0,188.0,20.3594,0.0336,265.1833,0.0989,2.8893,189.0,250.0,240.4297,-2.313646,766.194109,61.0,0.253712,0
4.0,195.0,53.8164,0.0879,1037.5459,0.027,3.9222,186.0,250.0,226.6445,-3.611918,4069.462529,64.0,0.282381,0
5.0,197.0,75.7148,0.093,921.6041,0.0224,3.9613,187.0,249.0,215.5391,-3.798694,3650.750321,62.0,0.287651,0
3.0,122.0,24.7734,0.0459,316.5458,0.0589,3.3143,194.0,251.0,238.1523,-2.831914,1049.127745,57.0,0.239343,0
5.0,164.0,33.5781,0.0617,487.05,0.0347,3.6367,187.0,248.0,232.6328,-3.361016,1771.254735,61.0,0.262216,0
5.0,96.0,31.6719,0.0626,449.7834,0.0313,3.6482,206.0,249.0,233.5313,-3.464137,1640.8998,43.0,0.184129,0
5.0,113.0,32.5391,0.0529,369.7042,0.0396,3.4721,196.0,249.0,232.8633,-3.228926,1283.649953,53.0,0.227601,0
3.0,81.0,12.9961,0.025,105.0875,0.0889,2.8225,206.0,251.0,243.0625,-2.420243,296.609469,45.0,0.185138,0
3.0,34.0,5.5977,0.0099,24.3417,0.2243,1.9724,234.0,252.0,249.0117,-1.494771,48.011569,18.0,0.072286,0
3.0,24.0,4.9219,0.0069,9.0375,0.2324,1.7678,240.0,253.0,249.7539,-1.459295,15.976492,13.0,0.052051,0
3.0,12.0,3.4453,0.0011,0.5208,0.6727,0.6575,241.0,249.0,246.7813,-0.396456,0.342426,8.0,0.032417,0
3.0,15.0,5.125,0.0044,3.9208,0.3175,1.439,239.0,246.0,244.0391,-1.147277,5.642031,7.0,0.028684,0
4.0,28.0,5.0781,0.0028,2.8625,0.441,1.0934,235.0,247.0,245.2266,-0.81871,3.129857,12.0,0.048934,0
4.0,40.0,7.2773,0.0074,15.5542,0.2804,1.7237,227.0,247.0,244.6055,-1.271538,26.810775,20.0,0.081764,0
4.0,8.0,4.6797,0.0012,0.425,0.597,0.6976,245.0,247.0,245.8555,-0.515838,0.29648,2.0,0.008135,0
4.0,7.0,5.2891,0.0008,0.2792,0.7298,0.5198,243.0,246.0,245.1914,-0.314985,0.145128,3.0,0.012235,0
5.0,16.0,5.7305,0.0017,0.8167,0.5326,0.8504,240.0,246.0,245.1914,-0.629985,0.694522,6.0,0.024471,0
5.0,10.0,5.5469,0.0012,0.4375,0.6089,0.7044,241.0,247.0,244.9453,-0.496101,0.308175,6.0,0.024495,0
1.0,13.0,2.1797,0.0044,4.4167,0.3331,1.4236,245.0,252.0,249.6445,-1.099313,6.287614,7.0,0.02804,0
1.0,39.0,2.8477,0.0075,28.4625,0.3588,1.4861,233.0,251.0,249.3906,-1.02499,42.298121,18.0,0.072176,0
1.0,16.0,1.5469,0.0023,1.9917,0.4757,0.9583,244.0,252.0,250.9414,-0.742968,1.908646,8.0,0.03188,0
1.0,4.0,1.2266,0.0011,0.3458,0.6255,0.6486,250.0,252.0,251.5586,-0.469204,0.224286,2.0,0.00795,0
1.0,4.0,1.1367,0.0008,0.2875,0.7059,0.5281,250.0,253.0,251.75,-0.348282,0.151829,3.0,0.011917,0
1.0,2.0,1.0273,0.0001,0.0292,0.9434,0.1318,250.0,253.0,251.625,-0.058265,0.003849,3.0,0.011923,0
1.0,2.0,1.1563,0.0006,0.1625,0.7278,0.4438,249.0,253.0,251.1328,-0.317729,0.072118,4.0,0.015928,0
1.0,2.0,1.3086,0.0006,0.1583,0.7335,0.4369,249.0,254.0,250.625,-0.309928,0.069161,5.0,0.01995,0
1.0,2.0,1.2109,0.0006,0.1542,0.7392,0.4299,249.0,252.0,250.7188,-0.302187,0.066291,3.0,0.011966,0
1.0,2.0,1.1719,0.0006,0.1417,0.7568,0.408,249.0,252.0,250.4336,-0.278656,0.057814,3.0,0.011979,0
1.0,11.0,1.5664,0.0008,0.5042,0.7228,0.5149,245.0,251.0,249.9492,-0.324623,0.259613,6.0,0.024005,0
1.0,16.0,1.8672,0.0016,1.2667,0.5557,0.7771,245.0,251.0,249.6602,-0.587527,0.984353,6.0,0.024033,0
1.0,130.0,7.8867,0.0174,174.6208,0.372,1.6972,201.0,251.0,246.7969,-0.988861,296.366422,50.0,0.202596,0
1.0,166.0,32.3789,0.0514,575.8542,0.2158,2.6831,193.0,251.0,236.4258,-1.533403,1545.074404,58.0,0.24532,0
1.0,212.0,59.1484,0.0648,770.4875,0.1168,3.1811,187.0,252.0,227.3711,-2.147292,2450.997786,65.0,0.285876,0
1.0,157.0,17.0977,0.0262,180.1583,0.2039,2.4189,192.0,254.0,243.2461,-1.590126,435.784912,62.0,0.254886,0
1.0,176.0,19.1797,0.0285,326.0917,0.2489,2.2398,191.0,254.0,243.4102,-1.390704,730.38019,63.0,0.258822,0
2.0,211.0,50.582,0.0688,825.475,0.0603,3.4459,185.0,252.0,229.2188,-2.808423,2844.504302,67.0,0.292297,0
2.0,205.0,58.7461,0.063,656.2458,0.0663,3.3958,182.0,250.0,225.1016,-2.713565,2228.479488,68.0,0.302086,0
3.0,167.0,59.2109,0.0877,933.6583,0.0309,3.8674,186.0,250.0,221.5469,-3.476999,3610.830109,64.0,0.288878,0
7.0,146.0,50.5313,0.0936,907.8249,0.0213,3.9907,192.0,246.0,224.3242,-3.849048,3622.856828,54.0,0.240723,0
4.0,90.0,22.5391,0.0413,213.5125,0.0477,3.2888,204.0,247.0,236.9844,-3.042824,702.19991,43.0,0.181447,0
4.0,57.0,13.2617,0.024,79.7208,0.0832,2.7598,222.0,249.0,242.9688,-2.486508,220.013464,27.0,0.111125,0
3.0,66.0,14.5156,0.0231,71.3042,0.0846,2.7558,220.0,251.0,242.9453,-2.469821,196.500114,31.0,0.127601,0
4.0,56.0,12.582,0.0164,45.1958,0.1248,2.4542,220.0,249.0,241.4727,-2.081043,110.919532,29.0,0.120096,0
4.0,51.0,11.3711,0.0146,38.8083,0.1375,2.3755,223.0,245.0,241.5508,-1.984131,92.189117,22.0,0.091078,0
5.0,94.0,24.3477,0.0306,127.5875,0.0683,3.0043,205.0,245.0,234.2383,-2.683846,383.311126,40.0,0.170766,0
4.0,83.0,19.0039,0.0264,104.8375,0.0806,2.8792,205.0,246.0,236.6992,-2.518257,301.84813,41.0,0.173216,0
4.0,58.0,7.5898,0.0064,15.0417,0.3414,1.5506,222.0,246.0,243.5508,-1.0747,23.32366,24.0,0.098542,0
5.0,62.0,9.3828,0.007,15.2208,0.2636,1.6887,219.0,245.0,241.9219,-1.333322,25.703365,26.0,0.107473,0
6.0,82.0,20.2539,0.0229,78.2833,0.0887,2.7629,205.0,245.0,236.8828,-2.422495,216.28893,40.0,0.16886,0
6.0,100.0,14.1758,0.0151,63.1792,0.221,2.1706,199.0,244.0,239.6602,-1.509593,137.136772,45.0,0.187766,0
2.0,40.0,8.4336,0.0237,77.6583,0.0811,2.791,217.0,250.0,246.1094,-2.512072,216.744315,33.0,0.134087,0
2.0,49.0,9.8398,0.0279,110.1083,0.0719,2.9586,219.0,250.0,244.957,-2.632479,325.766416,31.0,0.126553,0
1.0,68.0,4.4766,0.0097,44.15,0.2618,1.7856,217.0,250.0,247.6133,-1.340174,78.83424,33.0,0.133272,0
1.0,15.0,3.8516,0.006,7.4417,0.3213,1.6072,240.0,250.0,248.043,-1.13538,11.9603,10.0,0.040316,0
1.0,5.0,1.9805,0.0004,0.1333,0.8192,0.3424,247.0,251.0,249.2461,-0.199427,0.045642,4.0,0.016048,0
1.0,7.0,2.0078,0.0008,0.2917,0.6819,0.5348,246.0,251.0,248.6055,-0.382872,0.156001,5.0,0.020112,0
1.0,4.0,2.0508,0.0004,0.1208,0.8059,0.3607,247.0,250.0,248.7266,-0.215796,0.043573,3.0,0.012061,0
2.0,19.0,2.2461,0.0017,4.1667,0.7647,0.5668,240.0,249.0,248.418,-0.268272,2.361686,9.0,0.036229,0
2.0,3.0,2.0195,0.0001,0.0333,0.9356,0.1461,247.0,250.0,248.6367,-0.066567,0.004865,3.0,0.012066,0
1.0,2.0,1.9453,0.0002,0.0625,0.8828,0.2338,247.0,250.0,248.3398,-0.124657,0.014612,3.0,0.01208,0
1.0,4.0,1.8203,0.0007,0.1917,0.7196,0.4836,245.0,250.0,247.9805,-0.32906,0.092706,5.0,0.020163,0
1.0,3.0,1.5352,0.0005,0.1333,0.7689,0.3927,247.0,250.0,248.0625,-0.262794,0.052347,3.0,0.012094,0
1.0,2.0,1.5781,0.0004,0.1042,0.8134,0.3341,247.0,249.0,248.0742,-0.206532,0.034813,2.0,0.008062,0
2.0,2.0,2.0,0.0,0.0,1.0,0.0,246.0,250.0,248.3633,0.0,0.0,4.0,0.016105,0
1.0,2.0,1.8945,0.0003,0.0667,0.8756,0.2449,249.0,252.0,250.3477,-0.132846,0.016335,3.0,0.011983,0
1.0,2.0,1.7109,0.0004,0.1125,0.8003,0.3517,249.0,255.0,251.5156,-0.222769,0.039566,6.0,0.023855,0
1.0,2.0,1.8516,0.0005,0.1167,0.7939,0.3602,250.0,254.0,252.0859,-0.230798,0.042035,4.0,0.015868,0
1.0,3.0,1.9922,0.0001,0.0292,0.9434,0.1318,250.0,252.0,251.5664,-0.058265,0.003849,2.0,0.00795,0
2.0,4.0,2.0469,0.0001,0.0333,0.9356,0.1461,249.0,253.0,251.7422,-0.066567,0.004865,4.0,0.015889,0
2.0,4.0,2.1289,0.0004,0.1042,0.8134,0.3341,249.0,253.0,251.3711,-0.206532,0.034813,4.0,0.015913,0
2.0,121.0,12.918,0.0304,290.7792,0.2396,2.2656,204.0,252.0,244.8555,-1.428784,658.789356,48.0,0.196034,0
2.0,119.0,12.4102,0.0241,223.5625,0.3338,1.9853,200.0,252.0,244.8984,-1.097213,443.838631,52.0,0.212333,0
2.0,38.0,3.8828,0.0049,15.3458,0.5286,1.1401,231.0,252.0,248.7148,-0.637523,17.495747,21.0,0.084434,0
3.0,75.0,8.4844,0.0141,68.1792,0.3038,1.9565,217.0,250.0,246.1484,-1.191386,133.392605,33.0,0.134065,0
5.0,78.0,24.6289,0.0399,186.6375,0.0474,3.2339,218.0,247.0,237.3555,-3.049133,603.567011,29.0,0.12218,0
7.0,85.0,26.3008,0.0391,175.575,0.0476,3.2397,213.0,245.0,234.9336,-3.044923,568.810328,32.0,0.136209,0
6.0,106.0,29.2969,0.0391,181.4458,0.0487,3.2363,209.0,245.0,233.0039,-3.022076,587.213043,36.0,0.154504,0
6.0,76.0,25.7852,0.0382,164.2542,0.0493,3.2166,211.0,244.0,234.4531,-3.009831,528.34006,33.0,0.140753,0
7.0,83.0,20.9219,0.0251,100.5083,0.0927,2.8012,212.0,246.0,237.9453,-2.378387,281.54385,34.0,0.14289,0
6.0,102.0,20.4883,0.0282,143.8125,0.0876,2.8622,209.0,247.0,239.3516,-2.434974,411.620138,38.0,0.158762,0
6.0,99.0,13.6211,0.0165,74.5292,0.1678,2.3173,205.0,247.0,241.1406,-1.784982,172.706515,42.0,0.174172,0
7.0,102.0,13.0117,0.0085,31.3375,0.3865,1.5721,202.0,244.0,240.4961,-0.950623,49.265684,42.0,0.174639,0
2.0,74.0,12.7539,0.03,139.7334,0.0742,2.9652,207.0,249.0,242.3555,-2.600991,414.337478,42.0,0.173299,0
2.0,63.0,9.2188,0.0201,63.975,0.1041,2.6295,210.0,250.0,244.7539,-2.262403,168.222263,40.0,0.163429,0
2.0,57.0,11.1875,0.0226,78.3167,0.0913,2.723,219.0,249.0,242.6563,-2.393604,213.256374,30.0,0.123632,0
2.0,73.0,10.4336,0.0214,99.5125,0.1078,2.6145,219.0,249.0,243.0195,-2.227478,260.175431,30.0,0.123447,0
2.0,155.0,42.7656,0.0458,295.9833,0.0598,3.2906,193.0,248.0,228.0547,-2.81675,973.962647,55.0,0.24117,0
2.0,155.0,46.6445,0.0426,238.0792,0.0498,3.317,191.0,247.0,225.1328,-2.99974,789.708706,56.0,0.248742,0
2.0,119.0,16.3945,0.0194,86.2417,0.1371,2.4762,196.0,249.0,240.0625,-1.987045,213.551698,53.0,0.220776,0
2.0,19.0,3.2383,0.0028,3.3625,0.4943,1.0711,239.0,249.0,247.0039,-0.704613,3.601574,10.0,0.040485,0
2.0,4.0,2.5547,0.0005,0.1375,0.7628,0.4004,246.0,249.0,247.0039,-0.270759,0.055055,3.0,0.012146,0
2.0,7.0,2.4609,0.0006,0.225,0.7596,0.4502,245.0,247.0,246.8438,-0.274963,0.101295,2.0,0.008102,0
2.0,3.0,2.1328,0.0004,0.1042,0.8134,0.3341,245.0,249.0,246.8008,-0.206532,0.034813,4.0,0.016207,0
2.0,3.0,2.0313,0.0002,0.0417,0.9201,0.1732,245.0,249.0,246.6016,-0.083273,0.007222,4.0,0.01622,0
2.0,3.0,2.0156,0.0001,0.0167,0.9672,0.0848,246.0,248.0,246.8789,-0.03335,0.001416,2.0,0.008101,0
2.0,3.0,2.0039,0.0,0.0042,0.9917,0.027,247.0,250.0,248.3203,-0.008335,0.000113,3.0,0.012081,0
2.0,2.0,2.0,0.0,0.0,1.0,0.0,248.0,250.0,249.1523,0.0,0.0,2.0,0.008027,0
2.0,2.0,2.0,0.0,0.0,1.0,0.0,249.0,250.0,249.6406,0.0,0.0,1.0,0.004006,0
2.0,5.0,2.3477,0.001,0.2625,0.623,0.5835,248.0,251.0,249.8086,-0.473209,0.153169,3.0,0.012009,0
2.0,4.0,2.2891,0.0005,0.1208,0.7875,0.3686,249.0,251.0,249.7266,-0.238892,0.044527,2.0,0.008009,0
2.0,3.0,2.1992,0.0003,0.075,0.8613,0.2664,248.0,252.0,249.8047,-0.149312,0.01998,4.0,0.016013,0
2.0,3.0,2.3906,0.0005,0.1208,0.7875,0.3686,249.0,252.0,250.1445,-0.238892,0.044527,3.0,0.011993,0
2.0,5.0,2.9805,0.0006,0.1875,0.7588,0.4512,247.0,250.0,249.4883,-0.276017,0.0846,3.0,0.012025,0
2.0,5.0,3.0039,0.0006,0.1792,0.7368,0.4623,247.0,249.0,248.0234,-0.305439,0.082844,2.0,0.008064,0
3.0,21.0,5.0078,0.0064,8.0125,0.251,1.7061,238.0,249.0,246.4961,-1.382302,13.670126,11.0,0.044625,0
3.0,17.0,4.5508,0.0051,5.6458,0.2982,1.5039,242.0,249.0,246.6406,-1.209991,8.490719,7.0,0.028381,0
4.0,28.0,8.3242,0.0112,17.0583,0.1576,2.1046,237.0,247.0,244.3672,-1.847695,35.900898,10.0,0.040922,0
5.0,52.0,15.75,0.0232,69.025,0.0778,2.7946,223.0,246.0,239.75,-2.553614,192.897265,23.0,0.095933,0
7.0,90.0,29.9531,0.0412,205.2292,0.0477,3.2619,210.0,245.0,233.6016,-3.042824,669.437127,35.0,0.149828,0
6.0,86.0,17.4297,0.0217,83.7375,0.1007,2.6947,212.0,245.0,239.1953,-2.295609,225.647441,33.0,0.137963,0
7.0,130.0,21.7852,0.0304,156.4167,0.0832,2.9435,203.0,246.0,238.5508,-2.486508,460.412556,43.0,0.180255,0
7.0,135.0,23.4766,0.0285,131.3333,0.0817,2.9121,198.0,246.0,238.1016,-2.504701,382.455703,48.0,0.201595,0
7.0,75.0,15.4492,0.0154,44.2,0.129,2.4034,215.0,246.0,240.957,-2.047943,106.23028,31.0,0.128654,0
8.0,177.0,65.3008,0.0547,321.9291,0.035,3.5185,186.0,243.0,219.4648,-3.352407,1132.707538,57.0,0.259723,0
4.0,81.0,35.1211,0.0371,183.1459,0.0515,3.1992,195.0,245.0,223.0273,-2.966173,585.920363,50.0,0.224188,0
3.0,52.0,13.3203,0.0209,65.2042,0.0938,2.6676,215.0,247.0,239.6445,-2.36659,173.938724,32.0,0.133531,0
3.0,81.0,20.8672,0.0389,211.7792,0.0556,3.2034,197.0,247.0,236.0234,-2.889572,678.413489,50.0,0.211843,0
7.0,140.0,58.1406,0.0569,325.8417,0.0344,3.5281,193.0,245.0,218.3984,-3.369699,1149.602102,52.0,0.238097,0
42.0,159.0,101.8555,0.0615,375.9,0.0316,3.6002,191.0,224.0,201.5898,-3.454598,1353.31518,33.0,0.163699,0
65.0,164.0,111.7031,0.0436,196.6625,0.0418,3.2995,192.0,212.0,198.8906,-3.174859,648.887919,20.0,0.100558,0
5.0,164.0,84.2344,0.0622,405.5625,0.0323,3.6015,195.0,246.0,209.8984,-3.432688,1460.633344,51.0,0.242975,0
3.0,179.0,44.9141,0.0531,440.6458,0.0516,3.4527,195.0,247.0,229.6211,-2.964234,1521.417754,52.0,0.22646,0
3.0,105.0,17.6289,0.026,185.9583,0.1811,2.4602,207.0,247.0,240.5117,-1.708706,457.49461,40.0,0.166312,0
3.0,79.0,8.8594,0.0125,46.2458,0.2143,2.061,214.0,247.0,243.4531,-1.540378,95.312594,33.0,0.13555,0
2.0,28.0,3.7188,0.0023,3.8917,0.5716,0.8424,237.0,247.0,245.6055,-0.559316,3.278368,10.0,0.040716,0
2.0,4.0,2.9258,0.0004,0.1083,0.8068,0.343,245.0,246.0,245.6211,-0.214679,0.037147,1.0,0.004071,0
2.0,4.0,2.8477,0.0006,0.15,0.745,0.4227,245.0,247.0,246.3633,-0.294371,0.063405,2.0,0.008118,0
2.0,4.0,2.8242,0.0006,0.1458,0.7509,0.4154,246.0,248.0,246.7031,-0.286483,0.060565,2.0,0.008107,0
2.0,3.0,2.5703,0.0007,0.175,0.7112,0.4637,246.0,249.0,247.7109,-0.340802,0.081148,3.0,0.012111,0
2.0,3.0,2.2852,0.0008,0.2042,0.675,0.5061,247.0,250.0,249.0039,-0.393043,0.103346,3.0,0.012048,0
2.0,4.0,2.3164,0.0009,0.225,0.6513,0.5332,248.0,250.0,249.6758,-0.428785,0.11997,2.0,0.00801,0
2.0,15.0,3.8164,0.0038,4.5333,0.4406,1.2634,243.0,250.0,248.5547,-0.819618,5.727371,7.0,0.028163,0
3.0,15.0,3.8203,0.0032,2.8917,0.4264,1.2133,243.0,249.0,247.9766,-0.852377,3.5085,6.0,0.024196,0
3.0,17.0,3.6758,0.0025,2.3042,0.4961,1.0354,243.0,250.0,248.8125,-0.700978,2.385769,7.0,0.028134,0
3.0,13.0,3.9492,0.0037,3.5917,0.3843,1.309,245.0,250.0,248.3008,-0.956332,4.701535,5.0,0.020137,0
3.0,10.0,3.25,0.001,0.7708,0.7467,0.5507,244.0,248.0,246.9883,-0.292092,0.42448,4.0,0.016195,0
3.0,21.0,3.668,0.0024,3.3375,0.5451,0.942,239.0,249.0,247.3594,-0.606786,3.143925,10.0,0.040427,0
3.0,25.0,4.7734,0.0049,7.8792,0.3535,1.4045,237.0,247.0,246.1211,-1.039872,11.066336,10.0,0.04063,0
4.0,51.0,10.1445,0.0142,32.45,0.1272,2.3673,228.0,247.0,242.9609,-2.061995,76.818885,19.0,0.078202,0
5.0,78.0,23.0586,0.0269,88.0542,0.0683,2.8978,214.0,245.0,237.0625,-2.683846,255.163461,31.0,0.130767,0
12.0,107.0,40.8164,0.0496,277.525,0.04,3.4189,208.0,243.0,229.9961,-3.218876,948.830222,35.0,0.152176,0
7.0,109.0,36.8672,0.0512,342.1959,0.0397,3.4649,207.0,245.0,231.5781,-3.226404,1185.674574,38.0,0.164092,0
6.0,93.0,19.1953,0.0284,120.5333,0.0734,2.9216,214.0,246.0,239.3789,-2.611831,352.150089,32.0,0.133679,0
6.0,68.0,12.2148,0.0141,35.825,0.1419,2.327,224.0,246.0,241.9492,-1.952633,83.364775,22.0,0.090928,0
6.0,90.0,17.6133,0.0195,74.4125,0.1294,2.5561,214.0,246.0,240.207,-2.044847,190.205791,32.0,0.133218,0
9.0,198.0,98.6719,0.0611,399.3751,0.0346,3.5534,186.0,245.0,211.4844,-3.363902,1419.13948,59.0,0.27898,0
5.0,92.0,34.043,0.0365,139.9125,0.0494,3.1486,191.0,244.0,224.6563,-3.007805,440.528498,53.0,0.235916,0
5.0,101.0,36.3828,0.044,231.9708,0.0478,3.3128,200.0,245.0,228.2031,-3.04073,768.472866,45.0,0.197193,0
5.0,107.0,44.9219,0.0396,188.4584,0.0542,3.1971,184.0,246.0,221.6445,-2.915074,602.520351,62.0,0.279727,0
10.0,143.0,70.5547,0.0479,227.1,0.0378,3.3857,178.0,245.0,206.1016,-3.275446,768.89247,67.0,0.325082,0
52.0,193.0,129.1523,0.0484,252.0,0.0403,3.3941,178.0,221.0,189.1016,-3.211404,855.3132,43.0,0.227391,0
94.0,217.0,166.1563,0.0369,148.7292,0.0494,3.1681,187.0,203.0,192.6133,-3.007805,471.188979,16.0,0.083068,0
47.0,215.0,166.6914,0.0559,383.2834,0.0389,3.4877,189.0,225.0,194.0938,-3.246761,1336.777514,36.0,0.185477,0
10.0,206.0,141.6641,0.0612,458.5917,0.0329,3.6031,191.0,243.0,201.1875,-3.414283,1652.351754,52.0,0.258465,0
9.0,166.0,91.1914,0.0754,594.5583,0.0273,3.7616,197.0,244.0,212.4531,-3.600869,2236.490501,47.0,0.221225,0
7.0,138.0,60.1914,0.0622,416.1292,0.0336,3.5723,202.0,244.0,221.1641,-3.393229,1486.538341,42.0,0.189904,0
3.0,170.0,44.2773,0.0409,251.0459,0.0736,3.1696,196.0,246.0,229.4219,-2.60911,795.715085,50.0,0.217939,0
3.0,61.0,8.0391,0.0122,30.9792,0.1725,2.1759,222.0,246.0,243.6758,-1.757358,67.407641,24.0,0.098492,0
3.0,29.0,4.6328,0.0042,7.5333,0.3978,1.3112,234.0,246.0,244.3594,-0.921806,9.877663,12.0,0.049108,0
3.0,13.0,3.7813,0.0023,1.8333,0.5108,0.9984,243.0,247.0,245.8281,-0.671777,1.830367,4.0,0.016272,0
3.0,7.0,3.0859,0.0003,0.0958,0.8823,0.2491,245.0,249.0,247.0508,-0.125223,0.023864,4.0,0.016191,0
2.0,4.0,2.9805,0.0001,0.0292,0.9434,0.1318,247.0,249.0,248.4219,-0.058265,0.003849,2.0,0.008051,0
2.0,4.0,2.9375,0.0003,0.075,0.8613,0.2664,247.0,250.0,249.3906,-0.149312,0.01998,3.0,0.012029,0
2.0,26.0,3.2188,0.0018,4.5458,0.7206,0.631,239.0,251.0,249.3672,-0.327671,2.8684,12.0,0.048122,0
3.0,118.0,17.8242,0.0259,129.1708,0.1298,2.6811,206.0,249.0,241.8984,-2.04176,346.319832,43.0,0.177761,0
3.0,127.0,24.9609,0.031,153.3417,0.0832,2.9498,200.0,249.0,238.6367,-2.486508,452.327347,49.0,0.205333,0
3.0,68.0,13.457,0.0243,89.3167,0.0888,2.8013,220.0,249.0,243.957,-2.421369,250.202872,29.0,0.118873,0
3.0,73.0,11.3594,0.0183,64.1125,0.1161,2.5362,216.0,248.0,243.7344,-2.153303,162.602122,32.0,0.13129,0
3.0,24.0,5.9023,0.0068,9.375,0.2464,1.7382,238.0,249.0,246.1602,-1.400799,16.295625,11.0,0.044686,0
4.0,50.0,10.7383,0.0165,41.6083,0.108,2.4785,233.0,248.0,244.2227,-2.225624,103.126172,15.0,0.061419,0
4.0,65.0,15.9688,0.0236,84.4083,0.0863,2.7662,227.0,246.0,241.2344,-2.449926,233.490239,19.0,0.078762,0
6.0,67.0,19.332,0.0296,113.5667,0.0651,2.9789,221.0,246.0,239.7344,-2.731831,338.303843,25.0,0.104282,0
10.0,84.0,31.4102,0.0476,261.8625,0.0396,3.4133,215.0,243.0,233.6133,-3.228926,893.815271,28.0,0.119856,0
6.0,89.0,23.457,0.0339,158.6292,0.0592,3.0793,214.0,245.0,236.8359,-2.826834,488.466896,31.0,0.130892,0
5.0,55.0,14.5,0.0186,61.6333,0.1174,2.5266,223.0,245.0,240.9063,-2.142168,155.722696,22.0,0.091322,0
5.0,36.0,9.3203,0.0089,16.4,0.2231,1.8998,232.0,247.0,243.4844,-1.500135,31.15672,15.0,0.061606,0
5.0,37.0,10.6016,0.0085,14.3458,0.2099,1.9197,232.0,247.0,243.7461,-1.561124,27.539632,15.0,0.061539,0
8.0,71.0,17.9258,0.0193,56.8375,0.1029,2.6035,225.0,245.0,239.6133,-2.273998,147.976431,20.0,0.083468,0
5.0,116.0,57.4102,0.0376,142.475,0.0491,3.1488,173.0,243.0,202.9336,-3.013896,448.62528,70.0,0.34494,0
5.0,140.0,56.4023,0.0447,209.0376,0.0409,3.3445,169.0,245.0,206.5156,-3.196625,699.126253,76.0,0.368011,0
5.0,145.0,43.7383,0.048,269.7083,0.0418,3.4113,170.0,247.0,220.3594,-3.174859,920.055924,77.0,0.349429,0
7.0,165.0,72.0977,0.0577,370.7875,0.0345,3.5472,177.0,246.0,211.6797,-3.366796,1315.25742,69.0,0.325964,0
24.0,203.0,86.6445,0.0565,389.1833,0.0359,3.515,175.0,238.0,204.0117,-3.327018,1367.9793,63.0,0.308806,0
43.0,190.0,113.8906,0.0824,723.6,0.0253,3.8337,191.0,228.0,205.043,-3.676951,2774.06532,37.0,0.18045,0
6.0,156.0,61.2852,0.0787,674.7625,0.0263,3.7988,193.0,245.0,223.625,-3.638186,2563.287785,52.0,0.232532,0
4.0,87.0,11.082,0.0176,73.1667,0.1402,2.4358,218.0,246.0,242.7539,-1.964685,178.219448,28.0,0.115343,0
5.0,130.0,31.7852,0.0509,407.8292,0.057,3.3554,202.0,246.0,234.3242,-2.864704,1368.430098,44.0,0.187774,0
5.0,122.0,21.7578,0.0352,217.4709,0.0659,3.0695,205.0,246.0,238.5742,-2.719617,667.526928,41.0,0.171854,0
4.0,179.0,32.4141,0.0424,393.2667,0.0752,3.1054,195.0,247.0,235.4531,-2.587604,1221.25041,52.0,0.220851,0
5.0,130.0,46.7188,0.0506,307.0542,0.0408,3.4381,197.0,247.0,225.2695,-3.199073,1055.683045,50.0,0.221956,0
4.0,84.0,23.168,0.0258,104.2625,0.081,2.8656,207.0,245.0,236.8086,-2.513306,298.77462,38.0,0.160467,0
3.0,61.0,7.625,0.0086,33.9667,0.32,1.6409,221.0,247.0,244.2461,-1.139434,55.735958,26.0,0.10645,0
3.0,14.0,4.5859,0.0022,1.6042,0.5123,0.9851,243.0,247.0,246.7148,-0.668845,1.580297,4.0,0.016213,0
3.0,41.0,7.4531,0.0086,22.9042,0.2943,1.7913,233.0,248.0,245.4531,-1.223156,41.028293,15.0,0.061111,0
3.0,45.0,6.0781,0.0054,12.15,0.4119,1.3403,228.0,250.0,248.1836,-0.886975,16.284645,22.0,0.088644,0
3.0,44.0,5.9297,0.0068,16.1542,0.3765,1.5384,223.0,251.0,248.2148,-0.976837,24.851621,28.0,0.112806,0
3.0,88.0,15.9805,0.0278,165.3875,0.1412,2.6531,200.0,250.0,240.9492,-1.957578,438.789576,50.0,0.207513,0
5.0,111.0,44.1211,0.0543,315.2,0.0378,3.4653,204.0,246.0,230.0234,-3.275446,1092.26256,42.0,0.18259,0
12.0,145.0,72.1367,0.0779,602.9042,0.0278,3.7476,197.0,244.0,218.8867,-3.582719,2259.44378,47.0,0.214723,0
5.0,126.0,44.2617,0.0647,460.3918,0.0296,3.698,202.0,246.0,229.5898,-3.519981,1702.528876,44.0,0.191646,0
4.0,54.0,13.3516,0.0245,83.7625,0.0799,2.7868,227.0,249.0,243.2344,-2.526979,233.429335,22.0,0.090448,0
4.0,35.0,9.8555,0.0136,26.7917,0.1357,2.3037,234.0,249.0,245.4414,-1.997309,61.720039,15.0,0.061114,0
5.0,47.0,10.6641,0.019,57.1458,0.1023,2.5996,231.0,247.0,244.7695,-2.279846,148.556222,16.0,0.065368,0
5.0,71.0,14.9961,0.0243,76.8792,0.0772,2.7983,221.0,247.0,241.7383,-2.561356,215.131065,26.0,0.107554,0
5.0,69.0,14.3242,0.0243,86.575,0.0843,2.7799,222.0,245.0,240.4688,-2.473373,240.669843,23.0,0.095647,0
6.0,84.0,18.5781,0.0274,103.9542,0.0724,2.8824,220.0,244.0,238.8438,-2.625549,299.637586,24.0,0.100484,0
5.0,80.0,14.2539,0.0187,55.6042,0.1004,2.5926,223.0,245.0,240.5117,-2.298593,144.159449,22.0,0.091472,0
5.0,45.0,8.1367,0.0058,10.7958,0.3127,1.5505,229.0,247.0,245.1133,-1.162511,16.738888,18.0,0.073435,0
6.0,103.0,18.25,0.0216,89.4375,0.0992,2.6809,218.0,246.0,240.3438,-2.310617,239.772994,28.0,0.1165,0
8.0,85.0,18.2852,0.0186,73.5792,0.154,2.4113,220.0,245.0,239.7813,-1.870803,177.421525,25.0,0.104262,0
4.715,100.812,27.0538,8.6458,168.5875,0.0772,3.0616,-5.332,36.5493,23.5057,-2.561356,516.14749,41.8813,1.781751,1
4.715,84.9033,20.1752,8.3167,151.0583,0.0653,3.0892,-3.7737,36.1268,25.7896,-2.728763,466.6493,39.9005,1.547155,1
5.3599,88.988,39.1104,7.2583,99.4083,0.063,2.9667,-13.8821,35.2792,7.1917,-2.764621,294.914604,49.1613,6.835839,1
9.2296,77.3789,44.0592,7.5417,101.4,0.0601,2.9965,-14.1561,30.3397,2.5608,-2.811745,303.8451,44.4958,17.375742,1
10.9494,95.0074,61.2108,5.8458,60.0875,0.0757,2.7595,-17.1999,29.687,-5.2064,-2.580977,165.811456,46.8869,-9.005628,1
39.5421,103.3918,74.1811,5.1958,44.7958,0.0813,2.6432,-18.6017,5.9,-10.7103,-2.509609,118.404259,24.5017,-2.287676,1
47.0664,95.6524,73.306,3.9042,27.3958,0.1066,2.4115,-22.302,-0.1888,-17.1057,-2.238672,66.064972,22.1132,-1.292739,1
66.8448,125.7499,91.3998,7.8958,102.9292,0.0569,3.0027,-29.0595,-14.4306,-20.2819,-2.86646,309.065509,14.6289,-0.721279,1
42.5518,113.0659,79.1517,6.9542,75.1292,0.0638,2.8606,-27.8638,-10.0901,-18.1015,-2.752002,214.91459,17.7737,-0.981891,1
7.5097,83.6134,46.5021,6.0333,66.3417,0.0735,2.8056,-17.4794,27.2758,-1.4013,-2.61047,186.128274,44.7552,-31.938343,1
27.0731,98.0172,64.9007,6.3375,67.1042,0.0697,2.8287,-35.4883,8.097,-18.3502,-2.663555,189.817651,43.5853,-2.375195,1
32.4477,89.2029,59.5497,2.9167,15.5417,0.135,2.165,-28.1619,-9.0217,-20.2064,-2.002481,33.64778,19.1402,-0.947235,1
31.1577,122.3102,79.375,6.5833,76.2833,0.0722,2.8553,-18.6017,-4.811,-13.1366,-2.628315,217.811706,13.7907,-1.049792,1
14.3891,98.2322,64.3893,6.3083,77.3667,0.0756,2.8063,-27.2694,19.1819,-7.6649,-2.582299,217.11417,46.4513,-6.060262,1
10.9494,89.8479,55.905,5.9667,59.425,0.0719,2.767,-26.0869,26.392,-8.4448,-2.632479,164.428975,52.4789,-6.214345,1
11.8094,88.558,48.447,7.0958,95.7042,0.0655,2.9265,-23.7475,26.1705,-5.2431,-2.725705,280.078341,49.918,-9.520703,1
16.539,96.2973,56.272,5.4375,49.1958,0.0803,2.6746,-30.264,17.1071,-17.0709,-2.521986,131.579087,47.3711,-2.774962,1
22.9884,93.2876,66.4509,6.5833,78.7583,0.0705,2.8671,-28.4606,10.5088,-19.6983,-2.652143,225.807922,38.9694,-1.978313,1
57.3856,103.8217,82.9517,3.2667,21.5667,0.1267,2.2798,-30.5666,-16.6425,-24.9673,-2.065933,49.167763,13.9241,-0.557693,1
47.7114,111.991,76.6466,4.475,37.5917,0.0981,2.5175,-37.6914,-13.3353,-22.7782,-2.321768,94.637105,24.3561,-1.069272,1
15.2491,102.1019,76.5887,5.9375,69.2292,0.0785,2.7547,-36.7434,27.4961,-15.5383,-2.544657,190.705677,64.2395,-4.134268,1
8.7996,107.6914,59.0299,7.9458,109.2958,0.0571,3.0402,-20.584,30.7739,-0.8564,-2.862951,332.281091,51.3579,-59.969524,1
13.7442,99.952,61.6214,7.3292,90.5459,0.0601,2.9689,-22.5901,22.3677,-12.6388,-2.811745,268.821723,44.9578,-3.557126,1
28.363,86.6232,65.6859,4.55,35.45,0.0936,2.5174,-11.9758,9.7885,-8.1429,-2.368725,89.24183,21.7643,-2.672795,1
27.718,102.7468,71.7919,6.3458,64.5292,0.0703,2.7783,-18.0396,2.5796,-10.6407,-2.654983,179.281476,20.6192,-1.937767,1
6.6498,98.6621,39.977,9.0125,142.4208,0.0552,3.1079,-14.1561,32.7164,12.9922,-2.896792,442.629604,46.8725,3.607742,1
6.6498,135.6391,60.6322,12.6,251.2833,0.0384,3.4074,-21.1547,32.5014,1.3748,-3.259698,856.222716,53.6561,39.028295,1
6.2198,98.0172,15.9646,3.4417,39.7333,0.2051,2.1569,-12.5183,32.9311,25.1684,-1.584258,85.700755,45.4494,1.805812,1
6.2198,50.7211,14.1977,3.8708,40.5875,0.1442,2.3807,-39.9264,33.5741,18.9999,-1.936554,96.626661,73.5005,3.868468,1
9.2296,70.0695,39.4136,4.5125,39.9375,0.0987,2.562,-94.3734,27.7162,-46.2436,-2.31567,102.319875,122.0896,-2.64014,1
38.6821,67.2747,57.7736,1.1917,3.4583,0.2777,1.478,-102.5603,-59.5086,-94.8511,-1.281214,5.111367,43.0517,-0.453887,1
50.2912,68.9946,64.2087,0.325,0.425,0.5768,0.7174,-106.8235,-91.9673,-102.8785,-0.55026,0.304895,14.8562,-0.144405,1
4.5,83.1834,24.4925,8.6625,148.3542,0.0603,3.0939,-7.431,35.9152,23.0581,-2.808423,458.993059,43.3462,1.879869,1
6.6498,102.1019,35.2449,9.175,154.5083,0.054,3.1507,-17.4794,34.0016,13.0188,-2.918771,486.809301,51.481,3.954358,1
10.7345,108.5513,48.2463,7.925,108.0583,0.0574,3.0375,-25.2057,30.1224,-1.0332,-2.857711,328.227086,55.3281,-53.550232,1
7.2947,96.2973,55.4894,8.625,122.725,0.0524,3.0836,-25.4989,32.2862,-4.3321,-2.948849,378.43481,57.7851,-13.33882,1
23.4184,99.7371,74.4842,6.6375,72.1208,0.0683,2.8542,-12.7902,21.9157,-7.0523,-2.683846,205.847187,34.7059,-4.921217,1
36.3173,103.1768,79.2919,6.3958,74.8542,0.0716,2.8339,-22.0145,8.097,-12.7124,-2.63666,212.129317,30.1115,-2.368672,1
47.9264,104.8966,82.2269,3.9458,29.3625,0.1101,2.3966,-23.1677,-1.7166,-16.6141,-2.206366,70.370168,21.4511,-1.291138,1
60.3953,113.2809,88.2154,8.0125,100.7458,0.0596,2.9529,-22.0145,-9.0217,-17.0107,-2.8201,297.492273,12.9928,-0.763802,1
18.4738,118.2255,72.9743,10.1708,159.4292,0.0451,3.2252,-25.2057,17.3387,-14.0499,-3.098873,514.191056,42.5444,-3.028093,1
5.7899,68.1347,29.7133,4.975,50.3,0.0904,2.6253,-23.1677,30.3397,8.015,-2.403511,132.05259,53.5074,6.675908,1
33.3076,108.7663,68.2262,6.0042,58.8125,0.0739,2.7734,-35.1761,5.4082,-23.7726,-2.605042,163.110588,40.5843,-1.707188,1
43.6267,115.8607,76.5409,6.0708,67.0459,0.0717,2.8169,-33.9336,-11.4349,-24.7916,-2.635265,188.861596,22.4987,-0.907513,1
31.5877,121.4503,78.5109,8.8375,122.7458,0.0512,3.0968,-31.1735,4.9152,-20.9565,-2.972016,380.119193,36.0887,-1.722077,1
10.0895,101.0269,52.3008,8.7792,125.3708,0.0526,3.0917,-27.2694,24.166,-11.3865,-2.945039,387.608902,51.4354,-4.517227,1
9.4446,97.1573,43.6082,7.6542,96.1125,0.0602,2.9759,-27.8638,27.7162,-4.4996,-2.810083,286.021189,55.58,-12.352209,1
13.3142,95.4374,53.2001,7.7208,92.2292,0.0573,2.977,-27.5664,23.718,-13.6381,-2.859455,274.566328,51.2844,-3.760377,1
34.8125,109.1963,66.0773,7.9042,100.7875,0.0563,3.0113,-30.264,-1.4611,-21.9081,-2.877061,303.501399,28.8029,-1.314715,1
31.8027,105.3266,80.1183,4.5625,37.2708,0.0944,2.5132,-25.2057,-3.2572,-19.1633,-2.360214,93.668975,21.9485,-1.14534,1
66.1998,105.3266,87.1253,4.3667,31.7583,0.0994,2.4582,-29.3597,-16.6425,-22.5331,-2.308603,78.068253,12.7172,-0.564379,1
44.7016,121.6652,89.9227,7.3292,86.3542,0.0616,2.9126,-41.5433,-11.4349,-24.5329,-2.787093,251.515243,30.1084,-1.227266,1
9.0146,101.2419,60.4877,8.1833,124.6667,0.0585,3.0241,-41.8688,30.1224,-4.8439,-2.838729,377.004567,71.9912,-14.862239,1
12.4543,96.7273,72.5385,4.9833,49.2833,0.0902,2.6247,-21.1547,29.687,-10.2919,-2.405726,129.353878,50.8417,-4.939972,1
47.0664,98.8771,72.1925,5.9417,59.6167,0.0761,2.7514,-21.1547,-6.3784,-13.0985,-2.575707,164.029388,14.7763,-1.128091,1
50.2912,125.9649,77.6678,7.8208,116.7292,0.0612,3.0334,-27.5664,-5.332,-12.2862,-2.793608,354.086355,22.2344,-1.809705,1
11.8094,124.03,71.7843,7.725,109.0417,0.0595,3.0081,-20.584,28.8133,-3.2725,-2.821779,328.008338,49.3973,-15.094668,1
6.4348,119.5154,47.5317,10.7833,223.0667,0.0531,3.2658,-11.9758,33.3599,14.1694,-2.935578,728.491229,45.3357,3.19955,1
5.7899,110.0562,25.4263,5.275,121.0583,0.2376,2.2834,-12.7902,33.5741,24.4326,-1.437167,276.424522,46.3643,1.897641,1
4.715,17.3989,8.0337,0.6792,1.8208,0.4659,1.0928,0.8227,33.7879,28.8613,-0.763784,1.98977,32.9652,1.142194,1
5.3599,91.9977,19.5907,4.3917,61.6333,0.1574,2.4002,-80.6227,34.0016,10.0552,-1.848965,147.932247,114.6243,11.399505,1
10.9494,78.2388,42.7752,3.6458,30.7375,0.1208,2.3333,-97.4542,22.1418,-54.4049,-2.113619,71.719809,119.596,-2.198258,1
30.5128,67.7047,57.0345,1.4208,4.7125,0.2495,1.6001,-101.5201,-37.3747,-87.974,-1.388296,7.540471,64.1454,-0.72914,1
65.1249,72.8643,68.5747,0.2917,0.3333,0.5946,0.6575,-106.8235,-96.4604,-103.0566,-0.519866,0.219145,10.3631,-0.100557,1
5.3599,84.0434,26.0612,8.0917,132.4583,0.0646,3.0377,-6.9039,34.215,21.6018,-2.739541,402.368578,41.1189,1.903494,1
6.2198,79.9587,34.757,7.7417,103.55,0.0594,3.002,-14.7056,33.7879,12.9126,-2.823461,310.8571,48.4935,3.755518,1
7.0798,124.245,50.9092,9.6583,157.175,0.047,3.2115,-26.0869,32.9311,1.6107,-3.057608,504.767513,59.018,36.641212,1
16.109,92.6426,60.9193,7.9375,103.1375,0.0553,3.0207,-15.8096,22.5934,-3.9699,-2.894982,311.547446,38.403,-9.673543,1
19.3337,105.9715,77.6602,6.5625,80.2375,0.0713,2.867,-14.7056,23.2689,-7.0648,-2.640859,230.040912,37.9745,-5.37517,1
19.9787,92.6426,62.5645,7.2542,93.8458,0.0628,2.9714,-15.2567,23.044,-3.6174,-2.7678,278.85341,38.3007,-10.587908,1
49.4312,100.597,82.1043,3.9792,29.0875,0.1062,2.4289,-15.533,-2.4852,-12.0411,-2.242431,70.650629,13.0478,-1.083605,1
56.9556,125.5349,87.0808,8.6333,133.925,0.0542,3.1108,-19.7316,-4.2916,-13.6215,-2.915074,416.61389,15.44,-1.133502,1
22.1285,114.5708,59.3725,8.0875,103.4875,0.056,3.0059,-26.6771,18.4927,-7.26,-2.882404,311.073076,45.1698,-6.221736,1
19.7637,91.9977,59.6706,4.3083,32.375,0.099,2.4613,-29.6606,17.57,-13.8498,-2.312635,79.684588,47.2306,-3.410201,1
52.441,113.2809,83.9577,3.1833,22.1333,0.1341,2.2453,-32.3943,-20.0152,-28.8308,-2.009169,49.695898,12.3791,-0.429371,1
50.9361,121.8802,87.5738,5.6833,52.825,0.0784,2.692,-33.9336,-9.5551,-26.0201,-2.545931,142.2049,24.3785,-0.93691,1
30.5128,98.0172,70.9504,7.3792,91.5375,0.0613,2.9637,-30.5666,0.3176,-23.5494,-2.791975,271.289689,30.8842,-1.311464,1
9.2296,115.8607,60.8681,8.3625,116.2542,0.0534,3.0851,-31.4778,26.1705,-14.2234,-2.929945,358.655832,57.6483,-4.05306,1
36.7473,107.9064,83.9619,5.3458,52.2458,0.0868,2.6609,-30.8697,-11.7051,-23.3129,-2.444149,139.020849,19.1646,-0.82206,1
49.2163,98.0172,74.7664,6.2917,62.275,0.0708,2.7743,-28.7597,-13.6085,-23.0301,-2.647896,172.769532,15.1512,-0.657887,1
35.0274,108.5513,62.0883,8.3292,108.7875,0.0565,3.0122,-28.7597,0.3176,-16.7011,-2.873515,327.689708,29.0773,-1.741041,1
42.1218,128.3297,77.31,8.5167,125.3167,0.0544,3.0785,-30.8697,-6.6409,-18.5621,-2.911391,385.787461,24.2288,-1.305283,1
43.1968,104.4667,72.8374,4.8792,42.8792,0.0882,2.617,-24.038,-7.1672,-15.8771,-2.428148,112.214866,16.8708,-1.062587,1
10.7345,102.3168,78.1507,4.6292,36.2625,0.0974,2.5108,-22.8787,28.8133,-12.4428,-2.328929,91.047885,51.692,-4.15437,1
8.7996,91.1378,49.7251,7.425,90.7,0.0595,2.9557,-23.1677,30.1224,4.287,-2.821779,268.08199,53.2901,12.430627,1
24.0633,90.7078,69.1441,6.3292,67.7542,0.0692,2.8122,-18.0396,7.6109,-10.6915,-2.670754,190.538361,25.6505,-2.399149,1
37.8222,115.6457,76.5081,6.75,78.0083,0.0644,2.8925,-22.0145,-0.6967,-11.1681,-2.742642,225.639008,21.3178,-1.908812,1
19.3337,133.7042,81.2326,8.3458,131.1792,0.0574,3.0588,-26.0869,19.6402,-8.7855,-2.857711,401.250937,45.7271,-5.204838,1
5.7899,92.4277,23.1841,4.5333,55.7417,0.1822,2.387,-5.332,33.3599,22.3126,-1.70265,133.055438,38.6919,1.734083,1
5.5749,59.5354,7.7491,0.9208,13.0542,0.6165,0.9246,18.9525,34.0016,32.6897,-0.483697,12.069913,15.0491,0.460362,1
5.3599,11.3794,6.633,0.2625,0.4458,0.6789,0.6337,12.4169,33.7879,30.4604,-0.387281,0.282503,21.371,0.701599,1
5.3599,36.3173,11.2769,2.2542,17.8375,0.2651,1.8585,-57.6792,34.0016,16.3521,-1.327648,33.150994,91.6808,5.606668,1
7.9397,61.0403,30.4154,4.1208,33.4125,0.1069,2.4628,-91.0187,26.8344,-31.6575,-2.235861,82.288305,117.8531,-3.722754,1
22.9884,68.3497,49.7453,3.2,16.7083,0.1346,2.146,-96.4604,-21.7274,-76.0222,-2.005448,35.856012,74.733,-0.983042,1
33.0926,81.8935,61.0688,1.4667,5.6083,0.2501,1.6355,-106.2813,-64.0014,-97.9609,-1.385894,9.172375,42.2799,-0.4316,1
56.9556,73.0793,66.3519,0.5958,0.9375,0.4225,1.0076,-105.7418,-93.405,-100.3243,-0.861566,0.944625,12.3368,-0.122969,1
5.3599,89.2029,38.1984,8.1333,118.8834,0.0585,3.0566,-13.8821,34.215,12.2526,-2.838729,363.379,48.0971,3.925461,1
6.2198,96.5123,66.288,5.65,55.7583,0.0777,2.7298,-16.3644,33.7879,-7.1531,-2.5549,152.209007,50.1523,-7.011268,1
7.9397,94.1475,62.048,5.5375,60.0792,0.0849,2.6999,-13.6085,31.8552,-5.3357,-2.466281,162.207832,45.4637,-8.520663,1
13.3142,96.2973,62.6661,8.4833,117.0333,0.0571,3.039,-12.7902,25.282,-1.0776,-2.862951,355.664199,38.0722,-35.330549,1
7.5097,87.913,28.0254,7.4917,110.8833,0.0654,2.9793,-6.1162,32.2862,20.0146,-2.727233,330.354616,38.4024,1.918719,1
11.8094,87.2681,60.8438,7.2042,90.8958,0.0621,2.9534,-9.0217,28.5944,-0.9508,-2.779009,268.451656,37.6161,-39.562579,1
59.3204,103.8217,82.2463,3.3625,27.0208,0.13,2.3005,-12.7902,-1.4611,-9.5306,-2.040221,62.16135,11.3291,-1.188708,1
6.6498,122.5252,74.3843,7.8167,108.2667,0.0591,3.0167,-13.0626,32.5014,-5.01,-2.828524,326.608154,45.564,-9.094611,1
6.4348,82.5385,50.6716,6.15,71.275,0.0742,2.8069,-24.3292,32.2862,1.4419,-2.600991,200.061798,56.6154,39.264443,1
21.2686,104.0367,59.7806,5.9083,56.9417,0.0733,2.7582,-23.7475,18.2624,-7.4315,-2.613195,157.056597,42.0099,-5.65295,1
50.0762,108.9813,83.0709,5.7708,56.3458,0.0741,2.7618,-27.2694,-4.0324,-19.5959,-2.60234,155.61583,23.237,-1.185809,1
10.5195,109.4113,76.0496,6.6,74.75,0.0679,2.8598,-26.973,27.0552,-16.6155,-2.689719,213.77005,54.0282,-3.251675,1
11.1644,110.2712,72.2924,6.8,75.8333,0.0656,2.8745,-28.7597,26.6133,-19.3164,-2.72418,217.982821,55.373,-2.866631,1
62.3302,126.1799,89.3406,6.5792,74.3042,0.0676,2.8712,-31.7826,-14.1561,-22.5842,-2.694147,213.342219,17.6265,-0.780479,1
31.1577,104.0367,76.7105,5.7208,55.6792,0.0779,2.7184,-25.4989,2.0793,-16.2552,-2.552329,151.358337,27.5782,-1.696577,1
38.8971,119.5154,72.8827,6.4792,71.9458,0.0674,2.8557,-27.2694,-0.1888,-19.4267,-2.69711,205.455621,27.0806,-1.393989,1
43.6267,117.7956,76.7315,5.8042,62.3375,0.0781,2.7584,-24.6208,-8.2246,-16.6129,-2.549765,171.95176,16.3962,-0.986956,1
35.4574,101.0269,71.6156,5.7333,54.4833,0.0767,2.7236,-22.8787,-1.9724,-14.6714,-2.567854,148.390716,20.9063,-1.42497,1
48.5713,108.1214,76.8037,5.5667,55.3833,0.0783,2.7253,-23.7475,-2.7422,-14.5736,-2.547208,150.936107,21.0053,-1.441325,1
6.8648,86.1932,39.474,5.2375,48.7208,0.0814,2.6751,-15.8096,31.207,3.3218,-2.50838,130.333012,47.0166,14.153953,1
7.5097,107.6914,62.263,7.6958,100.0542,0.0618,2.9786,-18.6017,31.207,-3.1764,-2.783852,298.02144,49.8087,-15.680865,1
30.0828,95.4374,70.6633,5.7958,54.6625,0.0738,2.7457,-18.3204,3.3275,-7.3425,-2.606397,150.086826,21.6479,-2.948301,1
54.1609,138.2189,84.9394,7.4417,99.7333,0.0619,2.9536,-24.038,4.421,-12.173,-2.782235,294.572275,28.459,-2.337879,1
5.7899,137.3589,51.9346,8.7667,166.1667,0.0665,3.1044,-13.6085,34.215,10.9511,-2.710553,515.847903,47.8235,4.367004,1
5.3599,39.3271,8.258,1.3583,10.5833,0.4344,1.3808,19.4112,34.0016,31.7068,-0.83379,14.613421,14.5904,0.460166,1
5.1449,31.1577,6.4482,0.4125,2.5708,0.7483,0.6303,13.3639,34.0016,32.5092,-0.289951,1.620375,20.6377,0.634826,1
5.3599,24.9233,10.3834,1.8833,8.775,0.216,1.8337,-30.264,33.7879,17.9237,-1.532477,16.090718,64.0519,3.573587,1
6.0048,56.5257,15.9041,3.2875,28.4792,0.1609,2.2304,-68.6495,34.6414,6.1201,-1.826972,63.520008,103.2909,16.877322,1
17.8289,67.9197,51.2989,2.0125,9.9125,0.2006,1.8668,-93.405,-0.4426,-78.5897,-1.606442,18.504655,92.9624,-1.182883,1
31.5877,67.4897,49.8486,2.3708,10.5792,0.1597,1.9932,-98.9616,-48.8732,-82.2293,-1.834458,21.086461,50.0884,-0.609131,1
44.9166,84.2583,66.0478,1.7875,8.3875,0.2227,1.7897,-106.2813,-80.1903,-97.8362,-1.50193,15.011109,26.091,-0.26668,1
62.3302,73.9392,66.6365,0.3833,0.4417,0.5259,0.7424,-105.7418,-95.8417,-101.6857,-0.642644,0.327918,9.9001,-0.09736,1
8.7996,91.9977,68.8384,6.1292,81.8042,0.0769,2.7871,-13.8821,32.2862,-7.7101,-2.565249,227.996486,46.1683,-5.988029,1
40.617,98.6621,82.0657,3.525,23.5583,0.1178,2.3276,-15.8096,2.5796,-12.7757,-2.138767,54.834299,18.3892,-1.439389,1
27.718,121.8802,73.6889,6.6667,81.65,0.0693,2.8773,-15.8096,14.3063,-5.7682,-2.66931,234.931545,30.1159,-5.221022,1
7.7247,111.5611,54.3129,8.5375,128.3458,0.0539,3.1114,-7.6951,31.8552,6.3242,-2.920625,399.335122,39.5503,6.253803,1
8.3696,80.3887,45.8269,5.9958,64.7292,0.079,2.7706,-5.332,31.8552,9.5246,-2.538307,179.338722,37.1872,3.904332,1
19.9787,90.0629,73.4488,4.4833,38.7333,0.098,2.5445,-7.9597,25.7267,-3.4549,-2.322788,98.556882,33.6864,-9.750326,1
8.5846,114.3558,70.9051,9.6583,150.7833,0.0494,3.1665,-10.0901,32.2862,-1.2669,-3.007805,477.455319,42.3763,-33.448812,1
6.2198,101.2419,32.9759,5.6333,61.7667,0.0847,2.7155,-14.1561,33.5741,16.7725,-2.46864,167.727474,47.7302,2.845742,1
6.6498,105.3266,40.2013,6.0958,74.9458,0.0817,2.7872,-23.7475,32.0708,2.7529,-2.504701,208.888934,55.8183,20.276181,1
17.6139,107.6914,72.0884,6.9083,75.4833,0.0652,2.8582,-24.6208,21.9157,-15.3666,-2.730296,215.746368,46.5365,-3.028419,1
21.9135,117.3656,56.9271,7.3167,82.5083,0.0599,2.9199,-25.2057,18.2624,-8.4168,-2.815079,240.915985,43.4681,-5.164445,1
10.3045,82.7535,54.5875,6.6583,76.4417,0.067,2.854,-21.1547,23.718,-7.9817,-2.703063,218.164612,44.8727,-5.621948,1
16.754,108.5513,84.9974,4.5833,38.5167,0.0939,2.5474,-24.913,14.7759,-14.9406,-2.365525,98.117442,39.6889,-2.656446,1
64.05,119.0854,88.8587,5.1333,45.525,0.084,2.628,-22.8787,-9.0217,-16.3216,-2.476938,119.6397,13.857,-0.848998,1
55.6657,127.0398,83.7041,8.975,146.5917,0.0524,3.1605,-25.2057,-9.5551,-16.7857,-2.948849,463.303068,15.6506,-0.932377,1
44.0567,124.89,81.5325,10.2833,180.2,0.0458,3.2622,-27.8638,-3.5153,-14.1268,-3.083471,587.84844,24.3485,-1.723568,1
49.0013,113.2809,81.7189,5.9333,62.725,0.0753,2.767,-19.1657,-5.0714,-12.6603,-2.586275,173.560075,14.0943,-1.113267,1
44.4866,140.5837,81.8751,8.2083,114.325,0.062,2.994,-24.913,8.097,-14.8237,-2.780621,342.28905,33.01,-2.226839,1
18.9038,151.7627,64.9922,7.8917,111.2,0.0612,2.9927,-23.4573,24.6132,-3.4966,-2.793608,332.78824,48.0705,-13.747784,1
22.3435,113.0659,61.3216,7.8,108.4,0.0611,2.9956,-18.0396,18.9525,-6.3607,-2.795243,324.72304,36.9921,-5.815728,1
41.9069,119.7304,77.719,6.5292,70.9875,0.0669,2.8488,-18.0396,5.9,-6.013,-2.704556,202.22919,23.9396,-3.981307,1
50.0762,133.4893,88.2304,10.475,182.85,0.0454,3.2648,-28.1619,-0.9511,-14.6229,-3.092243,596.96868,27.2108,-1.860835,1
6.2198,115.0008,58.4882,7.5792,115.7208,0.0732,2.9633,-22.5901,33.3599,5.6448,-2.61456,342.915447,55.95,9.911777,1
5.5749,33.3076,8.1656,1.2583,9.3667,0.4491,1.3381,16.4106,34.6414,32.404,-0.80051,12.533581,18.2308,0.56261,1
5.5749,46.8515,12.2376,3.3083,32.3583,0.2229,2.1093,4.421,35.2792,29.4107,-1.501032,68.253362,30.8582,1.049217,1
5.1449,20.1937,7.7222,0.8833,3.325,0.4296,1.2329,5.4082,35.2792,29.8162,-0.844901,4.099393,29.871,1.001838,1
6.0048,36.3173,10.2944,1.8125,12.1958,0.301,1.6796,-27.8638,33.7879,23.1324,-1.200645,20.484066,61.6517,2.665167,1
6.4348,65.3399,30.3801,4.4792,35.6375,0.0936,2.5297,-96.9562,33.1456,-33.6741,-2.368725,90.152184,130.1018,-3.863557,1
11.8094,61.9002,44.7201,2.5417,14.825,0.1696,2.0458,-98.4569,17.57,-68.6,-1.774313,30.328985,116.0269,-1.691354,1
43.8417,66.4148,55.2484,1.2667,3.5083,0.2666,1.5089,-99.4687,-72.6526,-91.3158,-1.322006,5.293674,26.8161,-0.293663,1
52.441,81.6786,69.1962,1.5375,4.1375,0.233,1.5761,-106.2813,-86.3875,-98.2454,-1.456717,6.521114,19.8938,-0.202491,1
66.6298,78.8838,71.6567,0.45,0.575,0.4847,0.8388,-107.3685,-99.4687,-104.7627,-0.724225,0.48231,7.8998,-0.075407,1
41.4769,97.3723,73.6839,4.4583,36.625,0.0958,2.5284,-12.2468,4.1733,-8.5255,-2.345493,92.60265,16.4201,-1.925998,1
41.4769,135.854,86.7953,5.2917,55.1417,0.0876,2.6716,-13.6085,-0.1888,-10.4331,-2.434974,147.316566,13.4197,-1.286262,1
8.3696,128.9746,71.4048,8.7,128.8083,0.0542,3.1081,-14.4306,32.0708,-3.0073,-2.915074,400.349077,46.5014,-15.46284,1
7.7247,78.6688,43.0675,5.6375,60.6375,0.0794,2.7557,-7.9597,32.7164,7.6853,-2.533257,167.098759,40.6761,5.292715,1
6.4348,73.5092,36.5399,6.2375,67.4458,0.0715,2.8095,-5.8544,33.7879,13.5911,-2.638058,189.488975,39.6423,2.916784,1
10.7345,79.5287,42.1101,5.6667,57.3167,0.0774,2.7443,-3.5153,32.0708,9.393,-2.558768,157.29422,35.5861,3.788577,1
5.5749,67.4897,23.0287,4.45,44.7833,0.1081,2.5345,-3.5153,34.0016,20.5956,-2.224699,113.503274,37.5169,1.821598,1
5.7899,79.0988,23.0648,4.7,44.9417,0.0952,2.6028,-19.4484,33.7879,21.4658,-2.351775,116.974257,53.2363,2.480052,1
10.5195,99.0921,47.9432,6.8083,75.0667,0.065,2.8747,-22.302,30.5569,1.5543,-2.733368,215.794242,52.8589,34.008171,1
19.9787,95.8674,47.1051,6.2125,60.9792,0.0706,2.7732,-22.302,19.1819,-2.1539,-2.650725,169.107517,41.4839,-19.259901,1
32.4477,82.9685,57.7366,4.5458,39.3958,0.0972,2.525,-20.8691,10.9876,-12.7021,-2.330985,99.474395,31.8567,-2.507987,1
19.9787,91.7827,56.3098,7.9958,105.3292,0.0582,3.0231,-17.7593,19.1819,-4.8311,-2.84387,318.420705,36.9412,-7.64654,1
43.8417,97.1573,74.1752,3.9042,26.1042,0.1091,2.375,-11.9758,4.1733,-5.8462,-2.21549,61.997475,16.1491,-2.762324,1
32.8776,127.8997,77.3218,9.225,136.2334,0.0498,3.1216,-22.302,15.0103,-8.7894,-2.99974,425.266181,37.3123,-4.245148,1
53.7309,133.7042,81.0479,8.3625,130.0958,0.0575,3.0665,-26.6771,-4.2916,-12.9342,-2.85597,398.938771,22.3855,-1.730722,1
44.4866,129.8345,72.9357,5.775,74.6833,0.0868,2.7229,-18.8835,-4.2916,-8.4832,-2.444149,203.355158,14.5919,-1.720094,1
61.4702,127.6847,90.964,8.2875,112.0458,0.0534,3.0612,-19.7316,-5.593,-10.6754,-2.929945,342.994603,14.1386,-1.324409,1
19.3337,144.8833,75.6087,6.7333,78.4833,0.0647,2.8897,-27.2694,17.8011,-11.4094,-2.737994,226.793192,45.0705,-3.950295,1
14.3891,64.265,43.6695,4.2875,30.9708,0.1009,2.4528,-7.1672,25.9487,3.2421,-2.293625,75.965178,33.1159,10.214336,1
23.8484,119.9454,65.5566,7.175,89.7667,0.0638,2.9432,-17.4794,24.3897,-3.9093,-2.752002,264.201351,41.8691,-10.710127,1
46.4215,123.3851,85.822,7.6625,92.0792,0.0584,2.964,-23.1677,5.1619,-8.276,-2.840439,272.922749,28.3296,-3.423103,1
7.7247,128.5447,69.2029,9.1292,144.1958,0.0494,3.1849,-24.038,32.2862,-1.2219,-3.007805,459.249203,56.3242,-46.095589,1
5.3599,76.519,13.4629,3.3542,38.4042,0.2007,2.1587,0.0646,34.215,28.7444,-1.605944,82.903147,34.1504,1.188071,1
5.3599,38.8971,8.5561,1.7542,14.0542,0.3408,1.6248,21.0085,34.0016,32.2102,-1.076459,22.835264,12.9931,0.403385,1
5.3599,44.2717,8.9163,1.9167,15.425,0.3111,1.7168,21.6893,36.3381,32.95,-1.167641,26.48164,14.6488,0.444577,1
5.7899,29.4379,10.4758,1.7167,8.125,0.2334,1.7562,-2.4852,35.9152,24.3156,-1.455002,14.269125,38.4004,1.57925,1
5.7899,46.4215,14.2993,3.5292,29.3542,0.1519,2.3053,-68.6495,33.7879,10.4336,-1.884533,67.670237,102.4374,9.81803,1
12.2393,81.6786,43.5889,5.35,51.525,0.0824,2.6901,-100.4897,14.0712,-52.0446,-2.49617,138.607402,114.5609,-2.201206,1
15.2491,84.0434,62.813,2.6583,17.4917,0.1717,2.088,-102.5603,7.3674,-88.8939,-1.762007,36.52267,109.9277,-1.236617,1
41.6919,71.7894,62.829,0.8042,1.5875,0.3548,1.2021,-102.5603,-75.9472,-96.537,-1.036201,1.908334,26.6131,-0.275678,1
48.7863,75.0141,63.1313,0.9833,2.2917,0.3153,1.3321,-103.0842,-82.8076,-94.2667,-1.154231,3.052774,20.2766,-0.215098,1
65.3399,83.1834,73.7427,1.1875,3.1458,0.2758,1.4695,-107.9162,-94.8607,-102.3982,-1.288079,4.622753,13.0555,-0.127497,1
44.7016,127.2548,78.5092,6.05,70.2334,0.0735,2.8114,-17.1999,5.1619,-7.9431,-2.61047,197.454181,22.3618,-2.815248,1
7.9397,129.6196,73.8107,9.0542,145.5458,0.0532,3.1461,-16.3644,32.5014,-2.0964,-2.933697,457.901641,48.8658,-23.309388,1
6.8648,115.2158,30.4297,5.5667,63.2667,0.0823,2.7712,-9.8224,32.9311,19.7146,-2.497384,175.324679,42.7535,2.168621,1
6.4348,59.5354,21.5885,4.8292,52.1792,0.1035,2.6197,0.0646,33.1456,23.6503,-2.268184,136.69385,33.081,1.398756,1
6.2198,81.2486,31.707,6.8083,83.9833,0.0688,2.9016,-24.3292,33.5741,10.6777,-2.676552,243.685943,57.9033,5.422825,1
6.4348,62.9751,33.5184,5.95,58.7667,0.0749,2.7453,-22.0145,33.1456,1.9975,-2.591601,161.332222,55.1601,27.614568,1
5.7899,49.6462,18.9592,3.7625,28.3625,0.1186,2.3894,-8.4899,32.7164,18.8133,-2.131999,67.769358,41.2063,2.190275,1
6.6498,105.3266,35.8479,7.0083,95.25,0.0663,2.9229,-19.7316,32.5014,13.9524,-2.713565,278.406225,52.233,3.743657,1
24.7083,75.6591,46.7658,4.4583,33.75,0.0944,2.5141,-19.4484,14.7759,-3.2434,-2.360214,84.850875,34.2243,-10.551982,1
7.9397,64.48,42.5031,3.4208,20.8208,0.1174,2.2946,-17.7593,31.207,-3.5274,-2.142168,47.775408,48.9663,-13.881698,1
15.2491,81.4636,57.0824,4.6792,43.9875,0.0974,2.5586,-19.7316,25.9487,-6.0057,-2.328929,112.546418,45.6803,-7.606157,1
13.5292,84.9033,52.3108,9.6125,141.4375,0.0487,3.153,-14.7056,27.0552,4.2417,-3.022076,445.952438,41.7608,9.845298,1
10.3045,92.6426,50.4381,6.425,71.35,0.0761,2.7995,-13.3353,28.3751,2.266,-2.575707,199.744325,41.7104,18.407061,1
24.2783,92.8576,64.9771,5.2583,53.1917,0.0838,2.6653,-14.981,17.3387,-6.9498,-2.479322,141.771838,32.3197,-4.65045,1
58.2455,112.206,80.35,4.2542,32.7292,0.0992,2.4784,-16.921,-2.7422,-9.7995,-2.310617,81.116049,14.1788,-1.44689,1
64.695,105.1116,85.9068,2.7792,15.3292,0.1472,2.1253,-20.0152,-7.431,-15.1446,-1.915963,32.579149,12.5842,-0.830936,1
58.6755,96.9423,82.7459,4.0792,29.6042,0.1034,2.4385,-18.8835,-6.3784,-12.9922,-2.26915,72.189842,12.5051,-0.962508,1
28.7929,82.3235,66.068,4.2,33.4333,0.1024,2.4765,-14.4306,13.1275,-4.5586,-2.278869,82.797567,27.5581,-6.045299,1
23.2034,82.3235,57.4057,3.7083,25.1,0.1103,2.3852,-10.0901,15.2443,-1.9823,-2.204551,59.86852,25.3344,-12.780306,1
13.3142,134.9941,54.3213,9.2417,149.1417,0.0498,3.1812,-16.3644,28.1558,7.7413,-2.99974,474.449576,44.5202,5.750998,1
10.5195,145.0983,76.5501,11.075,204.2667,0.0429,3.3189,-21.7274,31.6394,0.1395,-3.148883,677.940751,53.3668,382.557706,1
5.7899,93.5026,24.1112,5.4833,77.8917,0.1119,2.6489,-6.3784,33.3599,25.0633,-2.19015,206.327324,39.7383,1.585517,1
5.1449,52.226,7.5996,1.1375,10.1458,0.4753,1.2424,15.945,34.4283,32.6544,-0.743809,12.605142,18.4833,0.566028,1
5.3599,23.8484,7.1201,0.8583,4.1083,0.4684,1.1517,26.1705,35.9152,33.3301,-0.758433,4.731529,9.7447,0.292369,1
5.1449,20.8386,6.9907,0.6042,2.1042,0.5037,1.0168,1.0746,36.5493,33.3691,-0.685774,2.139551,35.4747,1.0631,1
5.7899,55.2358,15.6681,3.3917,32.1083,0.1583,2.2305,-80.6227,36.5493,5.9772,-1.843263,71.617563,117.172,19.603159,1
7.5097,60.8253,27.4829,5.9458,64.3208,0.0754,2.7812,-81.4919,28.5944,-24.2417,-2.584948,178.889009,110.0863,-4.541196,1
12.6693,75.2291,45.4137,4.725,42.3583,0.0943,2.5729,-94.3734,14.0712,-63.2246,-2.361274,108.98367,108.4446,-1.715228,1
10.0895,91.9977,47.3158,5.6042,64.7542,0.0842,2.7023,-100.4897,18.7228,-63.0873,-2.47456,174.985275,119.2125,-1.889643,1
62.3302,88.773,69.7747,1.3042,4.4375,0.277,1.5481,-103.0842,-83.6927,-98.1824,-1.283738,6.869694,19.3915,-0.197505,1
61.9002,74.7991,67.7005,0.3958,0.6125,0.5373,0.8157,-100.4897,-92.4445,-98.0007,-0.621199,0.499616,8.0452,-0.082093,1
65.9849,78.6688,73.4614,0.5083,0.8,0.4665,0.9372,-105.205,-93.405,-99.6797,-0.762497,0.74976,11.8,-0.118379,1
7.5097,149.8279,64.1264,12.0,226.55,0.0413,3.3483,-21.1547,32.7164,6.2615,-3.186893,758.557365,53.8711,8.603545,1
6.2198,92.8576,18.971,5.6625,86.3292,0.1165,2.6535,-11.7051,33.5741,25.8344,-2.149864,229.074532,45.2792,1.752671,1
6.8648,69.4246,25.8798,5.5958,62.1208,0.0836,2.7372,-18.8835,32.7164,15.8802,-2.481712,170.037054,51.5999,3.249323,1
12.2393,77.3789,43.8786,8.075,104.9333,0.0557,3.0153,-20.0152,26.392,2.4684,-2.887775,316.405379,46.4072,18.800519,1
8.7996,81.6786,48.9795,7.7542,101.3125,0.0636,2.9535,-22.5901,29.4689,-4.4607,-2.755142,299.226469,52.059,-11.67059,1
6.6498,76.304,38.2144,5.7958,58.5292,0.076,2.7409,-19.1657,31.6394,3.2952,-2.577022,160.422684,50.8051,15.417911,1
6.0048,66.1998,20.0392,3.6583,29.125,0.1194,2.3716,-13.0626,31.8552,21.6048,-2.125276,69.07285,44.9178,2.079066,1
6.8648,76.089,32.3401,5.0292,46.4375,0.0858,2.6372,-13.3353,32.5014,13.2276,-2.455736,122.464975,45.8367,3.465232,1
5.5749,53.5159,23.5091,3.1125,17.9375,0.1298,2.227,-11.9758,33.3599,15.6124,-2.04176,39.946812,45.3357,2.903826,1
5.5749,84.2583,30.0064,6.0708,96.5958,0.12,2.6771,-6.3784,33.3599,19.148,-2.120264,258.596616,39.7383,2.075324,1
9.4446,91.9977,62.1194,5.5833,57.225,0.0848,2.6802,-0.1888,30.1224,4.6018,-2.46746,153.374445,30.3112,6.586814,1
10.9494,73.0793,43.9525,9.0042,131.3375,0.0534,3.0861,-0.6967,29.032,10.542,-2.929945,405.320659,29.7287,2.820025,1
10.9494,115.2158,66.8843,8.3458,115.9792,0.0563,3.0632,-19.1657,28.8133,-6.9862,-2.877061,355.267485,47.979,-6.867682,1
34.1675,101.4569,71.3963,5.7458,57.5208,0.0763,2.7265,-17.7593,5.4082,-8.4265,-2.573082,156.830461,23.1675,-2.749362,1
59.7504,113.7109,89.2331,4.7958,43.1625,0.089,2.6239,-18.3204,-6.3784,-13.1968,-2.419119,113.254084,11.942,-0.904916,1
67.0598,104.4667,88.5975,3.7833,28.7583,0.1122,2.4146,-18.8835,-4.811,-13.8798,-2.187472,69.439791,14.0725,-1.013883,1
42.1218,108.9813,81.9666,6.3625,67.0625,0.0703,2.8169,-16.921,2.0793,-9.0306,-2.654983,188.908356,19.0003,-2.103991,1
24.0633,93.2876,61.0487,7.1792,83.5125,0.0617,2.9317,-11.9758,10.0289,-3.4186,-2.785471,244.833596,22.0047,-6.436758,1
19.5487,111.5611,61.7264,7.1917,100.45,0.0661,2.9322,-10.0901,25.7267,3.0331,-2.716587,294.53949,35.8168,11.808645,1
6.2198,125.7499,57.7517,9.6333,178.6583,0.0512,3.1918,-15.2567,34.4283,13.1092,-2.972016,570.241562,49.685,3.790086,1
5.3599,71.1444,10.6505,2.3083,25.2417,0.2898,1.7913,10.0289,34.8542,32.3331,-1.238564,45.215457,24.8253,0.767798,1
5.3599,58.0305,9.0213,1.8292,20.6375,0.4672,1.4169,16.1779,34.4283,32.3723,-0.760998,29.241274,18.2504,0.563766,1
5.5749,61.4702,12.32,3.5292,41.5708,0.1836,2.2157,17.8011,34.0016,30.2595,-1.694996,92.108422,16.2005,0.535386,1
5.1449,17.8289,6.4172,0.3875,1.3625,0.68,0.7125,22.5934,37.1816,34.216,-0.385662,0.970781,14.5882,0.426356,1
5.3599,28.7929,10.9016,1.6958,6.6875,0.2331,1.7197,-36.1145,36.7603,16.6078,-1.456288,11.500494,72.8748,4.387986,1
6.6498,66.6298,31.3677,4.0667,32.5083,0.1057,2.4567,-85.4825,34.215,-36.4352,-2.24715,79.863141,119.6975,-3.285216,1
7.2947,75.0141,39.4623,4.7708,42.1292,0.0893,2.6042,-92.4445,34.4283,-46.0494,-2.415754,109.712863,126.8728,-2.755146,1
27.718,76.734,56.9044,3.9917,29.0583,0.1032,2.4506,-91.4921,-5.593,-74.8908,-2.271086,71.21027,85.8991,-1.146991,1
44.9166,80.1737,62.6921,2.3833,12.3083,0.1725,1.9832,-100.4897,-67.082,-91.7411,-1.757358,24.409821,33.4077,-0.364152,1
53.7309,84.9033,70.5003,1.725,5.5,0.2073,1.7197,-103.6105,-73.8781,-92.9653,-1.573588,9.45835,29.7324,-0.319823,1
65.9849,80.3887,71.2477,0.8958,2.4042,0.3524,1.2896,-107.3685,-91.9673,-99.3144,-1.042988,3.100456,15.4012,-0.155075,1
68.5646,79.9587,73.353,0.7958,1.3875,0.3625,1.1504,-101.5201,-92.4445,-97.0884,-1.014731,1.59618,9.0756,-0.093478,1
6.0048,97.8022,28.6242,6.1083,85.3083,0.0901,2.7905,-21.4408,33.7879,15.9678,-2.406835,238.052811,55.2287,3.458754,1
6.0048,102.1019,41.9237,7.0917,95.75,0.0716,2.9016,-21.4408,33.5741,3.5496,-2.63666,277.8282,55.0149,15.498901,1
10.0895,98.6621,67.1261,7.9917,108.3333,0.0567,3.0242,-23.1677,27.9361,-12.9017,-2.869981,327.621566,51.1038,-3.961013,1
22.9884,101.0269,57.8861,7.4417,98.275,0.0622,2.951,-21.1547,22.1418,-0.6078,-2.7774,290.009525,43.2965,-71.234781,1
12.8843,108.3363,59.2113,8.0375,115.0792,0.0556,3.0445,-10.8958,29.2505,7.8877,-2.889572,350.358624,40.1463,5.089735,1
7.0798,99.952,36.2863,7.1208,93.4208,0.0657,2.9312,-11.9758,32.7164,16.5666,-2.722656,273.835049,44.6922,2.697729,1
5.5749,93.0726,31.4315,7.8667,111.0917,0.0598,3.0177,2.5796,33.3599,21.8289,-2.81675,335.241423,30.7803,1.410071,1
5.5749,60.6103,20.0769,4.6292,47.3542,0.1162,2.5422,-4.0324,33.7879,23.2095,-2.152442,120.383847,37.8203,1.629518,1
5.7899,79.9587,27.2847,4.5375,37.7792,0.095,2.5438,-10.8958,33.1456,14.669,-2.353878,96.102729,44.0414,3.002345,1
6.2198,86.4082,53.1229,5.4458,68.5292,0.0899,2.7171,-7.9597,33.3599,6.0865,-2.409057,186.200689,41.3196,6.788729,1
6.6498,96.7273,47.1286,7.5542,99.7708,0.0612,2.9751,-1.9724,33.1456,14.1046,-2.793608,296.828107,35.118,2.489826,1
12.4543,118.2255,40.8907,6.2458,68.9375,0.0732,2.8238,-23.1677,30.1224,9.1547,-2.61456,194.665712,53.2901,5.821065,1
27.933,115.2158,69.5984,7.5792,101.1208,0.0608,2.9969,-27.5664,5.9,-11.365,-2.800165,303.048926,33.4664,-2.94469,1
48.5713,123.6001,85.1401,7.0917,87.3083,0.0622,2.9458,-28.1619,-3.7737,-12.9721,-2.7774,257.19279,24.3882,-1.88005,1
69.2096,109.4113,90.5121,4.925,38.7833,0.0878,2.5671,-13.3353,-4.2916,-9.1918,-2.432694,99.560609,9.0437,-0.983888,1
56.9556,121.4503,89.8496,9.0,141.575,0.0514,3.1504,-15.8096,-4.2916,-10.6385,-2.968117,446.01788,11.518,-1.082671,1
54.3758,132.4143,89.3902,8.65,129.4667,0.0538,3.0893,-16.3644,7.3674,-8.0974,-2.922482,399.961476,23.7318,-2.930793,1
6.6498,136.069,72.0363,11.1333,223.1,0.0441,3.3396,-16.3644,34.0016,2.2133,-3.121295,745.06476,50.366,22.756066,1
6.2198,106.1865,42.2193,9.5833,168.7084,0.0495,3.2144,-9.2882,33.3599,18.8156,-3.005783,542.296281,42.6481,2.266635,1
5.5749,57.1706,10.5203,2.5667,28.6833,0.2284,1.9541,14.0712,34.6414,31.8451,-1.476657,56.050037,20.5702,0.645946,1
5.3599,33.7375,7.3829,1.2167,9.575,0.4197,1.3393,23.2689,35.0668,33.274,-0.868215,12.823797,11.7979,0.354568,1
5.1449,54.5908,11.0301,2.9083,33.1,0.2362,2.0133,19.1819,35.0668,32.1024,-1.443076,66.64023,15.8849,0.49482,1
5.5749,38.0372,8.6174,1.4,9.2333,0.3229,1.5107,15.945,36.1268,30.0274,-1.130413,13.948746,20.1818,0.672113,1
5.1449,28.148,9.6209,1.425,5.475,0.2675,1.6279,-30.264,36.7603,21.1204,-1.318636,8.912752,67.0243,3.173439,1
7.0798,44.0567,21.3601,4.425,36.825,0.0985,2.5316,-67.082,28.3751,-12.9812,-2.317699,93.22617,95.4571,-7.353488,1
10.0895,66.8448,37.2469,4.1,35.3583,0.1168,2.434,-84.1377,22.5934,-43.242,-2.147292,86.062102,106.7311,-2.468228,1
18.4738,76.949,45.1576,4.0208,31.9542,0.1068,2.4676,-86.3875,0.3176,-55.8531,-2.236797,78.850184,86.7051,-1.552378,1
10.5195,80.8186,40.6556,5.0042,44.1292,0.0862,2.6077,-88.6804,21.9157,-37.8118,-2.451085,115.075715,110.5961,-2.92491,1
55.4507,90.7078,73.9854,2.7583,13.275,0.1396,2.107,-104.671,-83.6927,-97.5462,-1.968974,27.970425,20.9783,-0.21506,1
50.5061,84.9033,67.6082,1.7542,6.4292,0.2069,1.7663,-104.1394,-81.0565,-92.9749,-1.57552,11.355896,23.0829,-0.24827,1
64.48,81.8935,72.8878,0.9125,2.2542,0.3391,1.305,-104.671,-91.0187,-98.5342,-1.08146,2.941731,13.6523,-0.138554,1
64.05,82.3235,72.3789,0.7333,1.4333,0.3926,1.109,-99.4687,-79.33,-89.6072,-0.934964,1.58953,20.1387,-0.224744,1
14.1742,76.949,42.986,5.7333,55.55,0.0766,2.7134,-18.3204,24.8364,-0.1137,-2.569158,150.72937,43.1568,-379.567282,1
11.1644,103.6067,51.1461,8.1958,114.9208,0.0571,3.0423,-17.7593,27.4961,1.9289,-2.862951,349.62355,45.2554,23.461766,1
6.4348,113.7109,44.181,7.4,113.1167,0.0644,2.9454,-19.1657,33.1456,7.9546,-2.742642,333.173928,52.3113,6.576233,1
5.3599,72.8643,23.3193,5.275,63.0917,0.1037,2.6495,-14.1561,33.3599,23.4338,-2.266253,167.161459,47.516,2.027669,1
4.9299,46.2065,18.2244,3.0,20.8917,0.1461,2.2066,1.5776,33.7879,25.2266,-1.923464,46.099625,32.2103,1.276839,1
5.3599,49.4312,17.4182,4.8208,51.8542,0.1048,2.5728,7.1237,33.5741,27.5076,-2.255702,133.410486,26.4504,0.961567,1
5.7899,74.1542,20.9066,6.0708,86.9708,0.0941,2.7553,-2.9995,33.3599,25.8001,-2.363397,239.630645,36.3594,1.409274,1
8.1547,87.2681,63.7653,3.9625,29.0292,0.1076,2.4136,-8.2246,30.7739,-1.6807,-2.229335,70.064877,38.9985,-23.203725,1
22.7735,88.558,62.855,5.3667,48.8417,0.08,2.658,-10.8958,18.2624,-5.1827,-2.525729,129.821239,29.1582,-5.626064,1
6.8648,97.3723,46.1561,8.3625,115.9208,0.0534,3.0624,-9.2882,32.5014,13.7243,-2.929945,354.995858,41.7896,3.044935,1
6.2198,75.874,29.2011,7.4333,92.7167,0.061,2.9521,8.097,33.1456,23.8285,-2.796881,273.70897,25.0486,1.051203,1
9.8745,95.8674,46.7364,8.6,126.4583,0.0554,3.0844,-15.8096,30.5569,13.5982,-2.893176,390.047981,46.3665,3.409753,1
27.0731,132.1994,84.4884,11.7292,222.0708,0.0404,3.3577,-24.6208,16.8752,-13.0623,-3.208925,745.647125,41.496,-3.176776,1
54.1609,125.1049,86.4871,5.4875,60.1875,0.0809,2.7418,-26.0869,-2.4852,-7.2355,-2.514541,165.022088,23.6017,-3.261931,1
51.5811,134.3492,92.8148,9.7667,157.225,0.0493,3.1815,-18.0396,3.0785,-7.8683,-3.009831,500.211338,21.1181,-2.683947,1
8.5846,140.7986,62.8467,12.775,285.725,0.0414,3.4288,-11.4349,31.207,6.8367,-3.184474,979.69388,42.6419,6.237205,1
8.3696,127.2548,57.5401,12.2583,268.6667,0.0388,3.4385,-8.7556,32.5014,13.1858,-3.249335,923.810448,41.257,3.128896,1
6.2198,71.7894,21.9673,4.7583,49.8417,0.1058,2.5818,-3.5153,34.0016,21.4711,-2.246205,128.681301,37.5169,1.747321,1
6.2198,67.2747,26.9866,4.3625,34.9292,0.1003,2.5079,-4.0324,33.1456,17.4995,-2.29959,87.598941,37.178,2.124518,1
6.0048,77.5939,15.611,4.3208,55.0542,0.1332,2.4475,8.097,34.0016,28.5332,-2.015904,134.745154,25.9046,0.907876,1
5.5749,31.3727,9.3992,1.7667,10.675,0.2836,1.7337,13.5999,35.9152,32.6062,-1.26019,18.507248,22.3153,0.684388,1
5.5749,47.0664,13.4914,2.575,13.8667,0.1576,2.0762,-12.7902,35.2792,24.4446,-1.847695,28.790043,48.0694,1.966463,1
5.1449,22.9884,8.9373,1.3333,6.15,0.3373,1.5345,-17.1999,36.971,25.9101,-1.086783,9.437175,54.1709,2.090725,1
6.4348,58.6755,18.9533,5.0417,43.6,0.0861,2.6023,-76.3651,33.7879,-3.4208,-2.452246,113.46028,110.153,-32.200947,1
8.5846,50.7211,24.7226,5.6208,52.6375,0.0785,2.6922,-71.4387,31.8552,-15.9221,-2.544657,141.710678,103.2939,-6.487455,1
16.109,81.8935,54.0257,3.25,47.725,0.1944,2.0112,-94.8607,11.7035,-71.0586,-1.637837,95.98452,106.5642,-1.499666,1
25.7832,87.6981,54.0962,5.0083,42.8583,0.085,2.603,-97.9544,-22.302,-75.7053,-2.465104,111.560155,75.6524,-0.999301,1
24.0633,80.6037,55.3197,3.9875,27.8625,0.1033,2.4168,-93.405,-14.7056,-68.9623,-2.270118,67.33809,78.6994,-1.141195,1
59.5354,83.8284,70.8992,2.2083,9.3167,0.1749,1.9356,-103.0842,-72.6526,-89.3262,-1.743541,18.033405,30.4316,-0.340679,1
58.4605,88.343,70.067,1.1375,3.7042,0.3155,1.4555,-103.0842,-80.6227,-94.7347,-1.153597,5.391463,22.4615,-0.237099,1
65.9849,92.4277,78.5899,1.5583,5.65,0.2349,1.6877,-102.039,-75.1155,-91.5002,-1.448595,9.535505,26.9235,-0.294245,1
65.3399,86.4082,74.2264,0.5875,1.1208,0.4416,1.0204,-100.4897,-81.0565,-92.4239,-0.817351,1.143664,19.4332,-0.210262,1
8.5846,86.1932,44.3439,7.7292,96.9209,0.059,2.976,-16.921,30.3397,4.3812,-2.830218,288.436598,47.2607,10.787159,1
5.7899,96.0824,28.8324,7.9125,124.7708,0.066,3.0231,-0.4426,33.7879,21.6929,-2.718101,377.194605,34.2305,1.577959,1
5.7899,64.05,25.1458,6.2208,82.5792,0.0793,2.8364,0.5703,33.5741,23.0925,-2.534517,234.227643,33.0038,1.4292,1
5.1449,82.1085,28.8291,5.6708,59.4542,0.0784,2.7498,-4.0324,33.7879,19.7872,-2.545931,163.487159,37.8203,1.911352,1
5.1449,68.9946,13.6174,4.1542,48.4875,0.1353,2.4245,10.5088,34.215,30.2259,-2.000261,117.557944,23.7062,0.784301,1
5.3599,66.8448,14.6302,3.8458,38.9208,0.1385,2.3747,1.3264,34.0016,28.3638,-1.976885,92.425224,32.6752,1.152004,1
6.2198,85.7632,56.4115,6.0875,78.1542,0.0808,2.7926,-4.5511,33.1456,4.7638,-2.515778,218.253419,37.6967,7.913158,1
7.2947,84.0434,49.1759,4.3333,36.0333,0.099,2.5235,-8.2246,32.0708,5.9531,-2.312635,90.930033,40.2954,6.76881,1
5.3599,77.8089,39.993,4.8208,41.1792,0.0891,2.6033,-8.4899,33.7879,7.8895,-2.417996,107.201811,42.2778,5.358743,1
5.1449,81.4636,18.9735,6.1083,92.1584,0.111,2.6999,-4.5511,34.6414,27.9392,-2.198225,248.818464,39.1925,1.402778,1
6.2198,110.2712,30.8017,7.4542,106.6708,0.0649,2.9784,-10.0901,33.3599,20.6246,-2.734908,317.708311,43.45,2.106708,1
9.2296,89.8479,47.7626,7.6875,99.7042,0.0576,2.9932,-13.8821,31.4233,4.1091,-2.854233,298.434611,45.3054,11.025626,1
23.4184,137.144,78.6839,12.2125,248.7292,0.0392,3.4015,-18.0396,20.5535,-3.4545,-3.239079,846.052374,38.5931,-11.171834,1
24.0633,136.069,78.6747,10.6,184.8833,0.0466,3.2497,-17.7593,17.1071,-1.1183,-3.066155,600.81526,34.8664,-31.178038,1
17.6139,130.4795,75.8228,12.0583,224.0584,0.0399,3.3445,-14.4306,26.392,4.0266,-3.221379,749.363319,40.8226,10.138231,1
8.7996,122.7401,45.3206,10.4542,186.6792,0.0454,3.271,-5.0714,32.7164,15.5836,-3.092243,610.627663,37.7878,2.424844,1
10.3045,91.3528,46.4929,6.3958,77.4958,0.0736,2.8523,-8.2246,29.687,6.4455,-2.60911,221.04127,37.9116,5.881871,1
7.7247,79.5287,51.0822,4.4958,38.4625,0.0953,2.5505,-7.6951,32.2862,1.0061,-2.350725,98.098606,39.9813,39.738893,1
10.5195,74.7991,48.1203,4.8625,42.1375,0.0868,2.6126,-3.7737,29.9047,4.303,-2.444149,110.088433,33.6784,7.826726,1
6.0048,73.5092,20.8269,4.625,41.4667,0.098,2.5533,-0.1888,33.7879,23.7798,-2.322788,105.876925,33.9767,1.428805,1
6.0048,86.6232,42.6702,5.175,53.675,0.0931,2.6596,-23.1677,34.0016,8.4806,-2.374081,142.75403,57.1693,6.741186,1
5.7899,68.9946,22.3317,3.6875,33.6125,0.1599,2.32,-33.9336,36.1268,14.5722,-1.833207,77.981,70.0604,4.807812,1
5.7899,31.5877,12.3191,2.4083,13.9,0.1912,1.9932,-34.8646,36.5493,16.7517,-1.654435,27.70548,71.4139,4.263084,1
7.2947,64.265,28.2689,5.9042,55.1875,0.0731,2.7424,-81.4919,29.4689,-23.8625,-2.615927,151.3462,110.9608,-4.650007,1
12.4543,68.1347,40.9294,5.225,57.05,0.0978,2.6018,-79.33,14.5413,-51.8437,-2.324831,148.43269,93.8713,-1.81066,1
21.4836,78.6688,58.8359,2.9125,16.5292,0.1373,2.146,-93.405,-14.1561,-78.0938,-1.985587,35.471663,79.2489,-1.014791,1
45.7765,90.0629,67.6417,3.2083,17.9,0.1248,2.2282,-98.9616,-69.0443,-90.2188,-2.081043,39.88478,29.9173,-0.331608,1
39.972,75.874,52.5804,2.0375,7.8125,0.1845,1.8633,-89.1444,-58.0431,-71.6054,-1.690106,14.557031,31.1013,-0.434343,1
56.7406,82.7535,67.2991,1.4917,4.1833,0.2397,1.5925,-97.4542,-69.4403,-80.9711,-1.428367,6.661905,28.0139,-0.345974,1
65.9849,82.1085,74.2508,0.6958,1.1208,0.388,1.0735,-109.0203,-88.2182,-100.9935,-0.94675,1.203179,20.8021,-0.205975,1
63.4051,78.6688,71.4484,0.5667,0.9083,0.4361,0.9919,-107.3685,-76.7844,-92.9683,-0.829884,0.900943,30.5841,-0.328973,1
65.5549,82.7535,72.7996,0.4625,0.5958,0.4823,0.8485,-103.6105,-77.2051,-93.5216,-0.729189,0.505536,26.4054,-0.282345,1
5.3599,76.949,26.8312,7.15,96.5417,0.0692,2.9232,-15.8096,33.7879,16.774,-2.670754,282.210697,49.5975,2.956808,1
5.1449,70.4995,14.285,4.3208,57.4792,0.1332,2.4373,12.1793,34.0016,29.2082,-2.015904,140.094054,21.8223,0.747129,1
4.715,42.3368,11.0704,2.3375,16.3125,0.2358,1.9356,13.1275,34.4283,30.8414,-1.444771,31.574475,21.3008,0.690656,1
4.9299,41.4769,14.4546,2.9625,20.1042,0.1585,2.1645,3.0785,34.6414,27.6538,-1.842001,43.515541,31.5629,1.141359,1
5.3599,77.1639,28.761,6.325,78.5917,0.0725,2.8628,-4.2916,34.215,19.7159,-2.624169,224.992319,38.5066,1.953073,1
9.8745,95.4374,43.5167,7.6208,91.4458,0.0591,2.9667,-4.0324,29.9047,10.2865,-2.828524,271.292255,33.9371,3.299188,1
11.5944,85.9782,47.0832,7.2083,83.5417,0.065,2.9078,-4.0324,27.2758,7.5295,-2.733368,242.922555,31.3082,4.158072,1
10.5195,112.851,53.1338,8.225,120.6583,0.0547,3.066,-3.5153,29.4689,8.1949,-2.905892,369.938348,32.9842,4.024967,1
4.9299,69.6396,17.5904,4.4,55.1417,0.2067,2.3038,-1.9724,35.4914,26.6403,-1.576487,127.035448,37.4638,1.406283,1
5.1449,108.1214,39.6588,7.5417,115.2417,0.0696,2.9655,-11.1652,34.8542,13.3732,-2.664991,341.749261,46.0194,3.441166,1
31.5877,123.1701,72.7031,9.0333,146.75,0.0526,3.1429,-12.5183,15.7117,-4.4893,-2.945039,461.220575,28.23,-6.288285,1
7.9397,150.0429,43.8963,11.6958,244.8875,0.0416,3.365,-18.6017,32.2862,11.8212,-3.179655,824.046438,50.8879,4.3048,1
9.4446,148.968,77.735,13.9458,312.7292,0.0344,3.5261,-23.1677,32.9311,0.0924,-3.369699,1102.714432,56.0988,607.12987,1
8.5846,132.6293,64.2113,8.2,128.5,0.0568,3.0648,-22.302,33.1456,6.9975,-2.868219,393.8268,55.4476,7.923916,1
21.4836,110.2712,67.2706,6.0167,64.95,0.0794,2.7424,-13.0626,27.9361,-3.8923,-2.533257,178.11888,40.9987,-10.533284,1
26.2132,105.7566,77.0153,4.6417,39.1083,0.0953,2.5632,-12.5183,12.4169,-8.7951,-2.350725,100.242395,24.9352,-2.835124,1
50.2912,94.3625,81.7004,3.0667,22.15,0.1423,2.2201,-9.8224,-0.9511,-8.2491,-1.949818,49.175215,8.8713,-1.075426,1
45.1316,92.6426,71.4182,3.9792,30.5542,0.108,2.4459,-8.7556,6.3904,-4.0014,-2.225624,74.732518,15.146,-3.785175,1
25.1383,89.8479,60.6246,5.3625,48.5875,0.085,2.6403,-4.2916,19.1819,1.3427,-2.465104,128.285576,23.4735,17.482312,1
20.1937,88.773,61.4366,5.3875,51.9208,0.0813,2.6994,-1.4611,21.6893,4.2844,-2.509609,140.155008,23.1504,5.403417,1
6.0048,89.6329,34.0222,4.0875,32.5458,0.1055,2.4485,-23.1677,34.8542,8.9444,-2.249044,79.688391,58.0219,6.486953,1
4.715,35.6724,8.127,1.0208,5.1292,0.4404,1.2846,-43.5067,36.3381,29.543,-0.820072,6.58897,79.8448,2.702664,1
4.9299,55.0208,16.0334,5.2833,60.25,0.1019,2.6511,-64.3826,35.9152,7.9246,-2.283763,159.728775,100.2978,12.656513,1
8.5846,65.7699,36.5693,5.9083,56.0083,0.0815,2.7045,-86.8425,26.8344,-41.616,-2.507152,151.474447,113.6769,-2.731567,1
14.6041,89.6329,53.4353,5.3833,74.7167,0.1006,2.6836,-94.3734,10.269,-62.2445,-2.296603,200.509736,104.6424,-1.681151,1
35.6724,75.6591,54.5245,2.625,11.9417,0.1489,2.0411,-97.4542,-49.5581,-78.3161,-1.90448,24.374204,47.8961,-0.611574,1
38.4672,73.2943,60.1703,2.3875,10.2792,0.1572,1.9907,-93.405,-52.3305,-83.6113,-1.850236,20.462803,41.0745,-0.491255,1
42.5518,70.0695,55.7363,1.6,4.6333,0.2175,1.6371,-90.0778,-61.3626,-76.6461,-1.525556,7.585175,28.7152,-0.374647,1
56.9556,82.9685,70.8035,1.2958,3.5208,0.2611,1.5145,-92.4445,-61.7364,-77.06,-1.342852,5.332252,30.7081,-0.398496,1
68.5646,83.3984,77.4268,0.5958,0.9458,0.4202,1.0147,-108.4668,-79.33,-98.0418,-0.867024,0.959703,29.1368,-0.297188,1
70.9295,80.6037,75.3114,0.4958,0.6375,0.4611,0.8733,-106.2813,-92.4445,-99.49,-0.77414,0.556729,13.8368,-0.139077,1
73.9392,83.3984,79.5027,0.4417,0.525,0.4934,0.8023,-104.671,-93.405,-99.6549,-0.706435,0.421208,11.266,-0.11305,1
6.0048,62.5452,28.0027,3.4708,21.9042,0.117,2.3179,-10.0901,33.1456,14.2351,-2.145581,50.771745,43.2357,3.03726,1
5.3599,66.4148,25.1693,2.9958,17.2208,0.1348,2.1969,-10.6268,33.7879,16.2541,-2.003963,37.832376,44.4147,2.732523,1
4.9299,48.3563,14.7813,3.7042,32.4125,0.123,2.3593,6.8795,34.6414,27.9743,-2.095571,76.470811,27.7619,0.992407,1
5.3599,91.7827,46.6146,4.8625,41.5958,0.0884,2.606,-2.4852,34.0016,11.4776,-2.425883,108.398655,36.4868,3.178957,1
5.1449,91.7827,56.8548,6.7792,74.7875,0.0658,2.8596,-5.332,33.5741,5.646,-2.721135,213.862335,38.9061,6.890914,1
4.9299,99.0921,35.6354,5.0125,47.6208,0.0924,2.6331,-4.0324,34.0016,17.9782,-2.381628,125.390328,38.034,2.115562,1
5.1449,84.4733,25.365,6.2583,85.5667,0.0834,2.8292,4.1733,34.6414,23.965,-2.484107,242.085308,30.4681,1.271358,1
5.1449,99.0921,29.212,6.375,98.5583,0.1118,2.7441,-0.6967,35.0668,24.6213,-2.191044,270.453831,35.7635,1.452543,1
4.9299,78.2388,30.386,7.0625,100.2792,0.0837,2.8885,-1.9724,35.4914,22.1855,-2.480516,289.656469,37.4638,1.688662,1
22.1285,122.3102,79.6488,9.4958,147.5542,0.0469,3.1986,-12.5183,24.6132,-0.8252,-3.059738,471.966864,37.1315,-44.99697,1
20.8386,145.0983,92.1287,13.4542,298.4125,0.0375,3.4588,-13.6085,29.032,-2.3852,-3.283414,1032.149155,42.6405,-17.877117,1
8.5846,155.2025,68.6596,10.8708,213.2958,0.0476,3.2589,-18.0396,32.0708,8.7462,-3.044923,695.109683,50.1104,5.729391,1
8.5846,97.8022,55.0552,6.75,80.2917,0.0711,2.8315,-7.431,34.0016,5.6902,-2.643668,227.345949,41.4326,7.281396,1
60.3953,125.9649,94.6295,7.0333,96.3667,0.0669,2.9341,-13.6085,-2.7422,-8.6672,-2.704556,282.749534,10.8663,-1.253727,1
52.226,112.851,90.9773,6.7208,75.9125,0.0665,2.8671,-13.8821,0.5703,-9.7421,-2.710553,217.648729,14.4524,-1.483499,1
59.7504,101.6719,85.1023,4.3833,32.875,0.0958,2.4866,-11.7051,-0.9511,-7.6537,-2.345493,81.746975,10.754,-1.405072,1
39.757,108.5513,79.0736,6.7167,87.0667,0.0699,2.912,-9.2882,18.2624,-3.1369,-2.66069,253.53823,27.5506,-8.782747,1
60.8253,105.9715,82.4494,3.4208,21.1375,0.1194,2.2931,-5.8544,5.1619,-2.2313,-2.125276,48.470401,11.0163,-4.937167,1
20.1937,85.9782,66.2687,5.8875,57.5958,0.077,2.7358,-2.2287,23.044,3.7212,-2.56395,157.57059,25.2727,6.791546,1
7.0798,84.4733,34.7637,5.2833,51.7,0.0836,2.6606,-13.0626,31.6394,11.4987,-2.481712,137.55302,44.702,3.88757,1
5.1449,33.7375,9.7083,1.7333,8.3083,0.2543,1.7373,-25.4989,35.7034,26.7449,-1.369241,14.43401,61.2023,2.288373,1
4.715,53.3009,15.9041,4.2208,46.6625,0.1478,2.4109,-69.0443,35.0668,7.4954,-1.911895,112.498621,104.1111,13.889999,1
6.0048,73.7242,27.7029,6.7333,83.3917,0.0698,2.8718,-80.1903,33.1456,-18.1453,-2.662121,239.484284,113.3359,-6.24602,1
10.5195,89.2029,47.6786,5.3833,68.325,0.0973,2.6622,-98.4569,18.9525,-52.9217,-2.329956,181.894815,117.4094,-2.218549,1
19.1188,78.8838,55.633,2.9792,14.9792,0.1304,2.1303,-96.4604,-13.8821,-78.7457,-2.037149,31.91019,82.5783,-1.048671,1
36.5323,78.2388,61.1159,2.1667,7.5583,0.1778,1.8278,-98.4569,-59.5086,-88.0425,-1.727096,13.815061,38.9483,-0.442381,1
44.4866,80.6037,62.0892,2.2417,9.425,0.1659,1.9437,-97.4542,-67.082,-82.4392,-1.79637,18.319372,30.3722,-0.368419,1
53.9459,86.8381,71.1469,1.6875,6.3292,0.2168,1.7474,-99.978,-75.9472,-88.1712,-1.52878,11.059644,24.0308,-0.272547,1
62.7601,90.2778,73.4563,1.7042,5.5042,0.2129,1.6938,-101.0037,-68.2559,-86.4259,-1.546933,9.323014,32.7478,-0.378912,1
66.1998,86.4082,77.8164,0.6542,1.4375,0.4286,1.1043,-107.3685,-78.9021,-97.7289,-0.847231,1.587431,28.4664,-0.291279,1
73.7242,81.0336,77.9416,0.2375,0.2792,0.6524,0.5912,-110.136,-98.9616,-104.7904,-0.427097,0.165063,11.1744,-0.106636,1
74.3692,85.5482,80.691,0.2958,0.3375,0.5907,0.6619,-104.1394,-96.4604,-99.8774,-0.526447,0.223391,7.679,-0.076884,1
5.3599,68.5646,28.599,4.3,33.5833,0.0981,2.4991,-10.6268,33.7879,14.5853,-2.321768,83.928025,44.4147,3.045169,1
5.1449,61.0403,11.6549,3.2292,38.6042,0.2142,2.1282,5.4082,34.215,30.6186,-1.540845,82.157458,28.8068,0.940827,1
5.1449,89.2029,42.4091,7.3167,98.9917,0.0653,2.9389,1.5776,34.215,16.5574,-2.728763,290.926707,32.6374,1.971167,1
8.7996,91.5677,54.6353,5.9625,62.2625,0.0797,2.7326,-0.4426,32.5014,10.651,-2.529486,170.138508,32.944,3.093043,1
4.715,75.6591,25.7093,4.8958,49.1958,0.1075,2.5704,0.5703,35.2792,22.0351,-2.230264,126.452884,34.7089,1.575164,1
4.285,49.0013,9.0322,1.7958,14.9125,0.457,1.4333,5.6542,36.3381,32.0837,-0.783072,21.374086,30.6839,0.95637,1
4.715,116.9356,19.0717,7.5333,189.45,0.1467,2.7268,5.6542,35.9152,30.8223,-1.919366,516.59226,30.261,0.981789,1
4.9299,102.3168,17.6374,5.6375,91.2125,0.1124,2.6551,14.3063,35.7034,30.8259,-2.185691,242.178309,21.3971,0.694127,1
7.0798,132.1994,44.6294,10.7042,206.4042,0.0459,3.3141,-10.8958,34.215,16.2951,-3.08129,684.044159,45.1108,2.768366,1
7.7247,121.4503,61.7566,13.05,268.725,0.0355,3.4724,-9.2882,33.7879,10.948,-3.338223,933.12069,43.0761,3.934609,1
8.3696,125.7499,47.6148,9.0875,150.2792,0.0549,3.1404,-0.9511,35.0668,21.3846,-2.902242,471.9368,36.0179,1.684291,1
9.0146,98.4472,45.9008,8.975,128.1,0.0499,3.1206,-4.0324,32.5014,11.0281,-2.997734,399.74886,36.5338,3.312792,1
8.7996,116.9356,85.1737,4.3083,42.6167,0.1073,2.5205,-8.4899,33.5741,-2.6521,-2.232127,107.415392,42.064,-15.860639,1
61.9002,137.144,92.0665,5.4458,61.1708,0.0834,2.7181,-13.3353,-4.5511,-8.2076,-2.484107,166.268351,8.7842,-1.070252,1
59.1054,118.2255,85.864,6.2917,63.625,0.0702,2.8126,-10.6268,3.0785,-7.5849,-2.656407,178.951675,13.7053,-1.806919,1
26.6431,131.1245,85.6129,9.4,154.325,0.0517,3.1573,-9.8224,18.7228,-1.507,-2.962297,487.250322,28.5452,-18.941739,1
9.0146,135.2091,58.2455,12.1833,238.9833,0.0404,3.3548,-9.2882,33.7879,11.0915,-3.208925,801.741175,43.0761,3.883704,1
8.3696,144.4533,66.9472,11.625,219.5667,0.0422,3.3272,-9.0217,35.2792,6.2772,-3.165335,730.542324,44.3009,7.05743,1
8.1547,122.7401,55.0351,9.8875,161.9625,0.0472,3.2123,-20.0152,34.6414,7.6173,-3.053361,520.272139,54.6566,7.175325,1
7.5097,103.3918,32.8759,7.5875,100.9875,0.0597,2.9756,-68.6495,28.8133,-1.5838,-2.818423,300.498405,97.4628,-61.537315,1
5.1449,58.0305,18.7912,5.6167,64.025,0.0873,2.7221,-69.8375,33.7879,4.0693,-2.438405,174.282453,103.6254,25.465166,1
5.7899,60.3953,27.7668,5.7708,56.8708,0.0758,2.7455,-76.7844,33.1456,-19.415,-2.579657,156.138781,109.93,-5.662117,1
7.7247,80.1737,39.642,7.6167,102.5167,0.0617,2.9914,-85.4825,29.032,-36.8468,-2.785471,306.668456,114.5145,-3.107855,1
40.402,80.8186,60.9975,1.8,6.7333,0.2148,1.7627,-94.3734,-63.2422,-85.3542,-1.538048,11.868788,31.1312,-0.36473,1
33.7375,78.8838,55.8841,2.3583,10.9833,0.1647,1.9847,-96.4604,-46.5013,-78.1706,-1.80363,21.798556,49.9591,-0.639103,1
41.6919,68.3497,62.1698,1.1708,2.9625,0.2904,1.4332,-94.8607,-52.3305,-85.9087,-1.236496,4.245855,42.5302,-0.495063,1
54.8058,85.1183,70.0275,1.6542,5.4208,0.2143,1.7034,-104.1394,-76.3651,-91.3453,-1.540378,9.233791,27.7743,-0.304058,1
64.48,86.1932,77.8013,1.1792,3.5792,0.2926,1.474,-105.205,-81.929,-94.4811,-1.228949,5.275741,23.276,-0.246356,1
66.4148,82.1085,74.6832,1.15,2.9417,0.3006,1.4055,-104.671,-81.929,-96.0902,-1.201975,4.134559,22.742,-0.236673,1
69.6396,85.9782,77.5989,0.7667,1.4833,0.3653,1.1758,-110.6983,-92.4445,-103.7479,-1.007036,1.744064,18.2538,-0.175944,1
73.5092,81.2486,77.7224,0.0833,0.0833,0.8472,0.2868,-109.5766,-98.9616,-105.1716,-0.165818,0.02389,10.615,-0.10093,1
74.3692,87.6981,80.3097,0.9167,1.6917,0.3301,1.2322,-106.2813,-93.8882,-100.9244,-1.10836,2.084513,12.3931,-0.122796,1
6.0048,101.4569,38.227,9.6958,160.6375,0.0475,3.2104,3.9254,33.5741,17.6736,-3.047026,515.71063,29.6487,1.67757,1
5.5749,100.812,55.2979,10.4458,189.7042,0.0464,3.2692,3.3275,34.0016,14.817,-3.070456,620.180971,30.6741,2.070196,1
6.0048,90.0629,28.2227,7.9,114.625,0.0591,3.0285,4.1733,33.7879,25.0489,-2.828524,347.141812,29.6146,1.182271,1
4.715,72.4343,15.5187,4.1833,45.5667,0.1443,2.4279,9.3066,34.6414,30.1097,-1.935861,110.631391,25.3348,0.841417,1
4.285,47.4964,5.742,0.35,2.6167,0.8566,0.415,13.3639,35.2792,33.969,-0.154784,1.08593,21.9153,0.645156,1
4.07,38.4672,5.2507,0.5458,5.7292,0.7974,0.5381,29.2505,37.6021,35.8333,-0.226399,3.082883,8.3516,0.233068,1
4.715,104.8966,19.2195,7.0875,125.0375,0.0859,2.8635,12.1793,36.971,31.9954,-2.454571,358.044881,24.7917,0.774852,1
6.0048,132.1994,54.8822,10.8042,203.1542,0.045,3.2703,-8.2246,35.4914,10.6258,-3.101093,664.37518,43.716,4.114137,1
6.8648,134.1342,61.3653,11.9375,256.3792,0.0411,3.401,-11.9758,37.3919,9.2429,-3.191747,871.945659,49.3677,5.341148,1
6.4348,94.3625,39.8796,9.6,173.6167,0.0506,3.2082,11.9416,36.7603,25.6486,-2.983804,556.997097,24.8187,0.967643,1
6.2198,114.3558,45.9369,7.7417,121.8083,0.0687,3.0014,-9.2882,36.7603,16.0493,-2.678006,365.595432,46.0485,2.869191,1
62.1152,114.7858,89.9277,5.625,57.1,0.0783,2.7455,-13.6085,2.0793,-4.9296,-2.547208,156.76805,15.6878,-3.182368,1
28.7929,115.4307,91.1419,3.8042,28.9875,0.1145,2.3696,-17.4794,0.8227,-5.6739,-2.16718,68.68878,18.3021,-3.225665,1
42.9818,121.6652,92.9979,7.925,110.7667,0.0584,3.0305,-13.3353,11.9416,-8.2548,-2.840439,335.678484,25.2769,-3.062085,1
10.0895,130.9095,66.2847,8.3208,124.8042,0.0591,3.0677,-10.3583,33.5741,7.0006,-2.828524,382.861844,43.9324,6.275519,1
6.2198,60.6103,20.1701,3.8083,42.3333,0.1525,2.3369,7.1237,37.1816,29.6068,-1.880591,98.928689,30.0579,1.015236,1
6.4348,115.6457,39.2406,8.4083,172.0917,0.0879,2.9989,-5.0714,36.971,21.8612,-2.431555,516.085799,42.0424,1.923152,1
7.7247,127.8997,46.7826,10.4792,218.1792,0.0502,3.2648,-5.332,36.3381,18.5375,-2.99174,712.311452,41.6701,2.247881,1
7.2947,131.3394,45.1543,9.575,150.0583,0.0475,3.1857,-62.4872,34.8542,2.5957,-3.047026,478.040726,97.3414,37.501021,1
10.0895,85.9782,39.1096,7.8958,93.6292,0.0587,2.9557,-75.9472,26.392,-30.5985,-2.835316,276.739826,102.3392,-3.344582,1
4.9299,80.1737,37.6072,9.0958,134.3625,0.0508,3.14,-83.2494,35.2792,-30.6963,-2.979859,421.89825,118.5286,-3.861332,1
5.3599,90.4928,46.3711,6.875,80.1917,0.0668,2.8751,-91.4921,33.3599,-47.1195,-2.706052,230.559157,124.852,-2.649689,1
16.754,85.5482,49.7999,4.3708,35.9375,0.104,2.4682,-99.978,-3.2572,-66.6933,-2.263364,88.700938,96.7208,-1.450233,1
33.9525,82.3235,58.2791,2.3083,10.2583,0.164,1.9817,-94.3734,-34.2433,-74.5282,-1.807889,20.328873,60.1301,-0.80681,1
37.8222,70.9295,54.5035,1.5792,4.5542,0.2193,1.6238,-95.3502,-52.6809,-76.2811,-1.517315,7.39511,42.6693,-0.559369,1
42.3368,66.1998,52.4175,1.0167,2.275,0.3024,1.3408,-81.0565,-51.2846,-63.4535,-1.196005,3.05032,29.7719,-0.469192,1
45.7765,94.3625,77.8458,2.325,9.9083,0.1738,1.8966,-103.6105,-52.6809,-77.7283,-1.74985,18.792082,50.9296,-0.655226,1
70.4995,92.2127,80.9253,1.2375,3.8708,0.2782,1.5075,-108.4668,-86.8425,-100.725,-1.279415,5.835231,21.6243,-0.214687,1
72.2194,87.913,80.4407,0.7292,1.3292,0.3818,1.1299,-113.5563,-97.9544,-106.8059,-0.962858,1.501863,15.6019,-0.146077,1
74.1542,85.9782,80.2493,0.5625,0.8375,0.4322,0.974,-111.8321,-97.9544,-107.0335,-0.838867,0.815725,13.8777,-0.129658,1
76.304,84.6883,79.8756,0.2542,0.2958,0.6334,0.6135,-110.6983,-102.5603,-106.0314,-0.456653,0.181473,8.138,-0.076751,1
76.519,87.2681,82.1018,0.4625,0.6542,0.4832,0.8815,-105.7418,-94.8607,-100.3349,-0.727325,0.576677,10.8811,-0.108448,1
5.3599,102.1019,38.5192,10.4167,189.0417,0.045,3.282,9.5477,35.4914,22.8307,-3.101093,620.434859,25.9437,1.136351,1
5.5749,99.7371,42.2478,10.9542,202.4042,0.0422,3.3333,8.8237,35.2792,23.121,-3.165335,674.67392,26.4555,1.14422,1
5.1449,96.9423,29.3808,7.6125,116.2542,0.0664,3.0003,10.269,35.9152,27.794,-2.712058,348.797476,25.6462,0.922724,1
4.715,29.6529,6.2064,0.6042,4.1125,0.694,0.7732,16.6431,35.9152,34.3305,-0.365283,3.179785,19.2721,0.56137,1
4.07,44.2717,5.9729,0.8,7.1,0.6724,0.8649,15.945,38.0217,34.6551,-0.396902,6.14079,22.0767,0.63704,1
4.07,58.6755,7.1033,1.6417,25.8417,0.4512,1.3328,15.2443,38.4406,36.7494,-0.795845,34.441818,23.1963,0.631202,1
5.3599,112.636,49.4699,9.475,171.9167,0.058,3.1373,-4.5511,37.6021,16.0902,-2.847312,539.354263,42.1532,2.619806,1
7.9397,133.4893,69.2306,10.3792,170.7792,0.045,3.2404,-9.5551,37.6021,7.4965,-3.101093,553.39292,47.1572,6.290562,1
5.3599,93.5026,29.9317,9.875,178.3667,0.0483,3.24,9.3066,39.276,30.4285,-3.030324,577.908108,29.9694,0.984912,1
7.5097,119.5154,48.1808,11.6292,216.1458,0.0424,3.3184,-5.0714,36.971,20.6585,-3.160607,717.258223,42.0424,2.035114,1
32.8776,121.4503,88.7394,8.975,131.375,0.0514,3.1126,-10.8958,17.57,-2.3687,-2.968117,408.917825,28.4658,-12.017478,1
35.0274,164.4467,91.5283,9.85,169.5,0.0484,3.2176,-59.1408,9.5477,-10.7001,-3.028255,545.3832,68.6885,-6.419426,1
22.3435,145.9582,81.1,11.0,200.575,0.0432,3.3168,-77.2051,22.3677,-27.1286,-3.141915,665.26716,99.5728,-3.6704,1
6.6498,125.7499,53.8921,9.8458,167.4625,0.0475,3.2015,-12.5183,36.971,14.7971,-3.047026,536.131194,49.4893,3.344527,1
5.7899,125.7499,28.4529,8.0083,162.4417,0.0845,2.9717,0.5703,37.6021,28.4598,-2.471004,482.728,37.0318,1.301197,1
6.0048,131.3394,31.7372,7.8125,155.2458,0.0867,2.9327,-3.2572,37.6021,26.8493,-2.445301,455.289358,40.8593,1.521801,1
6.6498,134.7791,34.9535,9.4417,206.0,0.0681,3.1349,-4.0324,37.6021,25.8399,-2.686778,645.7894,41.6345,1.611248,1
6.8648,132.6293,49.3456,8.4292,146.1208,0.0581,3.0994,-36.7434,36.3381,8.4554,-2.84559,452.886808,73.0815,8.643175,1
6.6498,108.9813,39.8402,8.6792,122.7042,0.051,3.1026,-72.6526,33.3599,-15.9083,-2.97593,380.702051,106.0125,-6.663974,1
12.6693,77.5939,48.9005,5.0375,48.1375,0.0892,2.6381,-80.6227,19.6402,-49.5422,-2.416874,126.991539,100.2629,-2.023788,1
6.4348,112.206,42.4737,6.3458,71.7042,0.0735,2.8036,-95.8417,34.6414,-39.5062,-2.61047,201.029895,130.4831,-3.302851,1
9.6595,102.9618,50.7488,6.4875,79.3708,0.0703,2.8684,-100.4897,27.7162,-60.7694,-2.654983,227.667203,128.2059,-2.109711,1
39.1121,85.7632,62.1521,2.9417,16.65,0.1359,2.1923,-103.0842,-58.0431,-82.2621,-1.995836,36.501795,45.0411,-0.547532,1
30.7278,58.6755,47.4301,1.25,3.9583,0.276,1.5203,-88.2182,-29.3597,-67.341,-1.287354,6.017803,58.8585,-0.874037,1
40.187,64.695,54.3725,0.9583,2.1333,0.3212,1.3098,-76.3651,-50.9376,-66.1631,-1.135691,2.794196,25.4275,-0.384315,1
46.2065,70.7145,62.2966,1.0625,2.2208,0.2923,1.3424,-83.2494,-60.2472,-72.5398,-1.229975,2.981202,23.0022,-0.317098,1
46.2065,86.1932,61.4282,1.725,5.325,0.2258,1.6597,-81.929,-51.981,-64.418,-1.488106,8.837902,29.948,-0.464901,1
63.6201,94.5775,82.9525,1.5542,4.9292,0.2239,1.6394,-107.9162,-60.9898,-93.3431,-1.496556,8.08093,46.9264,-0.50273,1
77.1639,94.5775,83.3589,0.8208,2.1042,0.3752,1.215,-111.8321,-102.039,-108.354,-0.980296,2.556603,9.7931,-0.090381,1
76.304,88.558,81.8625,0.8542,1.7125,0.3376,1.2385,-110.6983,-95.3502,-104.0438,-1.085894,2.120931,15.3481,-0.147516,1
77.1639,87.4831,81.3007,0.3875,0.5042,0.5268,0.7918,-108.4668,-95.3502,-102.1207,-0.640934,0.399226,13.1166,-0.128442,1
79.3138,84.9033,82.2924,0.1417,0.1417,0.7568,0.408,-102.039,-91.9673,-96.1285,-0.278656,0.057814,10.0717,-0.104773,1
5.1449,56.7406,15.999,4.8375,49.7875,0.114,2.5527,15.7117,35.9152,31.506,-2.171557,127.092551,20.2035,0.641259,1
4.5,42.1218,7.3796,1.3458,11.8458,0.4857,1.2879,25.5045,36.3381,34.8286,-0.722164,15.256206,10.8336,0.311055,1
4.715,107.9064,11.9689,3.4958,74.9208,0.3587,1.8018,1.0746,36.1268,31.7957,-1.025269,134.992297,35.0522,1.10242,1
4.285,99.0921,18.2429,6.1292,112.3458,0.1842,2.5251,-0.6967,38.0217,29.1762,-1.691733,283.68438,38.7184,1.327054,1
3.855,64.48,8.1547,2.4542,53.8792,0.5639,1.2609,16.4106,38.6498,36.471,-0.572878,67.936283,22.2392,0.609778,1
4.5,128.9746,41.0175,12.6542,300.3292,0.0662,3.2782,-10.3583,38.4406,23.7435,-2.715075,984.539183,48.7989,2.055253,1
6.2198,134.9941,67.5141,13.3875,300.3875,0.0364,3.4658,-13.0626,38.8588,8.8012,-3.313187,1041.082997,51.9214,5.899355,1
5.1449,71.7894,17.2805,5.5042,72.3708,0.099,2.6846,1.3264,39.276,34.5933,-2.312635,194.28665,37.9496,1.097022,1
7.5097,107.0464,40.9311,12.6667,267.2167,0.0398,3.4106,-8.7556,38.0217,22.5084,-3.223888,911.369277,46.7773,2.078215,1
8.3696,113.0659,49.4279,11.1875,209.2959,0.0421,3.3254,-17.4794,35.0668,10.9683,-3.167708,695.992586,52.5462,4.790733,1
6.8648,143.5934,72.0237,12.0417,243.675,0.039,3.389,-18.6017,37.3919,4.3618,-3.244194,825.814575,55.9936,12.837269,1
5.7899,143.1635,73.8654,9.9583,168.6417,0.0466,3.2225,-32.0881,38.6498,6.1495,-3.066155,543.447878,70.7379,11.503033,1
5.7899,143.3784,46.8347,8.2708,136.0458,0.0618,3.0952,-35.1761,39.0675,22.6528,-2.783852,421.08896,74.2436,3.277458,1
4.9299,136.499,44.883,8.4125,154.3125,0.0673,3.0687,-2.9995,39.276,24.3977,-2.698595,473.538769,42.2755,1.732766,1
4.715,139.2938,35.0618,6.6875,141.8958,0.2203,2.4475,-5.8544,39.6925,26.81,-1.512765,347.28997,45.5469,1.698877,1
5.3599,142.0885,38.0196,8.4625,171.7625,0.0989,2.9376,-7.431,38.4406,23.9195,-2.313646,504.56952,45.8716,1.917749,1
5.7899,140.3687,36.9808,7.7125,153.3375,0.1028,2.8972,-15.8096,38.2313,23.6455,-2.27497,444.249405,54.0409,2.285462,1
6.8648,102.1019,34.3111,6.3792,82.9958,0.073,2.8473,-42.1949,36.3381,8.1682,-2.617296,236.313941,78.533,9.614481,1
6.8648,78.0239,38.5545,8.1792,114.3625,0.0574,3.0516,-79.33,34.215,-28.3077,-2.857711,348.988605,113.545,-4.011099,1
23.2034,110.4862,55.6548,7.325,100.5417,0.0658,2.9388,-93.405,-6.3784,-63.5816,-2.721135,295.471948,87.0266,-1.368739,1
5.1449,111.5611,52.7408,5.6208,51.2708,0.0774,2.7059,-102.5603,36.1268,-55.268,-2.558768,138.733658,138.6871,-2.509356,1
5.3599,71.7894,27.0874,3.7792,28.7708,0.1144,2.3996,-90.0778,35.4914,-12.573,-2.168054,69.038412,125.5692,-9.987211,1
24.2783,66.4148,47.3427,1.7708,5.7625,0.203,1.736,-88.2182,-10.3583,-54.8773,-1.594549,10.0037,77.8599,-1.4188,1
46.2065,69.6396,54.2196,1.0042,2.4458,0.3126,1.3627,-91.9673,-60.618,-78.3729,-1.162831,3.332892,31.3493,-0.400002,1
49.4312,69.6396,59.2507,0.8458,1.6042,0.3593,1.1793,-87.7579,-67.082,-77.6708,-1.023598,1.891833,20.6759,-0.266199,1
57.3856,84.0434,69.3474,1.0625,2.2208,0.2974,1.3446,-97.9544,-67.082,-79.2006,-1.212677,2.986088,30.8724,-0.3898,1
45.9915,85.7632,66.0915,1.2458,4.5875,0.2978,1.4946,-111.2637,-58.0431,-91.7307,-1.211333,6.856478,53.2206,-0.580183,1
59.5354,93.7176,77.1102,1.3292,3.6542,0.2508,1.5333,-109.5766,-76.7844,-96.233,-1.383099,5.602985,32.7922,-0.340758,1
76.734,91.7827,84.1861,1.0208,2.4375,0.3043,1.3699,-111.8321,-95.8417,-104.2061,-1.189741,3.339131,15.9904,-0.15345,1
75.2291,85.1183,79.9881,0.6875,1.2125,0.3945,1.0944,-104.671,-94.3734,-99.6038,-0.930136,1.32696,10.2976,-0.103386,1
78.2388,88.128,82.5813,0.6542,1.0042,0.3975,1.0409,-100.4897,-87.2993,-94.5608,-0.92256,1.045272,13.1904,-0.139491,1
76.949,84.9033,80.5533,0.3375,0.4708,0.5728,0.7261,-98.9616,-89.6102,-93.6382,-0.557219,0.341848,9.3514,-0.099867,1
3.855,72.2194,11.2677,3.2625,47.5042,0.2658,2.0039,18.7228,36.1268,33.5978,-1.325011,95.193666,17.404,0.51801,1
4.5,125.3199,22.2284,6.2,147.9834,0.2941,2.2455,-3.7737,36.5493,29.8163,-1.223835,332.296725,40.323,1.352381,1
3.855,124.245,46.9069,11.2125,249.1458,0.053,3.3089,-8.4899,37.1816,20.1193,-2.937463,824.398538,45.6715,2.270034,1
3.64,112.206,13.7535,4.1417,76.3167,0.2674,2.0996,-0.6967,38.0217,33.0396,-1.31901,160.234543,38.7184,1.171879,1
3.855,85.5482,10.391,3.7083,69.0,0.275,2.0158,11.7035,38.6498,36.2073,-1.290984,139.0902,26.9463,0.744223,1
3.855,136.929,21.1754,5.2917,138.925,0.2714,2.1187,-6.9039,39.6925,32.9986,-1.304162,294.340398,46.5964,1.412072,1
3.64,90.7078,9.7947,1.9208,34.2792,0.6242,1.0969,-0.6967,39.9005,37.485,-0.471284,37.600854,40.5972,1.083025,1
4.285,125.1049,23.5914,6.9292,177.2209,0.1734,2.5697,4.421,40.3158,33.8835,-1.752154,455.404547,35.8948,1.059359,1
6.4348,151.3328,73.5924,14.7583,340.7251,0.0346,3.5457,-12.7902,38.6498,8.2585,-3.363902,1208.108987,51.44,6.228734,1
7.9397,151.7627,67.7459,14.0708,345.8042,0.0355,3.54,-22.302,37.1816,13.8935,-3.338223,1224.146868,59.4836,4.281398,1
4.715,124.03,19.5067,5.9667,94.3667,0.1219,2.6746,-11.4349,39.4844,32.9627,-2.104554,252.393176,50.9193,1.544755,1
4.5,39.3271,7.6466,1.4292,8.5542,0.3477,1.5301,29.9047,40.9373,38.6698,-1.056415,13.088781,11.0326,0.285303,1
4.715,103.1768,23.9727,10.3667,189.3917,0.0467,3.2713,16.6431,40.9373,33.3289,-3.064011,619.557068,24.2942,0.728923,1
4.715,92.8576,19.9359,6.975,111.3667,0.0824,2.9016,12.8909,39.6925,34.0228,-2.49617,323.141617,26.8016,0.787754,1
4.5,89.8479,18.19,5.1958,83.8958,0.1379,2.5421,17.8011,39.9005,33.8999,-1.981226,213.271513,22.0994,0.651902,1
5.3599,115.2158,23.3781,5.7708,84.2875,0.1089,2.6994,-1.2059,38.4406,29.4445,-2.217325,227.525677,39.6465,1.346482,1
6.0048,114.3558,39.9955,4.775,45.8917,0.098,2.5894,-42.8494,38.0217,8.8683,-2.322788,118.831968,80.8711,9.119121,1
6.8648,80.3887,28.7216,7.5792,103.6875,0.0607,2.9972,-69.0443,34.8542,-0.92,-2.801812,310.772175,103.8985,-112.933152,1
5.7899,116.9356,43.2488,8.5917,117.95,0.0539,3.0839,-107.3685,35.0668,-36.7166,-2.920625,363.746005,142.4353,-3.879316,1
9.2296,98.2322,56.7138,5.9708,73.3625,0.083,2.757,-96.9562,27.2758,-59.3667,-2.488915,202.260412,124.232,-2.092621,1
13.0993,89.8479,50.9311,3.3542,19.9125,0.118,2.2844,-96.4604,16.8752,-65.0246,-2.137071,45.488115,113.3356,-1.742965,1
6.4348,80.8186,25.0896,3.4208,23.0875,0.1219,2.3171,-94.8607,30.7739,-12.08,-2.104554,53.496046,125.6346,-10.400215,1
16.539,60.8253,34.6999,2.0542,7.5375,0.1786,1.8526,-71.4387,6.3904,-28.3575,-1.722607,13.963972,77.8291,-2.744568,1
46.8515,78.6688,67.6426,1.5917,4.525,0.2197,1.6308,-97.9544,-53.7371,-82.028,-1.515492,7.37937,44.2173,-0.539051,1
60.3953,82.1085,71.9699,0.8333,1.725,0.3498,1.2316,-108.4668,-82.3676,-96.8948,-1.050394,2.12451,26.0992,-0.269356,1
65.9849,85.5482,76.603,0.9875,2.3792,0.3133,1.3593,-105.7418,-82.3676,-96.5193,-1.160594,3.234047,23.3742,-0.242171,1
75.2291,84.9033,80.6608,0.3958,0.4708,0.5161,0.7726,-109.5766,-96.4604,-104.6015,-0.661455,0.36374,13.1162,-0.125392,1
73.9392,87.6981,80.7934,0.7458,1.2792,0.3804,1.1144,-111.2637,-87.7579,-99.2685,-0.966532,1.42554,23.5058,-0.23679,1
78.2388,96.9423,84.4178,1.1542,3.3375,0.2906,1.4631,-100.4897,-85.0325,-94.0217,-1.235808,4.883096,15.4572,-0.1644,1
76.519,87.2681,82.9584,0.5708,0.9125,0.4331,0.9942,-102.5603,-85.9341,-95.0644,-0.836787,0.907208,16.6262,-0.174894,1
78.0239,87.4831,82.8248,0.3125,0.3458,0.5741,0.6714,-102.5603,-91.9673,-97.5741,-0.554952,0.23217,10.593,-0.108564,1
76.304,86.8381,82.2882,0.4208,0.5125,0.5098,0.7628,-98.9616,-91.0187,-95.1608,-0.673737,0.390935,7.9429,-0.083468,1
4.285,108.3363,26.67,9.2167,193.5833,0.084,3.0473,2.3296,36.3381,28.2098,-2.476938,589.90639,34.0085,1.205556,1
3.64,112.636,22.4065,7.4042,152.2875,0.1223,2.8113,7.1237,37.3919,29.4714,-2.101278,428.125849,30.2682,1.027036,1
3.4251,11.1644,4.0456,0.0833,0.25,0.9269,0.1997,32.9311,37.812,36.8316,-0.07591,0.049925,4.8809,0.132519,1
3.4251,13.9592,3.7996,0.0667,0.2333,0.9508,0.1559,34.4283,38.0217,37.3671,-0.050452,0.036371,3.5934,0.096165,1
3.64,49.6462,5.3364,0.6583,8.6083,0.6708,0.7843,26.8344,39.276,37.4033,-0.399284,6.75149,12.4416,0.332634,1
3.855,15.4641,4.2758,0.1,0.3583,0.9189,0.2265,35.0668,39.6925,38.7283,-0.084578,0.081155,4.6257,0.11944,1
3.855,10.5195,4.4899,0.0333,0.0583,0.9511,0.1282,37.3919,40.1082,38.9724,-0.050136,0.007474,2.7163,0.069698,1
4.285,139.0788,55.9664,12.3583,315.1667,0.0509,3.363,-4.5511,40.1082,18.4048,-2.977892,1059.905612,44.6593,2.426503,1
4.07,138.6488,41.4072,8.9167,186.35,0.1171,2.9193,-10.8958,40.9373,20.6505,-2.144727,544.011555,51.8331,2.510017,1
3.855,34.5975,6.6859,0.9208,6.9708,0.5877,1.0359,29.2505,41.5571,38.9309,-0.531539,7.221052,12.3066,0.316114,1
3.855,49.0013,6.2937,1.25,11.4833,0.4646,1.3014,26.8344,41.3507,39.0735,-0.766578,14.944367,14.5163,0.371513,1
4.07,70.4995,10.2743,2.8333,22.45,0.1981,2.1159,8.5817,41.7633,37.578,-1.618983,47.501955,33.1816,0.883006,1
4.9299,66.1998,23.3487,6.0125,70.5125,0.0788,2.7877,7.6109,39.9005,28.9845,-2.540842,196.567696,32.2896,1.11403,1
5.1449,79.5287,20.4876,5.4958,59.8208,0.0865,2.6922,10.9876,39.276,30.1124,-2.447611,161.049558,28.2884,0.939427,1
5.7899,93.2876,28.8425,6.9792,91.7792,0.0666,2.8969,6.3904,37.6021,25.7992,-2.709051,265.875164,31.2117,1.209793,1
6.2198,142.3035,45.0787,6.875,100.875,0.073,2.8962,-21.1547,37.3919,12.4985,-2.617296,292.154175,58.5466,4.68429,1
6.0048,88.343,29.2036,4.7958,44.8458,0.0918,2.5917,-44.4983,37.812,1.0866,-2.388143,116.22686,82.3103,75.750322,1
6.4348,92.4277,31.6473,8.5167,132.3,0.0552,3.0876,-79.7594,37.1816,-10.4002,-2.896792,408.48948,116.941,-11.244111,1
9.4446,127.4698,63.0465,9.8167,160.1083,0.0497,3.1695,-102.5603,30.1224,-57.5744,-3.00175,507.463257,132.6827,-2.304543,1
18.0438,102.7468,54.8915,4.9,42.9,0.0856,2.6197,-103.0842,11.7035,-56.8736,-2.45807,112.38513,114.7877,-2.018295,1
26.2132,99.5221,68.0902,4.4042,31.9208,0.0965,2.4798,-100.4897,6.3904,-54.3981,-2.338212,79.1572,106.8801,-1.964776,1
19.7637,85.5482,66.3644,2.6958,13.7458,0.1457,2.0978,-99.978,-16.0868,-73.4725,-1.926206,28.835939,83.8912,-1.141804,1
26.2132,74.7991,48.4596,2.6583,11.9,0.1442,2.0507,-80.6227,-9.5551,-44.5611,-1.936554,24.40333,71.0676,-1.594835,1
57.8155,101.2419,78.9064,2.5125,10.9875,0.1525,2.0112,-106.2813,-53.0321,-83.595,-1.880591,22.09806,53.2492,-0.63699,1
72.8643,93.0726,81.5484,1.3292,3.8792,0.2551,1.5298,-114.1375,-90.5473,-107.788,-1.3661,5.9344,23.5902,-0.218857,1
72.8643,90.4928,79.4615,0.7375,1.4875,0.38,1.1607,-112.4037,-101.0037,-106.4241,-0.967584,1.726541,11.4,-0.107119,1
70.7145,88.773,80.3366,0.8708,1.7792,0.3411,1.2383,-111.2637,-94.3734,-105.1244,-1.07558,2.203183,16.8903,-0.16067,1
69.2096,93.7176,79.3205,1.2292,3.2875,0.2763,1.4812,-105.7418,-68.2559,-90.1994,-1.286268,4.869445,37.4859,-0.415589,1
77.5939,100.597,87.7501,2.3417,10.3,0.164,1.984,-97.4542,-73.8781,-87.082,-1.807889,20.4352,23.5761,-0.270734,1
76.089,90.2778,83.212,0.6625,1.3958,0.4244,1.1065,-99.978,-86.3875,-93.2145,-0.857079,1.544453,13.5905,-0.145798,1
82.5385,90.9228,86.3812,0.3,0.3917,0.6018,0.6868,-102.039,-93.405,-98.7418,-0.50783,0.26902,8.634,-0.08744,1
80.3887,88.558,84.2206,0.4,0.575,0.5272,0.821,-100.4897,-93.405,-96.6041,-0.640175,0.472075,7.0847,-0.073337,1
3.4251,92.6426,22.7239,7.1708,127.7709,0.1218,2.8052,4.9152,39.0675,30.0859,-2.105375,358.422929,34.1523,1.13516,1
3.2101,51.1511,6.7136,1.3958,15.5625,0.5453,1.1764,27.0552,39.276,36.6243,-0.606419,18.307725,12.2208,0.33368,1
3.2101,32.6626,5.0324,0.6208,4.4542,0.6992,0.7749,30.1224,38.4406,37.3732,-0.357818,3.45156,8.3182,0.222571,1
3.4251,14.1742,4.028,0.1417,0.5583,0.9031,0.2766,34.0016,39.6925,38.2845,-0.101922,0.154426,5.6909,0.148648,1
3.64,48.3563,5.3414,0.5958,6.7708,0.7759,0.5998,26.1705,39.6925,38.3939,-0.253732,4.061126,13.522,0.352191,1
4.07,126.6098,37.9843,10.5417,266.5833,0.119,2.9747,-7.6951,39.0675,23.9309,-2.128632,793.005343,46.7626,1.954068,1
4.285,104.8966,14.4009,4.6125,109.5042,0.4185,1.8123,4.421,39.9005,35.0002,-0.871078,198.454462,35.4795,1.013694,1
3.855,156.0624,31.4416,7.35,155.0917,0.2167,2.4812,-3.7737,41.5571,30.1323,-1.529241,384.813526,45.3308,1.504392,1
3.64,17.1839,4.8829,0.2792,0.9958,0.7395,0.5804,35.9152,41.7633,40.7231,-0.301781,0.577962,5.8481,0.143606,1
3.855,45.9915,9.9266,2.7333,29.4667,0.2386,2.0023,27.2758,41.7633,38.6963,-1.432967,59.001173,14.4875,0.37439,1
4.715,83.3984,22.8499,7.475,115.2333,0.0672,2.984,12.1793,39.9005,31.5322,-2.700082,343.856167,27.7212,0.879139,1
4.9299,113.9259,53.699,6.0333,70.4,0.0775,2.8008,-0.1888,40.3158,18.3566,-2.557477,197.17632,40.5046,2.206542,1
5.7899,103.8217,50.7682,6.325,75.025,0.0768,2.7947,-33.6245,37.3919,11.4488,-2.566551,209.672368,71.0164,6.202956,1
4.5,61.4702,17.6744,4.4208,45.5292,0.1303,2.4884,4.9152,39.0675,30.253,-2.037916,113.294861,34.1523,1.12889,1
4.5,75.6591,16.6994,2.4417,27.9417,0.3256,1.7888,8.8237,40.3158,32.4899,-1.122086,49.982113,31.4921,0.969289,1
5.1449,50.9361,16.4038,3.7625,30.6208,0.1174,2.4063,-40.2485,39.6925,15.7453,-2.142168,73.682831,79.941,5.077134,1
6.0048,89.4179,31.151,5.6417,61.325,0.08,2.7422,-76.3651,33.3599,-16.1471,-2.525729,168.165415,109.725,-6.795338,1
6.8648,94.5775,39.3842,7.0083,94.2667,0.069,2.9222,-75.1155,35.7034,-24.1417,-2.673649,275.466151,110.8189,-4.590352,1
8.1547,77.8089,42.441,2.9,17.0667,0.1391,2.1757,-75.1155,31.207,-36.5248,-1.972562,37.132019,106.3225,-2.910967,1
33.7375,75.6591,55.4046,2.2792,9.6375,0.1674,1.9545,-88.6804,-25.2057,-59.8336,-1.787369,18.836494,63.4747,-1.060854,1
29.6529,69.4246,44.6537,1.7667,6.65,0.2097,1.7675,-96.4604,-8.2246,-46.3438,-1.562077,11.753875,88.2358,-1.90394,1
25.5682,79.0988,52.6257,2.1542,10.4708,0.1872,1.9317,-73.4684,0.0646,-43.4173,-1.675578,20.226444,73.533,-1.693634,1
39.972,104.8966,75.2736,3.5292,20.8875,0.1154,2.2873,-98.9616,-43.8365,-74.5549,-2.159351,47.775979,55.1251,-0.739389,1
48.5713,105.3266,80.2711,2.9083,14.4333,0.1426,2.1172,-112.4037,-54.8014,-93.0046,-1.947712,30.558183,57.6023,-0.619349,1
79.0988,91.7827,84.6338,0.9083,1.8167,0.3444,1.2256,-116.4959,-107.9162,-112.5977,-1.065952,2.226548,8.5797,-0.076198,1
74.7991,88.988,80.8841,0.6542,1.1792,0.4076,1.0724,-114.1375,-99.978,-106.9244,-0.897469,1.264574,14.1595,-0.132425,1
72.6493,87.2681,80.2476,0.8292,1.4458,0.3506,1.1729,-110.6983,-92.9238,-101.3592,-1.048109,1.695779,17.7745,-0.175361,1
70.9295,87.4831,82.4318,0.3333,0.4083,0.564,0.7185,-101.5201,-78.4757,-92.8279,-0.572701,0.293364,23.0444,-0.248249,1
73.5092,95.8674,84.2399,1.2958,3.8958,0.2667,1.5371,-93.405,-75.5307,-86.162,-1.321631,5.988234,17.8743,-0.20745,1
81.0336,93.7176,86.1126,1.0917,3.275,0.3123,1.4135,-101.0037,-86.8425,-96.5803,-1.163791,4.629212,14.1612,-0.146626,1
82.1085,91.9977,85.3677,0.2708,0.3625,0.6348,0.6469,-101.0037,-92.4445,-97.0698,-0.454445,0.234501,8.5592,-0.088176,1
79.9587,91.5677,85.4802,0.45,0.5417,0.4887,0.8146,-98.9616,-87.2993,-93.1317,-0.716006,0.441269,11.6623,-0.125224,1
2.9951,6.2198,3.457,0.025,0.0417,0.9671,0.0963,37.812,40.5231,39.2698,-0.033453,0.004016,2.7111,0.069038,1
2.9951,3.855,3.3335,0.0,0.0,1.0,0.0,39.0675,40.5231,39.841,0.0,0.0,1.4556,0.036535,1
3.2101,57.8155,6.0552,1.4167,18.4083,0.6436,1.0347,25.0593,39.9005,38.2608,-0.440678,19.047068,14.8412,0.387896,1
3.64,51.796,8.9852,2.5333,22.9,0.2719,1.9227,24.3897,39.4844,37.1076,-1.302321,44.02983,15.0947,0.406782,1
4.285,147.4631,31.0184,8.2042,190.7792,0.161,2.7393,-8.2246,40.1082,29.9133,-1.826351,522.601463,48.3328,1.615763,1
4.715,119.9454,18.9038,5.4375,132.5042,0.2956,2.1422,-4.811,40.3158,33.0211,-1.218748,283.850497,45.1268,1.366605,1
4.9299,122.9551,44.9939,14.5417,373.375,0.0383,3.5243,-9.5551,39.9005,22.7715,-3.262305,1315.885512,49.4556,2.17182,1
4.07,21.9135,5.7882,0.8208,4.6208,0.5356,1.083,35.9152,41.7633,40.5009,-0.624368,5.004326,5.8481,0.144394,1
4.285,62.9751,13.5569,4.3667,48.1917,0.1182,2.479,27.7162,41.3507,38.246,-2.135377,119.467224,13.6345,0.356495,1
5.3599,84.2583,36.5793,8.0333,110.6583,0.0576,3.0081,8.097,40.7304,28.652,-2.854233,332.871232,32.6334,1.138957,1
15.4641,128.7596,64.3053,8.8458,137.8875,0.0535,3.1318,-18.8835,33.5741,13.251,-2.928074,431.836072,52.4576,3.958765,1
48.7863,139.5087,91.1655,9.9125,168.2875,0.0487,3.1669,-44.4983,12.4169,-11.8665,-3.022076,532.949684,56.9152,-4.796292,1
4.5,108.3363,58.4983,6.5042,73.8042,0.0691,2.8638,-35.8011,39.6925,5.0236,-2.672201,211.360468,75.4936,15.027789,1
4.07,57.3856,8.6082,1.7417,19.6667,0.5506,1.2543,3.9254,41.1441,36.4174,-0.596747,24.667942,37.2187,1.022003,1
4.07,52.011,6.9378,1.1,10.7417,0.5843,1.0831,14.0712,40.9373,38.1675,-0.537341,11.634335,26.8661,0.7039,1
4.9299,73.7242,27.1688,5.2167,43.6333,0.0871,2.5979,-69.0443,40.1082,-3.3895,-2.440698,113.35495,109.1525,-32.203127,1
8.1547,82.3235,39.0617,6.6708,87.8042,0.0711,2.8861,-77.2051,32.2862,-29.5083,-2.643668,253.411702,109.4913,-3.710526,1
11.5944,77.5939,36.1401,4.2,30.4417,0.1027,2.415,-69.0443,28.1558,-22.1919,-2.275943,73.516706,97.2001,-4.379981,1
14.1742,74.7991,44.1264,3.0417,16.3833,0.1321,2.1853,-79.33,14.7759,-37.725,-2.024196,35.802425,94.1059,-2.494524,1
44.0567,88.773,63.9132,3.675,25.3417,0.1199,2.324,-97.4542,-35.1761,-71.4055,-2.121097,58.894111,62.2781,-0.872175,1
42.5518,86.1932,62.2798,2.0458,8.8375,0.1902,1.8405,-103.6105,-62.8642,-86.6713,-1.659679,16.265419,40.7463,-0.470124,1
53.0859,87.4831,70.2878,1.375,3.9333,0.2432,1.5759,-97.9544,-65.5328,-81.0471,-1.413871,6.198487,32.4216,-0.400034,1
46.4215,104.6816,72.1597,1.9875,8.9042,0.193,1.8826,-101.0037,-52.3305,-83.5376,-1.645065,16.763047,48.6732,-0.58265,1
73.9392,107.9064,87.4453,2.1583,9.45,0.1803,1.904,-114.722,-78.9021,-102.2296,-1.713133,17.9928,35.8199,-0.350387,1
81.2486,99.3071,88.3942,1.7333,5.325,0.2086,1.6944,-114.722,-102.039,-109.6566,-1.567337,9.02268,12.683,-0.115661,1
72.8643,90.0629,79.7227,0.6875,1.2875,0.3968,1.1089,-113.5563,-94.8607,-106.1599,-0.924323,1.427709,18.6956,-0.176108,1
72.4343,93.0726,84.2559,0.9917,2.2167,0.316,1.3284,-104.1394,-84.5843,-95.8186,-1.152013,2.944664,19.5551,-0.204085,1
74.1542,87.6981,81.7415,0.4792,0.6708,0.4742,0.8903,-99.978,-84.1377,-94.1074,-0.746126,0.597213,15.8403,-0.168322,1
71.5744,91.5677,80.8186,0.55,0.8583,0.4529,0.9368,-96.9562,-75.1155,-83.9222,-0.792084,0.804055,21.8407,-0.260249,1
79.5287,93.5026,87.8904,0.55,0.775,0.4373,0.9476,-99.978,-73.4684,-87.2065,-0.827136,0.73439,26.5096,-0.303987,1
82.3235,87.6981,85.1805,0.1583,0.1583,0.7335,0.4369,-100.4897,-93.405,-97.274,-0.309928,0.069161,7.0847,-0.072832,1
73.7242,85.3333,81.7449,0.1833,0.2333,0.7228,0.5069,-97.9544,-86.3875,-93.4583,-0.324623,0.11826,11.5669,-0.123765,1
2.9951,3.64,3.2269,0.0,0.0,1.0,0.0,38.2313,40.3158,38.9971,0.0,0.0,2.0845,0.053453,1
3.2101,15.2491,4.0641,0.2375,1.0292,0.8277,0.4386,35.4914,40.7304,39.681,-0.189105,0.451407,5.239,0.132028,1
3.64,28.578,6.1123,1.1417,7.5,0.4717,1.2782,31.8552,40.5231,39.1633,-0.751412,9.5865,8.6679,0.221327,1
4.5,129.6196,23.9155,7.4458,172.0708,0.1071,2.7564,0.5703,39.6925,31.5202,-2.233992,474.295953,39.1222,1.241179,1
5.1449,121.4503,33.5351,11.9417,298.9167,0.0582,3.3047,1.8286,39.9005,28.0816,-2.84387,987.830018,38.0719,1.35576,1
4.715,140.1537,34.4379,10.5417,240.4083,0.0523,3.2781,-4.0324,40.9373,28.4727,-2.950759,788.082448,44.9697,1.579397,1
4.07,131.5544,13.8735,3.4667,78.4583,0.3775,1.7417,-3.2572,41.7633,36.9408,-0.974185,136.650821,45.0205,1.21872,1
4.07,57.6006,9.2128,2.6292,26.0375,0.267,1.9076,29.032,41.9693,40.1759,-1.320507,49.669135,12.9373,0.322016,1
4.07,98.8771,18.4906,5.175,69.7334,0.1504,2.4801,14.5413,41.5571,35.4624,-1.894457,172.945805,27.0158,0.761815,1
5.3599,131.5544,65.8967,10.6125,185.6792,0.0447,3.2598,-5.8544,39.4844,18.0427,-3.107782,605.277056,45.3388,2.512861,1
4.285,148.323,75.2862,10.325,188.0083,0.0547,3.1944,-26.6771,39.6925,6.4793,-2.905892,600.573714,66.3696,10.243329,1
4.07,137.144,47.9029,4.875,69.7083,0.2013,2.3369,-13.0626,40.1082,21.0455,-1.602959,162.901326,53.1708,2.526469,1
4.07,91.1378,9.3614,1.8625,32.1875,0.5939,1.1578,2.5796,40.7304,36.7213,-0.521044,37.266687,38.1508,1.038928,1
4.07,130.6945,29.6655,4.775,82.4083,0.2882,2.1491,-5.8544,40.9373,29.1181,-1.244101,177.103678,46.7917,1.606963,1
4.9299,124.675,39.3481,9.0458,183.7792,0.0595,3.0926,-50.9376,38.8588,17.2982,-2.821779,568.355554,89.7964,5.191083,1
9.6595,81.0336,43.1615,4.3292,34.6625,0.1,2.505,-60.618,32.2862,-25.8917,-2.302585,86.829562,92.9042,-3.588185,1
16.9689,102.3168,53.9803,5.1458,46.1125,0.0817,2.661,-80.6227,17.3387,-39.8345,-2.504701,122.705362,97.9614,-2.45921,1
24.7083,100.812,52.9054,3.6708,21.6208,0.111,2.3101,-83.6927,-9.0217,-51.4222,-2.198225,49.94621,74.671,-1.452116,1
16.9689,81.2486,49.1684,3.2458,19.4375,0.1255,2.2654,-64.0014,8.3395,-44.2619,-2.07545,44.033712,72.3409,-1.634383,1
16.109,80.3887,44.3792,3.7417,24.9417,0.1111,2.3716,-82.3676,4.421,-37.9302,-2.197325,59.151736,86.7886,-2.288113,1
59.3204,111.1311,82.3579,3.9167,29.3833,0.1081,2.4284,-103.0842,-42.8494,-82.5831,-2.224699,71.354406,60.2348,-0.729384,1
64.05,94.1475,79.7294,1.6792,6.5125,0.2199,1.7442,-106.2813,-85.0325,-96.4166,-1.514582,11.359102,21.2488,-0.220385,1
77.5939,91.9977,84.4607,0.875,1.7667,0.3337,1.255,-109.0203,-92.4445,-101.0577,-1.097513,2.217208,16.5758,-0.164023,1
72.6493,93.5026,80.5306,0.9,1.9917,0.3362,1.2808,-103.0842,-76.7844,-93.5362,-1.090049,2.550969,26.2998,-0.281172,1
76.519,115.8607,95.3139,1.7542,5.7708,0.2022,1.7395,-108.4668,-66.693,-87.9501,-1.598498,10.038307,41.7738,-0.474972,1
78.8838,114.7858,89.3037,1.8792,7.2292,0.199,1.8055,-111.8321,-83.2494,-100.4679,-1.61445,13.052321,28.5827,-0.284496,1
73.5092,92.4277,85.3669,0.6167,1.05,0.4169,1.0465,-99.978,-84.5843,-93.9582,-0.874909,1.098825,15.3937,-0.163836,1
78.8838,90.2778,84.9982,0.4625,0.5958,0.4823,0.8485,-99.4687,-90.0778,-95.9387,-0.729189,0.505536,9.3909,-0.097884,1
72.0044,84.9033,78.4278,0.2458,0.2708,0.6367,0.592,-97.4542,-75.1155,-89.3359,-0.451457,0.160314,22.3387,-0.250053,1
76.304,94.1475,85.4172,0.7208,1.3208,0.379,1.1305,-95.8417,-73.0598,-81.2958,-0.970219,1.493164,22.7819,-0.280235,1
68.5646,93.0726,81.7247,0.7,0.9917,0.4037,1.0136,-96.9562,-80.1903,-90.6607,-0.907083,1.005187,16.7659,-0.18493,1
71.7894,83.1834,77.8005,0.3792,0.4292,0.5261,0.7404,-95.3502,-66.3052,-84.6353,-0.642264,0.31778,29.045,-0.343178,1
3.2101,45.5616,6.6624,1.9042,26.3792,0.5195,1.2754,22.5934,39.6925,37.496,-0.654888,33.644032,17.0991,0.456025,1
3.855,113.2809,25.3692,8.6458,215.0208,0.1465,2.7904,3.0785,40.3158,30.9031,-1.92073,599.99404,37.2373,1.20497,1
4.5,135.2091,35.9361,11.5833,292.1917,0.0534,3.3225,-4.0324,41.3507,27.2463,-2.929945,970.806923,45.3831,1.665661,1
4.285,135.2091,41.2393,11.7958,282.4125,0.0485,3.36,-1.4611,41.7633,25.647,-3.026191,948.906,43.2244,1.685359,1
3.855,132.1994,38.5957,11.4875,277.3542,0.0725,3.2431,-0.9511,42.7915,28.2149,-2.624169,899.487406,43.7426,1.550337,1
3.64,118.8705,19.2884,6.5792,145.8792,0.1539,2.6008,2.8292,42.9966,35.8736,-1.871452,379.402623,40.1674,1.119692,1
3.64,54.1609,5.501,0.7958,6.8625,0.5959,0.9683,23.2689,42.9966,41.2829,-0.517682,6.644959,19.7277,0.477866,1
4.07,131.7694,25.6346,8.0542,158.7208,0.0754,2.9955,4.421,41.9693,33.931,-2.584948,475.448156,37.5483,1.106608,1
3.855,124.03,36.0528,8.7208,180.7708,0.0948,3.0116,2.0793,42.3808,29.8541,-2.355986,544.409341,40.3015,1.349949,1
3.64,139.9387,30.6657,6.775,130.425,0.129,2.7311,0.0646,42.5862,32.5611,-2.047943,356.203718,42.5216,1.305902,1
3.64,47.9264,6.78,1.7375,18.8542,0.4435,1.4491,22.1418,41.7633,39.1503,-0.813057,27.321621,19.6215,0.501184,1
3.64,42.7668,6.9538,1.5833,14.85,0.4483,1.4057,29.9047,41.3507,39.0847,-0.802293,20.874645,11.446,0.292851,1
3.64,108.3363,9.9896,3.025,80.4167,0.5326,1.35,13.3639,41.7633,38.5047,-0.629985,108.562545,28.3994,0.737557,1
4.285,77.3789,11.4281,1.85,12.1833,0.2454,1.7588,-2.2287,40.5231,31.1155,-1.404866,21.427988,42.7518,1.373971,1
5.1449,81.8935,29.9065,6.1792,79.1792,0.0805,2.7968,-44.4983,39.4844,16.473,-2.519498,221.448387,83.9827,5.098203,1
6.2198,117.5806,54.417,9.1625,142.0625,0.0507,3.1534,-87.2993,35.4914,-35.4747,-2.981829,447.979888,122.7907,-3.46136,1
6.6498,102.9618,42.6912,6.075,80.8417,0.0806,2.7945,-73.4684,34.215,-17.4403,-2.518257,225.912131,107.6834,-6.174401,1
28.148,91.1378,60.895,3.3792,20.7375,0.1246,2.2614,-86.8425,-12.2468,-61.7964,-2.082647,46.895782,74.5957,-1.20712,1
38.8971,85.9782,60.3231,3.2458,19.0125,0.1241,2.2546,-86.8425,-42.8494,-63.9598,-2.086668,42.865582,43.9931,-0.687824,1
47.9264,90.4928,64.3801,3.75,24.1167,0.1078,2.3646,-73.8781,-39.9264,-54.495,-2.227478,57.026349,33.9517,-0.623024,1
33.0926,125.7499,78.2976,4.8333,39.475,0.0863,2.5869,-95.8417,-25.2057,-52.0258,-2.449926,102.117878,70.636,-1.357711,1
80.8186,111.3461,95.9396,2.5,10.6083,0.1605,1.9779,-106.8235,-51.2846,-91.446,-1.829461,20.982157,55.5389,-0.607341,1
79.7437,100.167,90.6398,1.8958,6.3958,0.1887,1.7805,-111.8321,-97.9544,-105.7606,-1.667597,11.387722,13.8777,-0.131218,1
69.6396,96.9423,83.7553,1.0792,2.2625,0.2977,1.3485,-111.2637,-75.1155,-102.9496,-1.211669,3.050981,36.1482,-0.351125,1
68.3497,106.4015,84.8521,2.8042,13.7625,0.1374,2.114,-103.6105,-59.8774,-76.8059,-1.984859,29.093925,43.7331,-0.569398,1
81.4636,112.851,95.7733,1.9292,7.5208,0.1935,1.836,-106.8235,-64.7649,-94.4987,-1.642478,13.808189,42.0586,-0.445071,1
79.5287,92.8576,84.0274,0.5875,1.4375,0.4689,1.0341,-106.8235,-90.0778,-97.664,-0.757366,1.486519,16.7457,-0.171462,1
79.9587,89.4179,84.3012,0.4,0.4667,0.5133,0.7689,-95.8417,-85.4825,-90.4289,-0.666895,0.358846,10.3592,-0.114556,1
78.6688,85.5482,82.2547,0.1833,0.2083,0.7127,0.5019,-94.3734,-85.9341,-90.0231,-0.338695,0.104546,8.4393,-0.093746,1
74.1542,90.4928,82.4755,0.6917,1.5667,0.4155,1.1368,-91.0187,-71.0365,-81.8803,-0.878273,1.781025,19.9822,-0.244042,1
72.2194,85.1183,77.2504,0.2917,0.375,0.6059,0.6782,-91.9673,-71.842,-84.6384,-0.50104,0.254325,20.1253,-0.23778,1
59.7504,83.3984,72.4638,0.5833,0.8,0.4218,0.9469,-91.0187,-56.2329,-80.7421,-0.863224,0.75752,34.7858,-0.430826,1
4.07,112.421,29.7931,11.1833,288.9916,0.0667,3.2048,4.421,40.7304,29.7956,-2.70755,926.16028,36.3094,1.218616,1
3.855,119.9454,33.3638,12.0,314.025,0.0788,3.2263,5.6542,41.3507,30.3535,-2.540842,1013.138858,35.6965,1.176026,1
3.64,124.03,27.6349,10.0292,211.1042,0.0666,3.167,5.1619,42.3808,32.1584,-2.709051,668.567001,37.2189,1.157362,1
3.4251,27.933,5.5169,1.0375,7.7042,0.5509,1.1276,32.5014,42.7915,41.2694,-0.596202,8.687256,10.2901,0.24934,1
3.64,58.2455,8.6342,2.9625,37.9292,0.2796,1.9348,25.5045,42.9966,40.0838,-1.274395,73.385416,17.4921,0.436388,1
4.07,73.0793,15.4758,6.6208,109.0625,0.1035,2.7844,20.0973,42.3808,37.309,-2.268184,303.673625,22.2835,0.597269,1
3.855,90.7078,13.7694,4.5958,78.2208,0.2369,2.231,14.5413,41.9693,37.5727,-1.440117,174.510605,27.428,0.729998,1
3.64,72.0044,5.323,0.55,9.05,0.7907,0.5636,24.166,42.5862,41.2756,-0.234837,5.10058,18.4202,0.446273,1
3.4251,68.7796,7.7381,1.7042,24.1208,0.5749,1.1754,17.3387,42.9966,39.9894,-0.553559,28.351588,25.6579,0.641618,1
3.4251,80.1737,8.2109,1.8125,24.4958,0.529,1.2894,10.269,42.7915,39.401,-0.636767,31.584885,32.5225,0.825423,1
3.4251,48.1413,6.041,1.3083,12.1917,0.5109,1.2434,27.0552,42.1752,39.3269,-0.671581,15.15916,15.12,0.38447,1
3.64,72.4343,7.388,1.3958,20.9542,0.5734,1.1252,18.9525,41.5571,38.7193,-0.556172,23.577666,22.6046,0.583807,1
3.64,36.7473,10.6093,2.0542,13.0125,0.315,1.7345,-30.8697,41.5571,27.6634,-1.155183,22.570181,72.4268,2.618145,1
4.285,79.3138,21.7934,3.3792,24.5542,0.1357,2.2731,-58.4081,40.3158,11.0575,-1.997309,55.814152,98.7239,8.92823,1
6.4348,79.9587,23.6325,3.9833,34.6333,0.1115,2.4374,-60.2472,37.812,7.7759,-2.193731,84.415205,98.0592,12.610656,1
8.7996,80.3887,37.2083,3.3833,22.1083,0.1234,2.3008,-84.5843,32.2862,-23.771,-2.092324,50.866777,116.8705,-4.916516,1
11.1644,90.0629,38.6015,2.7083,17.6833,0.1658,2.1191,-94.3734,20.5535,-39.9307,-1.796973,37.472681,114.9269,-2.878159,1
19.9787,83.6134,46.3736,2.1333,8.8833,0.1792,1.8957,-88.6804,-3.2572,-46.8282,-1.719253,16.840072,85.4232,-1.824183,1
51.5811,88.773,71.5055,1.3333,3.3167,0.2493,1.5056,-80.1903,-46.5013,-61.2723,-1.389098,4.993624,33.689,-0.549824,1
44.9166,102.9618,83.3783,2.7417,15.65,0.1549,2.0638,-92.4445,-53.7371,-70.796,-1.864976,32.29847,38.7074,-0.546746,1
38.4672,98.0172,75.2526,3.375,23.075,0.1275,2.2606,-99.978,-38.9646,-79.284,-2.059639,52.163345,61.0134,-0.769555,1
57.1706,112.421,86.0832,2.525,14.7583,0.1759,2.0545,-99.978,-44.167,-76.1694,-1.73784,30.320927,55.811,-0.732722,1
83.3984,107.4764,97.2127,1.8917,6.3,0.1926,1.7661,-112.9784,-77.6272,-95.0346,-1.64714,11.12643,35.3512,-0.371982,1
88.343,108.3363,95.7322,1.325,3.8167,0.2659,1.5289,-111.8321,-91.4921,-102.5506,-1.324635,5.835353,20.34,-0.198341,1
75.0141,103.3918,88.7192,1.6833,6.0583,0.2157,1.7233,-106.2813,-75.1155,-97.4645,-1.533867,10.440268,31.1658,-0.319766,1
79.3138,110.7011,92.9954,1.9583,7.725,0.1875,1.8585,-101.0037,-77.2051,-89.7033,-1.673976,14.356912,23.7986,-0.265304,1
78.8838,97.8022,87.1321,1.0583,2.4833,0.2953,1.3783,-103.0842,-89.6102,-97.8152,-1.219763,3.422732,13.474,-0.13775,1
79.0988,90.2778,82.625,0.4667,0.7833,0.4988,0.901,-99.4687,-84.1377,-92.7623,-0.69555,0.705753,15.331,-0.165272,1
78.2388,90.7078,82.6997,0.675,1.2417,0.3962,1.1054,-101.0037,-88.2182,-94.897,-0.925836,1.372575,12.7855,-0.13473,1
77.1639,85.1183,80.8119,0.1917,0.2083,0.6976,0.5103,-96.9562,-81.929,-87.3089,-0.360109,0.106295,15.0272,-0.172115,1
71.1444,81.4636,77.8568,0.1833,0.2,0.7085,0.4972,-92.9238,-81.0565,-88.0869,-0.344605,0.09944,11.8673,-0.134723,1
58.6755,77.8089,67.6057,0.6,0.7333,0.44,0.8919,-99.4687,-81.4919,-90.0028,-0.820981,0.65403,17.9768,-0.199736,1
3.64,105.3266,15.847,4.7167,101.1333,0.3207,2.0512,10.0289,40.9373,35.9814,-1.137249,207.444625,30.9084,0.85901,1
3.64,107.0464,21.1863,7.725,180.1417,0.123,2.8166,8.5817,42.3808,34.8121,-2.095571,507.387112,33.7991,0.970901,1
3.4251,87.2681,11.1636,4.0833,56.6083,0.19,2.2742,19.8689,42.5862,39.2063,-1.660731,128.738596,22.7173,0.57943,1
3.4251,69.4246,11.2702,4.3625,62.3958,0.1604,2.3734,24.3897,42.5862,39.3633,-1.830085,148.090192,18.1965,0.462271,1
3.855,97.5872,18.1194,5.9167,101.1083,0.1349,2.6491,13.5999,42.3808,36.5863,-2.003222,267.845998,28.7809,0.786658,1
4.07,122.9551,27.4947,7.1792,152.6208,0.158,2.6759,4.9152,41.9693,33.3671,-1.84516,408.397999,37.0541,1.110498,1
4.07,132.4143,31.8052,7.9792,151.1542,0.0935,2.9408,-0.1888,41.7633,30.2189,-2.369794,444.514271,41.9521,1.388274,1
3.855,125.1049,19.0709,6.3417,125.9,0.2297,2.404,7.3674,41.7633,35.6711,-1.470981,302.6636,34.3959,0.964251,1
3.855,116.0757,21.0763,4.5875,89.7292,0.2972,2.0776,3.9254,41.5571,34.2909,-1.21335,186.421386,37.6317,1.097425,1
4.07,77.3789,13.504,4.5708,76.0125,0.2297,2.2597,16.4106,40.7304,36.9745,-1.470981,171.765446,24.3198,0.657745,1
4.07,115.2158,26.2871,7.425,162.8,0.1668,2.6593,5.4082,40.3158,30.5424,-1.79096,432.93404,34.9076,1.142923,1
3.855,32.0177,5.2675,0.7417,6.4167,0.6697,0.8253,26.1705,40.1082,38.7736,-0.400925,5.295703,13.9377,0.359464,1
4.285,60.8253,16.4533,3.1458,24.2542,0.1461,2.2326,-49.5581,40.3158,20.4492,-1.923464,54.149927,89.8739,4.394984,1
9.2296,70.4995,37.2805,6.5375,74.0625,0.0698,2.8615,-50.2463,31.6394,-7.6318,-2.662121,211.929844,81.8857,-10.72954,1
7.5097,113.9259,37.0824,6.0875,80.1625,0.0799,2.7567,-65.1483,33.5741,-15.888,-2.526979,220.983964,98.7224,-6.213646,1
8.1547,88.343,48.4311,5.5583,58.275,0.0821,2.6994,-82.8076,33.5741,-23.6384,-2.499817,157.307535,116.3817,-4.923417,1
42.9818,110.2712,86.4921,4.5542,32.5875,0.0912,2.4942,-104.1394,-12.7902,-81.1697,-2.3947,81.279742,91.3492,-1.12541,1
48.1413,113.7109,72.5838,2.6292,14.1958,0.1522,2.0935,-105.205,-62.1113,-87.7626,-1.88256,29.718907,43.0937,-0.491026,1
46.2065,87.6981,64.9629,1.8083,5.85,0.1943,1.7385,-98.9616,-37.0587,-74.4532,-1.638352,10.170225,61.9029,-0.831434,1
50.9361,96.7273,77.8786,2.2542,9.1708,0.1698,1.9273,-83.6927,-40.2485,-58.2731,-1.773134,17.674883,43.4442,-0.745528,1
79.9587,100.597,90.3988,1.3167,3.6333,0.2519,1.542,-94.8607,-46.1656,-71.0958,-1.378723,5.602549,48.6951,-0.684922,1
70.2845,102.3168,86.8827,1.8083,6.325,0.2016,1.7687,-105.205,-77.2051,-92.465,-1.60147,11.187028,27.9999,-0.302816,1
69.8545,107.2614,85.6045,1.525,4.7,0.235,1.6365,-101.0037,-68.2559,-85.1814,-1.44817,7.69155,32.7478,-0.384448,1
72.8643,104.4667,92.0044,1.3125,3.8542,0.2602,1.5438,-101.5201,-67.8634,-85.5894,-1.346305,5.950114,33.6567,-0.393234,1
84.2583,109.4113,94.2147,1.5292,5.0125,0.2308,1.655,-103.6105,-78.9021,-95.2745,-1.466204,8.295688,24.7084,-0.259339,1
81.0336,97.3723,88.8217,1.2833,3.1583,0.2566,1.48,-103.6105,-76.3651,-92.595,-1.360237,4.674284,27.2454,-0.294243,1
85.3333,100.597,91.2436,0.8375,1.6208,0.343,1.2156,-103.0842,-80.1903,-94.0674,-1.070025,1.970244,22.8939,-0.243378,1
80.3887,96.9423,85.324,0.5375,0.8208,0.4493,0.9564,-103.0842,-93.405,-98.6496,-0.800064,0.785013,9.6792,-0.098117,1
77.5939,92.8576,85.8917,0.9083,2.4417,0.3476,1.3076,-103.0842,-87.7579,-97.3062,-1.056703,3.192767,15.3263,-0.157506,1
69.2096,89.4179,78.8594,0.6042,0.8375,0.4232,0.9679,-97.9544,-87.2993,-92.0156,-0.85991,0.810616,10.6551,-0.115797,1
53.5159,78.8838,64.8688,0.5875,0.8708,0.4211,0.9894,-91.9673,-76.7844,-85.6254,-0.864885,0.86157,15.1829,-0.177318,1
26.8581,68.5646,52.5955,1.8917,10.0,0.2267,1.8374,-93.8882,-9.5551,-69.138,-1.484128,18.374,84.3331,-1.219779,1
3.4251,41.6919,6.9882,2.0,20.7417,0.4284,1.5297,28.1558,41.5571,39.5089,-0.847698,31.728578,13.4013,0.339197,1
3.2101,54.3758,8.6081,2.4,23.5417,0.2926,1.8468,27.2758,43.4062,39.9049,-1.228949,43.476812,16.1304,0.404221,1
3.4251,50.0762,8.2798,2.9042,32.2208,0.2396,2.0188,27.4961,43.2015,40.8101,-1.428784,65.047351,15.7054,0.384841,1
3.4251,92.6426,16.2728,5.95,100.35,0.1512,2.6097,17.57,42.5862,37.4714,-1.889152,261.883395,25.0162,0.667608,1
3.64,76.734,14.6957,4.8292,79.1292,0.18,2.3955,22.1418,41.7633,37.4859,-1.714798,189.553999,19.6215,0.523437,1
3.855,94.1475,8.7098,2.1667,34.85,0.4208,1.5172,21.2357,41.9693,39.6528,-0.865598,52.87442,20.7336,0.522879,1
3.64,90.9228,15.7227,4.5833,83.9083,0.2677,2.1642,13.1275,42.1752,36.6143,-1.317888,181.594343,29.0477,0.793343,1
3.64,99.7371,14.9367,4.2458,72.9792,0.2769,2.1075,13.5999,42.1752,36.6896,-1.284099,153.803664,28.5753,0.778839,1
3.855,30.9428,6.7086,1.2417,8.3833,0.4752,1.2931,30.3397,41.1441,39.4655,-0.74402,10.840445,10.8044,0.273768,1
4.07,96.0824,11.3131,3.1292,66.0375,0.4539,1.5724,13.1275,40.7304,37.2454,-0.789878,103.837365,27.6029,0.741109,1
4.5,98.8771,17.807,6.4417,118.3083,0.1367,2.6432,12.654,38.8588,33.5088,-1.989967,312.712499,26.2048,0.782027,1
4.285,35.8874,8.9466,2.4792,24.1792,0.2926,1.8261,-2.7422,39.9005,35.4758,-1.228949,44.153637,42.6427,1.202022,1
6.0048,73.2943,23.1354,5.5708,67.1542,0.0859,2.7172,-53.7371,37.6021,1.8252,-2.454571,182.471392,91.3392,50.043393,1
5.1449,103.3918,39.6277,9.3083,158.9917,0.0532,3.171,-66.693,36.3381,-18.9115,-2.933697,504.162681,103.0311,-5.448066,1
8.1547,81.0336,45.6749,4.1208,32.3292,0.1057,2.4669,-66.3052,31.6394,-33.8917,-2.24715,79.752903,97.9446,-2.889929,1
14.6041,72.8643,39.5689,3.3833,21.8667,0.1265,2.2693,-51.981,19.8689,-15.9466,-2.067513,49.622102,71.8499,-4.505656,1
14.8191,100.597,71.3351,3.7958,25.9042,0.1079,2.4001,-86.3875,20.5535,-41.1604,-2.22655,62.17267,106.941,-2.598153,1
74.5841,118.6555,99.2836,3.15,18.2583,0.1294,2.2242,-103.6105,-33.0082,-74.0499,-2.044847,40.610111,70.6023,-0.953442,1
66.6298,108.3363,90.8724,2.3667,11.525,0.1658,2.0059,-107.9162,-60.9898,-93.0226,-1.796973,23.117998,46.9264,-0.504462,1
59.1054,111.7761,80.5549,3.0583,18.6667,0.1374,2.181,-110.136,-48.532,-89.6984,-1.984859,40.712073,61.604,-0.68679,1
47.7114,102.5318,79.3003,3.325,17.9583,0.1248,2.217,-104.671,-45.8306,-62.7916,-2.081043,39.813551,58.8404,-0.937074,1
78.8838,136.929,101.9675,3.4958,23.2792,0.1158,2.3279,-109.0203,-49.5581,-79.4907,-2.155891,54.19165,59.4622,-0.74804,1
84.6883,100.812,92.8979,1.1583,3.0083,0.2802,1.4519,-110.6983,-92.4445,-100.5983,-1.272252,4.367751,18.2538,-0.181452,1
82.3235,97.8022,91.4434,0.6375,1.0875,0.4114,1.052,-109.5766,-85.9341,-101.7941,-0.888189,1.14405,23.6425,-0.232258,1
83.1834,100.812,91.6265,1.05,2.3583,0.2932,1.3558,-105.205,-91.4921,-100.5636,-1.2269,3.197383,13.7129,-0.13636,1
77.5939,94.5775,85.2501,1.0417,2.25,0.2936,1.3495,-103.6105,-76.3651,-93.2278,-1.225537,3.036375,27.2454,-0.292245,1
79.0988,96.7273,85.0914,0.5,0.7583,0.4668,0.9286,-97.4542,-77.2051,-88.0266,-0.761854,0.704157,20.2491,-0.230034,1
77.8089,96.0824,88.1801,0.6875,1.0458,0.3891,1.0531,-102.5603,-75.5307,-90.3883,-0.943919,1.101332,27.0296,-0.299039,1
63.4051,95.2224,86.058,0.9542,2.0458,0.3277,1.2786,-98.9616,-66.693,-89.8471,-1.115657,2.61576,32.2686,-0.35915,1
50.0762,91.9977,67.6468,0.9917,2.125,0.3042,1.3309,-95.8417,-59.1408,-86.9706,-1.19007,2.828162,36.7009,-0.421992,1
42.1218,72.0044,61.0428,0.8,1.4833,0.355,1.1805,-91.0187,-38.6452,-79.1705,-1.035637,1.751036,52.3735,-0.661528,1
16.539,69.4246,46.6105,3.85,23.9833,0.1069,2.3616,-90.0778,0.5703,-44.041,-2.235861,56.638961,90.6481,-2.058266,1
3.2101,46.4215,7.1973,2.1667,24.4167,0.4067,1.5852,27.7162,42.1752,39.9815,-0.899679,38.705353,14.459,0.361642,1
3.2101,43.6267,7.3392,2.2833,21.05,0.3155,1.7672,31.4233,43.2015,40.8007,-1.153597,37.19956,11.7782,0.288676,1
3.4251,55.4507,11.2266,3.7792,51.3708,0.2307,2.1655,26.1705,43.2015,39.751,-1.466637,111.243467,17.031,0.428442,1
4.07,75.874,13.2907,4.6917,63.5917,0.1567,2.4658,23.4935,41.5571,37.9289,-1.853422,156.804414,18.0636,0.476249,1
4.5,79.0988,19.1162,6.8542,110.4625,0.0805,2.8774,19.4112,41.3507,35.1897,-2.519498,317.844798,21.9395,0.623464,1
4.285,92.6426,17.1722,5.7792,102.2792,0.1265,2.6367,13.5999,41.3507,35.6576,-2.067513,269.679567,27.7508,0.778258,1
4.07,63.1901,12.9179,4.2333,58.925,0.1823,2.322,19.1819,40.7304,36.6707,-1.702102,136.82385,21.5485,0.587622,1
4.07,97.8022,12.9741,4.9333,90.0417,0.211,2.3373,16.1779,40.9373,36.9818,-1.555897,210.454465,24.7594,0.669502,1
3.64,38.8971,6.3785,1.5792,15.6875,0.5246,1.2754,29.032,40.7304,39.3611,-0.645119,20.007838,11.6984,0.297207,1
3.64,10.5195,3.976,0.0333,0.0667,0.959,0.1211,37.6021,40.5231,39.7408,-0.041864,0.008077,2.921,0.073501,1
3.855,96.2973,8.509,1.55,15.8417,0.5134,1.2841,16.8752,39.276,37.3884,-0.6667,20.342327,22.4008,0.599138,1
4.715,81.6786,15.6144,4.3958,54.7875,0.1347,2.4449,-28.4606,39.4844,28.3327,-2.004705,133.949959,67.945,2.398112,1
6.4348,68.5646,27.7928,7.6583,94.9167,0.0587,2.9915,-53.0321,35.7034,-4.4507,-2.835316,283.943308,88.7355,-19.937426,1
5.1449,92.6426,37.9675,8.7458,148.4792,0.0596,3.0896,-58.7739,38.0217,-14.815,-2.8201,458.741336,96.7956,-6.533621,1
36.3173,107.2614,67.3714,4.4417,36.2167,0.0946,2.5356,-81.929,-20.584,-51.1995,-2.358098,91.831065,61.345,-1.198156,1
29.8679,133.2743,72.892,5.0542,47.2542,0.0903,2.6241,-95.8417,1.5776,-53.3884,-2.404618,123.999746,97.4193,-1.824728,1
51.796,103.6067,78.2481,3.3208,19.9458,0.1225,2.2691,-95.8417,-14.4306,-56.5712,-2.099644,45.259015,81.4111,-1.439091,1
59.9654,109.8412,81.5459,2.8792,16.9542,0.143,2.1577,-97.4542,-31.4778,-67.1463,-1.944911,36.582077,65.9764,-0.982577,1
57.8155,118.8705,85.2216,3.1833,18.5083,0.13,2.2238,-104.1394,-43.1777,-69.8566,-2.040221,41.158758,60.9617,-0.872669,1
55.0208,120.1604,99.1576,2.8375,14.4625,0.1408,2.1277,-108.4668,-47.1751,-77.6324,-1.960415,30.771861,61.2917,-0.789512,1
54.8058,127.0398,93.8251,2.65,13.4167,0.1497,2.0853,-110.6983,-58.7739,-101.7256,-1.899122,27.977845,51.9244,-0.510436,1
58.6755,136.929,92.7123,2.2167,14.4167,0.2033,1.9291,-110.6983,-54.8014,-98.075,-1.593073,27.811256,55.8969,-0.56994,1
86.4082,109.1963,95.6952,1.8667,7.0583,0.195,1.8098,-111.8321,-93.8882,-104.8633,-1.634756,12.774111,17.9439,-0.171117,1
86.8381,99.5221,92.4285,0.8917,1.625,0.3361,1.2183,-111.8321,-99.4687,-105.9094,-1.090347,1.979738,12.3634,-0.116736,1
85.1183,98.6621,91.7793,0.9542,1.9625,0.3142,1.2938,-102.5603,-86.8425,-97.3329,-1.157726,2.539082,15.7178,-0.161485,1
83.6134,97.5872,90.5928,1.1792,3.0208,0.2788,1.4584,-100.4897,-78.4757,-90.8596,-1.277261,4.405535,22.014,-0.242286,1
81.4636,98.0172,89.7908,0.525,0.775,0.4506,0.9439,-99.4687,-78.9021,-93.2123,-0.797175,0.731522,20.5666,-0.220643,1
71.7894,92.2127,82.6955,0.7583,1.1167,0.3716,1.0515,-96.9562,-65.1483,-84.929,-0.989937,1.17421,31.8079,-0.374523,1
50.7211,91.7827,77.5108,1.2958,4.0958,0.2721,1.5516,-86.8425,-53.7371,-68.0937,-1.301586,6.355043,33.1054,-0.486174,1
32.8776,84.6883,58.0977,2.1875,10.5958,0.1844,1.955,-80.6227,-24.3292,-62.3397,-1.690648,20.714789,56.2935,-0.903012,1
17.8289,79.7437,50.4423,3.2083,25.9917,0.1491,2.2554,-76.3651,9.5477,-45.0219,-1.903138,58.62168,85.9128,-1.908245,1
13.3142,74.7991,37.3603,4.4042,39.7875,0.1093,2.4992,-49.9017,11.9416,-16.5548,-2.213659,99.43692,61.8433,-3.735672,1
3.2101,58.4605,6.9009,2.075,20.1,0.3727,1.6433,23.9421,42.1752,40.4549,-0.986981,33.03033,18.2331,0.450702,1
3.2101,58.6755,6.5524,1.7875,21.2458,0.4485,1.4284,25.0593,43.2015,41.021,-0.801847,30.347501,18.1422,0.442266,1
3.4251,67.9197,8.8592,2.675,36.7917,0.3773,1.7186,28.1558,43.2015,40.2593,-0.974715,63.230216,15.0457,0.37372,1
4.07,88.773,15.9889,5.0417,91.4917,0.1886,2.3991,16.4106,41.7633,36.7299,-1.668127,219.497737,25.3527,0.690247,1
4.285,107.9064,20.5363,7.5208,159.6542,0.1225,2.8163,11.7035,40.9373,34.6397,-2.099644,449.634123,29.2338,0.843939,1
4.07,110.7011,17.1192,7.6125,167.5708,0.1034,2.8773,11.7035,40.9373,36.0037,-2.26915,482.151463,29.2338,0.811967,1
3.64,54.8058,6.9152,1.6125,16.4542,0.4713,1.3757,26.1705,41.1441,39.6162,-0.75226,22.636043,14.9736,0.377967,1
3.64,32.6626,6.617,1.4833,9.8417,0.365,1.5353,30.7739,40.9373,39.1343,-1.007858,15.109962,10.1634,0.259706,1
3.64,8.1547,3.782,0.0292,0.0792,0.9752,0.0752,38.4406,40.5231,39.8409,-0.025113,0.005956,2.0825,0.05227,1
3.64,4.9299,3.8038,0.0,0.0,1.0,0.0,38.6498,40.3158,39.2693,0.0,0.0,1.666,0.042425,1
3.855,9.4446,4.3161,0.0792,0.1958,0.919,0.2241,26.1705,39.6925,38.741,-0.084469,0.043879,13.522,0.349036,1
4.5,60.3953,20.805,5.8292,80.4958,0.1425,2.6123,-51.2846,39.4844,10.6746,-1.948413,210.279178,90.769,8.503269,1
6.0048,115.4307,31.7137,7.5958,110.5292,0.0651,2.9518,-47.5131,36.7603,2.6461,-2.731831,326.260093,84.2734,31.848154,1
16.754,111.3461,69.8923,6.475,71.775,0.0686,2.8373,-82.8076,11.2265,-49.7556,-2.679463,203.647208,94.0341,-1.88992,1
40.187,77.1639,62.9298,2.55,12.75,0.1526,2.0492,-76.7844,-15.8096,-46.8066,-1.879935,26.1273,60.9748,-1.302697,1
36.9623,124.245,76.0529,4.375,35.8917,0.1,2.5068,-94.8607,-4.5511,-34.6326,-2.302585,89.973314,90.3096,-2.607647,1
61.0403,141.8736,98.0281,6.0417,64.825,0.0731,2.7884,-105.205,-38.3266,-77.8117,-2.615927,180.75803,66.8784,-0.85949,1
61.2553,120.1604,88.5244,3.3125,20.7292,0.1256,2.2533,-96.9562,-55.5153,-76.3205,-2.074653,46.709106,41.4409,-0.542985,1
71.5744,133.7042,103.2238,5.2667,48.8333,0.089,2.6386,-115.9012,-61.3626,-95.2444,-2.419119,128.851545,54.5386,-0.572617,1
48.7863,113.7109,83.7763,3.2667,21.1667,0.1276,2.2809,-115.9012,-48.1916,-94.4526,-2.058855,48.279126,67.7096,-0.716863,1
74.7991,111.5611,93.1574,2.1875,10.1125,0.1752,1.9585,-108.4668,-72.2467,-97.1282,-1.741827,19.805331,36.2201,-0.37291,1
90.7078,105.3266,98.034,1.475,4.375,0.2298,1.6205,-112.9784,-95.8417,-106.5866,-1.470546,7.089688,17.1367,-0.160777,1
90.2778,108.9813,97.0221,1.625,5.575,0.2182,1.7111,-111.8321,-92.9238,-104.4982,-1.522343,9.539382,18.9083,-0.180944,1
82.5385,109.1963,92.3832,1.4,4.4167,0.2495,1.5991,-112.4037,-96.4604,-104.0801,-1.388296,7.062745,15.9433,-0.153183,1
84.0434,101.6719,89.9117,0.7833,1.65,0.3666,1.1955,-101.0037,-86.3875,-94.656,-1.003484,1.972575,14.6162,-0.154414,1
79.0988,92.8576,85.4827,0.6208,1.1458,0.4234,1.0534,-97.4542,-78.9021,-89.6301,-0.859438,1.206986,18.5521,-0.206985,1
81.6786,98.0172,89.5372,1.0917,2.5917,0.2893,1.4006,-95.8417,-80.1903,-89.4717,-1.240291,3.629935,15.6514,-0.174931,1
73.0793,86.8381,82.7417,0.4958,0.6875,0.4623,0.9026,-95.8417,-79.7594,-90.4436,-0.771541,0.620538,16.0823,-0.177816,1
50.5061,81.4636,69.721,1.2833,4.0667,0.2697,1.5238,-95.8417,-28.4606,-75.0175,-1.310445,6.196837,67.3811,-0.898205,1
15.0341,73.0793,46.7272,2.7375,13.9792,0.1522,2.0807,-81.4919,14.5413,-41.9865,-1.88256,29.086521,96.0332,-2.28724,1
11.1644,95.8674,47.8583,6.2958,74.3458,0.0745,2.7789,-54.091,18.7228,-20.9069,-2.596956,206.599544,72.8138,-3.482764,1
12.0244,58.0305,32.4099,3.3208,20.2375,0.1235,2.2541,-68.6495,11.2265,-31.0165,-2.091514,45.617349,79.876,-2.575274,1
3.2101,29.6529,3.6115,0.1375,1.9542,0.9348,0.1866,31.6394,42.3808,41.672,-0.067423,0.364654,10.7414,0.257761,1
3.4251,58.0305,8.7475,2.2583,26.075,0.3885,1.648,25.5045,41.9693,39.2467,-0.945462,42.9716,16.4648,0.419521,1
4.285,81.0336,28.976,8.6833,134.2083,0.055,3.1194,18.2624,41.5571,32.323,-2.900422,418.649371,23.2947,0.720685,1
4.715,94.7925,35.0602,10.8208,211.8292,0.0462,3.3051,14.5413,41.1441,30.5744,-3.074775,700.116689,26.6028,0.8701,1
3.855,103.8217,15.6144,5.1083,83.8833,0.1882,2.4336,18.7228,41.5571,37.1879,-1.67025,204.138399,22.8343,0.614025,1
3.64,52.441,8.1437,2.4917,30.525,0.3859,1.6601,25.0593,41.3507,39.4777,-0.952177,50.674552,16.2914,0.412673,1
3.64,15.2491,4.4739,0.3792,1.4958,0.7281,0.6675,36.1268,41.3507,40.4564,-0.317317,0.998446,5.2239,0.129124,1
3.64,6.4348,3.7282,0.0125,0.0125,0.9753,0.0672,39.276,40.9373,40.258,-0.02501,0.00084,1.6613,0.041266,1
3.4251,3.855,3.677,0.0,0.0,1.0,0.0,39.0675,40.3158,39.533,0.0,0.0,1.2483,0.031576,1
3.64,5.7899,4.0188,0.0042,0.0042,0.9917,0.027,36.5493,39.6925,38.6967,-0.008335,0.000113,3.1432,0.081227,1
3.855,65.3399,16.0964,3.6417,50.825,0.3105,1.9645,-44.4983,39.0675,23.0608,-1.169571,99.845712,83.5658,3.623716,1
4.07,129.1896,47.6543,9.4458,163.5875,0.0553,3.163,-40.2485,38.2313,12.8164,-2.894982,517.427262,78.4798,6.123389,1
6.0048,128.3297,33.4705,7.75,120.8667,0.0672,3.0057,-29.0595,37.6021,21.1386,-2.700082,363.28904,66.6616,3.153548,1
13.3142,134.9941,73.6999,6.8625,93.9375,0.0693,2.903,-84.5843,32.0708,-42.7889,-2.66931,272.700562,116.6551,-2.726294,1
42.1218,127.8997,69.5799,3.4667,24.375,0.1248,2.3161,-84.5843,-35.1761,-57.9557,-2.081043,56.454938,49.4082,-0.852517,1
46.6365,109.8412,66.7356,3.85,32.2333,0.119,2.3829,-87.2993,-32.3943,-58.1929,-2.128632,76.808731,54.905,-0.9435,1
49.6462,133.9192,96.7113,5.4917,44.675,0.0791,2.6302,-93.405,-31.4778,-56.495,-2.537042,117.504185,61.9272,-1.096154,1
58.6755,134.7791,94.517,5.2125,49.2292,0.0833,2.6653,-108.4668,-59.8774,-89.5428,-2.485307,131.210587,48.5894,-0.542639,1
59.7504,116.9356,92.0262,2.6167,13.7,0.1525,2.0887,-107.9162,-55.1578,-84.8907,-1.880591,28.61519,52.7584,-0.621486,1
84.9033,113.9259,98.2229,2.5125,11.4625,0.1552,2.0255,-112.9784,-87.2993,-101.3833,-1.863041,23.217294,25.6791,-0.253287,1
83.8284,100.597,93.4799,1.3583,4.2583,0.253,1.586,-109.0203,-95.3502,-104.8254,-1.374366,6.753664,13.6701,-0.130408,1
89.8479,108.9813,97.1153,1.8833,7.9333,0.2036,1.8262,-110.6983,-95.8417,-105.5919,-1.591598,14.487792,14.8566,-0.140698,1
83.3984,101.4569,91.9548,1.1542,2.9125,0.2777,1.4403,-109.0203,-91.9673,-102.4637,-1.281214,4.194874,17.053,-0.16643,1
83.3984,109.4113,94.2819,1.5208,4.7625,0.229,1.6474,-106.8235,-90.0778,-99.4168,-1.474033,7.845742,16.7457,-0.168439,1
84.0434,98.6621,88.7947,1.0167,2.1417,0.3092,1.3203,-105.205,-95.8417,-100.3734,-1.173767,2.827687,9.3633,-0.093285,1
76.519,103.8217,86.8457,1.1333,3.8333,0.3139,1.4301,-100.4897,-75.5307,-95.5672,-1.158681,5.482002,24.959,-0.261167,1
65.7699,99.5221,83.6495,1.3,3.6917,0.2604,1.5337,-92.9238,-69.0443,-84.6453,-1.345536,5.66196,23.8795,-0.282113,1
58.8904,85.9782,74.7462,0.7583,1.3833,0.37,1.1495,-96.4604,-70.6356,-89.012,-0.994252,1.590103,25.8248,-0.290127,1
35.6724,75.0141,60.8925,1.7917,5.575,0.2011,1.7107,-96.9562,-22.302,-84.5701,-1.603953,9.537153,74.6542,-0.882749,1
11.1644,71.1444,28.7485,3.775,31.4167,0.1191,2.357,-67.082,23.2689,-11.8069,-2.127792,74.049162,90.3509,-7.652381,1
9.4446,86.1932,36.3316,6.125,65.75,0.0735,2.7836,-85.4825,26.1705,-13.6842,-2.61047,183.0217,111.653,-8.159264,1
10.9494,56.5257,32.3209,2.325,10.5583,0.1649,1.9956,-83.2494,14.0712,-40.9426,-1.802416,21.070143,97.3206,-2.377001,1
3.4251,68.5646,14.4395,4.8667,59.4083,0.1589,2.4931,27.4961,42.1752,38.1821,-1.83948,148.110833,14.6791,0.38445,1
4.285,70.9295,18.5897,6.7583,107.15,0.105,2.7906,23.4935,41.5571,37.0873,-2.253795,299.01279,18.0636,0.487056,1
4.9299,95.0074,31.7851,10.3167,193.2,0.0495,3.2374,21.9157,41.5571,33.5373,-3.005783,625.46568,19.6414,0.585658,1
4.07,71.3594,17.9624,5.2542,81.0708,0.1401,2.5393,22.1418,41.9693,37.1688,-1.965399,205.863082,19.8275,0.533445,1
3.64,42.1218,9.0406,2.2,19.7833,0.2958,1.8027,30.3397,41.3507,39.433,-1.218072,35.663355,11.011,0.279233,1
3.4251,10.9494,3.9617,0.1083,0.2833,0.8955,0.2795,38.4406,41.7633,40.8757,-0.110373,0.079182,3.3227,0.081288,1
3.4251,19.7637,4.2556,0.3708,1.8042,0.7559,0.6046,35.9152,41.5571,40.8375,-0.279846,1.090819,5.6419,0.138155,1
3.64,7.7247,3.9323,0.0083,0.0167,0.9917,0.027,30.9905,41.3507,40.5908,-0.008335,0.000451,10.3602,0.255235,1
3.64,77.1639,9.1448,0.9583,7.6167,0.5848,1.0236,-23.7475,40.7304,32.1791,-0.536485,7.796454,64.4779,2.00372,1
4.07,124.03,37.252,8.225,168.825,0.1545,2.7516,-19.1657,39.0675,21.2126,-1.867561,464.53887,58.2332,2.745217,1
8.5846,138.2189,57.9188,10.1167,170.1583,0.0467,3.2234,-44.8302,32.7164,-0.273,-3.064011,548.488264,77.5466,-284.05348,1
5.1449,117.7956,32.425,5.3292,78.5792,0.1423,2.5656,-5.0714,37.3919,26.5303,-1.949818,201.602796,42.4633,1.600559,1
5.1449,99.7371,20.7941,3.6,32.275,0.1521,2.3295,-55.8736,37.6021,12.9766,-1.883217,75.184612,93.4757,7.203405,1
9.8745,104.2517,75.6541,5.525,57.0083,0.0813,2.6944,-71.4387,22.8188,-52.6813,-2.509609,153.603164,94.2575,-1.789202,1
38.4672,113.2809,76.8331,3.8583,26.9917,0.1091,2.4058,-79.7594,-27.8638,-59.1211,-2.21549,64.936632,51.8956,-0.877785,1
59.9654,115.6457,83.526,3.3458,20.7792,0.1223,2.2874,-85.0325,-26.6771,-52.193,-2.101278,47.530342,58.3554,-1.118069,1
62.9751,121.2353,89.5783,4.1917,31.325,0.1015,2.4727,-83.6927,-27.8638,-50.0198,-2.287696,77.457328,55.8289,-1.116136,1
94.7925,139.5087,114.963,4.1125,27.9625,0.1011,2.4314,-103.0842,-38.3266,-67.1429,-2.291645,67.988022,64.7576,-0.964474,1
82.7535,122.3102,101.1042,3.3625,23.8208,0.1287,2.2625,-110.6983,-79.7594,-97.6064,-2.050271,53.89456,30.9389,-0.316976,1
85.1183,106.4015,93.9787,2.1708,9.3125,0.1764,1.9167,-109.0203,-88.2182,-101.8816,-1.735001,17.849269,20.8021,-0.204179,1
87.2681,105.3266,96.1428,1.7958,5.9875,0.1968,1.7561,-110.136,-99.4687,-104.867,-1.625567,10.514649,10.6673,-0.101722,1
90.0629,105.3266,96.2696,1.5375,4.8208,0.2266,1.6505,-110.6983,-101.0037,-106.2324,-1.484569,7.95673,9.6946,-0.091258,1
85.5482,99.5221,91.4351,1.3333,3.9583,0.2614,1.5531,-107.3685,-99.978,-103.3831,-1.341703,6.147636,7.3905,-0.071487,1
83.8284,98.8771,89.3113,0.8458,1.7292,0.347,1.2168,-102.039,-92.9238,-97.5927,-1.05843,2.104091,9.1152,-0.0934,1
76.089,96.0824,86.8675,0.9667,2.1333,0.3128,1.316,-100.4897,-78.0507,-95.5526,-1.162191,2.807423,22.439,-0.234834,1
72.2194,89.6329,82.4671,0.6417,1.1,0.4057,1.068,-100.4897,-72.6526,-91.8774,-0.902141,1.1748,27.8371,-0.302981,1
51.5811,80.8186,67.0598,1.1958,2.6625,0.2674,1.4095,-94.8607,-56.2329,-79.4716,-1.31901,3.752794,38.6278,-0.486058,1
34.1675,68.1347,54.3389,1.0375,2.5375,0.3078,1.3704,-88.2182,-35.4883,-71.2155,-1.178305,3.47739,52.7299,-0.740427,1
20.4086,68.5646,42.5669,1.4333,4.325,0.2452,1.5884,-89.6102,-12.7902,-53.6055,-1.405681,6.86983,76.82,-1.433062,1
9.6595,71.5744,23.0287,2.2625,17.3625,0.2014,1.8521,-78.0507,19.8689,-15.9814,-1.602462,32.157086,97.9196,-6.127098,1
8.7996,121.2353,34.904,8.0333,145.375,0.0834,2.9645,-26.973,29.9047,10.7574,-2.484107,430.964188,56.8777,5.287309,1
6.6498,96.9423,20.2323,3.1833,38.0583,0.1611,2.1684,-40.8945,32.5014,-1.1059,-1.82573,82.525618,73.3959,-66.367574,1
4.5,74.1542,19.4018,6.4375,88.5875,0.08,2.8688,25.0593,42.1752,37.2992,-2.525729,254.13982,17.1159,0.458881,1
4.9299,76.949,21.3232,7.4083,113.1,0.0662,2.9591,24.166,41.9693,36.7393,-2.715075,334.67421,17.8033,0.484585,1
3.855,96.0824,18.3747,5.9292,124.7208,0.184,2.4827,21.4627,42.3808,37.4964,-1.69282,309.64433,20.9181,0.55787,1
3.855,51.5811,10.0215,3.0167,30.0167,0.2212,2.0866,27.2758,41.9693,39.1047,-1.508688,62.632846,14.6935,0.375748,1
3.4251,26.8581,4.5058,0.4458,3.7875,0.8262,0.5078,32.2862,41.5571,40.733,-0.190918,1.923292,9.2709,0.227602,1
3.64,50.7211,4.4865,0.3042,5.6125,0.9427,0.1828,19.4112,41.5571,40.5025,-0.059007,1.025965,22.1459,0.546779,1
3.64,109.1963,15.4573,4.1583,86.0417,0.3797,1.8606,-21.1547,41.3507,33.856,-0.968374,160.089187,62.5054,1.846213,1
4.07,155.6324,35.706,5.0125,87.7875,0.1317,2.5104,-45.1629,40.7304,2.7587,-2.027229,220.38174,85.8933,31.135426,1
8.1547,119.0854,46.5298,7.3542,116.8292,0.0689,2.9536,-55.8736,32.0708,-12.6712,-2.675099,345.066725,87.9444,-6.940495,1
7.7247,128.7596,43.2858,9.5042,152.4958,0.0488,3.1895,-57.3162,33.3599,-8.0244,-3.020025,486.385354,90.6761,-11.300047,1
5.5749,69.6396,23.8316,6.5458,78.8375,0.0747,2.8516,-50.9376,37.6021,7.4824,-2.594275,224.813015,88.5397,11.833062,1
5.3599,94.3625,22.2713,4.7917,63.4417,0.1201,2.5461,-64.3826,37.3919,5.758,-2.119431,161.528912,101.7745,17.675321,1
13.7442,102.1019,64.1163,6.2292,69.2458,0.0715,2.8307,-65.9184,20.3256,-48.0067,-2.638058,196.014086,86.244,-1.796499,1
31.3727,111.1311,60.7195,4.4875,34.0625,0.0947,2.5097,-77.2051,-25.4989,-46.7933,-2.357041,85.486656,51.7062,-1.104992,1
33.5226,126.3948,80.0771,4.925,38.15,0.0956,2.52,-80.1903,-28.1619,-51.4891,-2.347582,96.138,52.0284,-1.010474,1
55.0208,117.1506,78.1943,4.3875,33.4125,0.0979,2.5055,-84.5843,-30.264,-56.8614,-2.323809,83.715019,54.3203,-0.955311,1
65.5549,107.9064,88.1432,4.4167,33.8,0.0941,2.5114,-58.0431,-30.264,-44.1541,-2.363397,84.88532,27.7791,-0.62914,1
76.089,131.1245,96.0538,3.5833,20.6333,0.1134,2.2933,-80.6227,-37.6914,-49.4338,-2.176834,47.318347,42.9313,-0.86846,1
97.3723,133.9192,112.4361,2.75,15.2417,0.1502,2.1262,-104.1394,-37.6914,-74.5214,-1.895788,32.406903,66.448,-0.891663,1
90.0629,113.7109,100.0217,2.05,7.7,0.178,1.8602,-109.0203,-87.7579,-102.829,-1.725972,14.32354,21.2624,-0.206774,1
88.343,115.4307,98.647,2.8083,13.475,0.1379,2.1067,-109.5766,-96.9562,-104.884,-1.981226,28.387782,12.6204,-0.120327,1
89.8479,103.6067,96.0723,1.4292,4.0042,0.2409,1.5543,-108.4668,-101.0037,-105.2515,-1.423373,6.223728,7.4631,-0.070907,1
78.6688,98.8771,90.539,1.1292,3.0125,0.2932,1.4347,-106.8235,-91.4921,-99.8832,-1.2269,4.322034,15.3314,-0.153493,1
68.9946,99.3071,88.4891,1.1542,2.6458,0.2751,1.4068,-103.6105,-63.6212,-93.9002,-1.290621,3.722111,39.9893,-0.42587,1
73.7242,91.9977,80.906,0.8542,1.6042,0.3457,1.2096,-99.978,-80.1903,-93.7568,-1.062184,1.94044,19.7877,-0.211053,1
31.3727,78.8838,65.1703,1.2292,3.1542,0.2686,1.4743,-93.405,-22.5901,-74.5971,-1.314532,4.650237,70.8149,-0.949298,1
16.324,68.3497,44.8016,1.7542,6.1042,0.206,1.7434,-86.8425,18.2624,-40.5488,-1.579879,10.642062,105.1049,-2.592059,1
11.5944,73.9392,45.5817,4.4208,41.2375,0.1019,2.5075,-89.1444,27.0552,-27.1493,-2.283763,103.403031,116.1996,-4.280022,1
9.2296,66.6298,31.2661,2.6542,12.3292,0.1497,2.0321,-89.6102,25.7267,-34.2034,-1.899122,25.054167,115.3369,-3.372089,1
9.2296,32.0177,16.0788,0.6333,1.2667,0.4208,1.0594,-55.1578,18.9525,-3.5659,-0.865598,1.341942,74.1103,-20.783056,1
6.8648,124.46,38.1657,8.5292,179.0208,0.0908,2.9652,-23.7475,30.7739,10.3989,-2.399096,530.832476,54.5214,5.242997,1
4.715,28.7929,11.3525,0.9167,2.9417,0.3898,1.295,-44.4983,33.7879,13.5085,-0.942121,3.809501,78.2862,5.795329,1
4.285,102.5318,26.1737,9.2625,169.8708,0.0547,3.2024,11.4652,41.9693,34.5701,-2.905892,543.99425,30.5041,0.882384,1
4.07,61.6852,15.4372,5.8875,92.4625,0.1044,2.695,25.282,41.5571,38.0152,-2.259526,249.186438,16.2751,0.428121,1
4.07,73.0793,14.0188,5.1625,76.8208,0.1847,2.4109,26.6133,41.5571,38.0552,-1.689022,185.207267,14.9438,0.392687,1
3.64,26.2132,4.699,0.3792,2.7375,0.8051,0.5125,32.2862,41.3507,40.4212,-0.216789,1.402969,9.0645,0.224251,1
3.64,106.6165,9.0818,1.8458,43.3458,0.6966,0.9011,17.1071,41.5571,38.7511,-0.361544,39.0589,24.45,0.63095,1
3.64,138.4338,43.2094,10.1333,213.525,0.0652,3.2093,-22.5901,41.7633,21.2112,-2.730296,685.265782,64.3534,3.033935,1
6.2198,133.9192,46.298,9.8875,176.7292,0.049,3.229,-29.0595,39.6925,16.9073,-3.015935,570.658587,68.752,4.066409,1
9.8745,75.2291,37.3461,6.4708,75.7542,0.072,2.8417,-52.6809,35.7034,-5.339,-2.631089,215.27071,88.3843,-16.554467,1
11.8094,88.558,46.0444,10.7875,185.5375,0.0449,3.2767,-59.1408,25.5045,-25.0877,-3.103317,607.950726,84.6453,-3.373976,1
9.0146,75.2291,31.3148,7.625,106.7417,0.0625,3.0137,-58.0431,33.5741,-7.068,-2.772589,321.687461,91.6172,-12.962252,1
7.9397,89.8479,32.5501,5.7208,63.5042,0.079,2.7392,-55.8736,32.0708,-9.7909,-2.538307,173.950705,87.9444,-8.982259,1
11.1644,115.8607,59.8285,6.5417,77.8667,0.0671,2.8903,-70.236,22.3677,-35.1736,-2.701571,225.058123,92.6037,-2.632762,1
36.3173,117.7956,72.0724,5.2458,45.1958,0.084,2.6322,-77.6272,-5.0714,-49.1528,-2.476938,118.964385,72.5558,-1.476128,1
51.1511,110.9161,73.6066,3.8375,25.0708,0.1065,2.383,-73.8781,-33.9336,-49.0867,-2.23961,59.743716,39.9445,-0.813754,1
67.7047,131.5544,98.1213,4.2542,30.7708,0.0995,2.4523,-80.6227,-35.4883,-52.269,-2.307598,75.459233,45.1344,-0.863502,1
61.9002,136.929,100.508,5.4458,48.2792,0.0779,2.6915,-101.0037,-38.6452,-77.0128,-2.552329,129.943467,62.3585,-0.809716,1
61.2553,110.7011,84.4523,3.6708,22.6542,0.1099,2.3459,-95.3502,-46.1656,-69.7917,-2.208184,53.144488,49.1846,-0.704734,1
67.9197,110.0562,89.0576,3.9875,29.7708,0.1066,2.4416,-72.6526,-40.8945,-61.385,-2.238672,72.688385,31.7581,-0.517359,1
76.304,124.245,100.2745,3.5583,20.8,0.114,2.2817,-84.1377,-37.6914,-60.7573,-2.171557,47.45936,46.4463,-0.764456,1
84.0434,116.9356,98.7973,2.1167,8.6667,0.1812,1.8895,-102.039,-65.5328,-85.4281,-1.708154,16.37573,36.5062,-0.427332,1
78.2388,136.069,105.3652,3.6,23.525,0.1153,2.3319,-108.4668,-25.4989,-76.1497,-2.160218,54.857948,82.9679,-1.089537,1
92.2127,119.3004,101.2503,1.625,5.4417,0.2176,1.6827,-105.205,-38.9646,-95.8367,-1.525097,9.156749,66.2404,-0.69118,1
73.2943,108.5513,90.8892,1.3042,2.9625,0.2681,1.4384,-104.671,-80.6227,-99.1272,-1.316395,4.26126,24.0483,-0.2426,1
54.8058,85.3333,72.8056,0.825,1.525,0.3476,1.1977,-96.9562,-51.981,-80.9855,-1.056703,1.826492,44.9752,-0.555349,1
49.8612,84.6883,71.1704,0.8625,1.7375,0.3407,1.2385,-96.9562,-49.9017,-79.829,-1.076753,2.151894,47.0545,-0.589441,1
23.8484,74.1542,53.7216,1.7625,5.9708,0.2053,1.7443,-89.6102,2.5796,-56.2505,-1.583283,10.414866,92.1898,-1.638915,1
16.9689,58.6755,40.9075,3.0208,18.2875,0.1375,2.1754,-60.618,20.7812,-16.1559,-1.984131,39.782628,81.3992,-5.038358,1
6.0048,57.3856,23.0036,5.1917,48.4833,0.0828,2.689,-24.038,33.7879,19.0423,-2.491327,130.371594,57.8259,3.036708,1
5.3599,48.1413,13.96,1.5125,9.3375,0.3567,1.56,-78.0507,35.0668,14.7995,-1.03086,14.5665,113.1175,7.643333,1
7.9397,48.7863,20.7169,1.75,7.8167,0.2291,1.7824,-79.7594,30.7739,-11.1662,-1.473597,13.932486,110.5333,-9.898918,1
6.6498,61.2553,23.0195,4.675,49.2167,0.1089,2.554,-71.842,29.9047,0.711,-2.217325,125.699452,101.7467,143.103657,1
4.9299,31.5877,14.6402,1.7875,7.3292,0.2153,1.798,-52.3305,34.0016,4.5046,-1.535723,13.177902,86.3321,19.16532,1
