date,gross,turnover,short_notional,n_active
2008-01-03,0,0,0,0
2008-01-04,0,0,0,0
2008-01-07,-0.0010168941074612,0.15,0.0296984080261897,3
2008-01-08,-0.0009234594683748,0.0999999999999999,0.0113416378048508,3
2008-01-09,0.0022899362088108,0.25,0.0169019338295259,6
2008-01-10,0.0008497040011235,0,0.0169019338295259,6
2008-01-11,-0.002593893858759,0.05,0.0424980099436285,7
2008-01-14,0.0031959049577957,0.1,0.0424980099436285,9
2008-01-15,-0.0046314282448658,0,0.0424980099436285,9
2008-01-16,-0.0034841704967345,0.2,0.0424980099436285,11
2008-01-17,-0.003124310396057,0.15,0.0698383723790066,12
2008-01-18,0.0019300424420833,0.4,0.044242296264904,6
2008-01-22,-0.0007336650157316,0.1,0.094242296264904,8
2008-01-23,0.0031976894133779,0.15,0.0322902956520487,5
2008-01-24,0.0003474863579413,0.2,0.065081275175862,5
2008-01-25,-0.0002722175647573,0.05,0.065081275175862,4
2008-01-28,0.0006071009052108,0,0.065081275175862,4
2008-01-29,5.73195317689932e-06,0.05,0.0394851990617595,3
2008-01-30,0.0005100809838097,0.05,0.0894851990617595,4
2008-01-31,0.0007635337021264,0,0.0894851990617595,4
2008-02-01,-0.0005357509044311,0.15,0.172583265232233,5
2008-02-04,0.0011825803378171,0.05,0.172583265232233,4
2008-02-05,0.0012677772044266,0,0.172583265232233,4
2008-02-06,0.0013082503818615,0,0.172583265232233,4
2008-02-07,-0.0014957287648833,0.0499999999999999,0.122583265232233,3
2008-02-08,-0.0011330750487872,0,0.122583265232233,3
2008-02-11,0.0001958105642229,0.0499999999999999,0.1,2
2008-02-12,8.73723147835563e-05,0,0.1,2
2008-02-13,-0.0003660003528771,0,0.1,2
2008-02-14,0.0005550682393225,0,0.1,2
2008-02-15,-1.82614679119205e-05,0,0.1,2
2008-02-19,0.0001057566719021,0,0.1,2
2008-02-20,-0.0009197207469972,0.05,0.05,1
2008-02-21,0.0006432490390828,0,0.05,1
2008-02-22,-0.0004005394533452,0,0.05,1
2008-02-25,-0.0005982022852362,0,0.05,1
2008-02-26,-0.0006887531431855,0,0.05,1
2008-02-27,-1.54933090769308e-05,0.1,0.0499999999999999,1
2008-02-28,2.69724122511626e-05,0.05,0.1,2
2008-02-29,0.0001904427126356,0,0.1,2
2008-03-03,0.0001746408185976,0,0.1,2
2008-03-04,0.0002524443710759,0,0.1,2
2008-03-05,0.0001510746871571,0,0.1,2
2008-03-06,0.0004220124029587,0,0.1,2
2008-03-07,5.14102876694651e-05,0.05,0.0499999999999999,1
2008-03-10,-3.25922165011478e-05,0,0.0499999999999999,1
2008-03-11,0.0009699958248517,0.0499999999999999,0.066901933829526,2
2008-03-12,-0.0003084129356223,0,0.066901933829526,2
2008-03-13,0.0007162766969911,0,0.066901933829526,2
2008-03-14,0.0001863081475037,0.0499999999999999,0.0499999999999999,1
2008-03-17,0.0005824602276838,0,0.0499999999999999,1
2008-03-18,-0.0006723467512942,0,0.0499999999999999,1
2008-03-19,5.19013983260539e-05,0.05,0.1,2
2008-03-20,-0.0011730752348836,0,0.1,2
2008-03-24,-2.98927471954003e-05,0.05,0.0499999999999999,1
2008-03-25,0.0001975217107814,0,0.0499999999999999,1
2008-03-26,0.0002408809899417,0,0.0499999999999999,1
2008-03-27,0.000106094958482,0,0.0499999999999999,1
2008-03-28,0.000106636401543,0,0.0499999999999999,1
2008-03-31,-0.0001875748329098,0,0.0499999999999999,1
2008-04-01,-0.0005267317351153,0,0.0499999999999999,1
2008-04-02,0,0,0.0499999999999999,1
2008-04-03,-0.0002321767279997,0,0.0499999999999999,1
2008-04-04,-0.0001002004186784,0,0.0499999999999999,1
2008-04-07,0.0001407333205349,0,0.0499999999999999,1
2008-04-08,9.53912939377106e-05,0,0.0499999999999999,1
2008-04-09,0.0001807746545883,0,0.0499999999999999,1
2008-04-10,-5.16977240863713e-05,0,0.0499999999999999,1
2008-04-11,9.1057162159287e-05,0,0.0499999999999999,1
2008-04-14,0.000227133604372,0,0.0499999999999999,1
2008-04-15,0.0001409026657373,0,0.0499999999999999,1
2008-04-16,-0.000200020214277,0,0.0499999999999999,1
2008-04-17,5.34519962222252e-05,0,0.0499999999999999,1
2008-04-18,-0.0003118689105218,0,0.0499999999999999,1
2008-04-21,-1.1939105556535e-05,0,0.0499999999999999,1
2008-04-22,0.0001765396715045,0,0.0499999999999999,1
2008-04-23,0.0001038223653323,0,0.0499999999999999,1
2008-04-24,3.97889147243905e-05,0,0.0499999999999999,1
2008-04-25,-0.0001338081762984,0,0.0499999999999999,1
2008-04-28,-3.21049671470561e-05,0,0.0499999999999999,1
2008-04-29,-0.0001471727565049,0,0.0499999999999999,1
2008-04-30,0.0004711305613945,0,0.0499999999999999,1
2008-05-01,-0.0010085331035615,0,0.0499999999999999,1
2008-05-02,0.0001189673331688,0,0.0499999999999999,1
2008-05-05,0.0001243537229342,0,0.0499999999999999,1
2008-05-06,-5.2381500519965e-05,0,0.0499999999999999,1
2008-05-07,0.0002588205465601,0,0.0499999999999999,1
2008-05-08,-0.000265128780618,0,0.0499999999999999,1
2008-05-09,1.86088145332365e-05,0,0.0499999999999999,1
2008-05-12,-0.0003167499655296,0,0.0499999999999999,1
2008-05-13,0.0001759174940918,0,0.0499999999999999,1
2008-05-14,-0.0002310873534768,0,0.0499999999999999,1
2008-05-15,-0.000402890499203,0,0.0499999999999999,1
2008-05-16,0,0.0499999999999999,0,0
2008-05-19,0,0,0,0
2008-05-20,0,0,0,0
2008-05-21,0,0,0,0
2008-05-22,0,0,0,0
2008-05-23,0,0,0,0
2008-05-27,0,0,0,0
2008-05-28,0,0,0,0
2008-05-29,0,0,0,0
2008-05-30,0,0,0,0
2008-06-02,0,0,0,0
2008-06-03,0,0,0,0
2008-06-04,0,0,0,0
2008-06-05,0,0,0,0
2008-06-06,0,0,0,0
2008-06-09,0,0,0,0
2008-06-10,0,0,0,0
2008-06-11,0,0,0,0
2008-06-12,0,0,0,0
2008-06-13,0,0,0,0
2008-06-16,0,0,0,0
2008-06-17,0,0,0,0
2008-06-18,0,0,0,0
2008-06-19,0,0,0,0
2008-06-20,0,0,0,0
2008-06-23,0,0,0,0
2008-06-24,0,0,0,0
2008-06-25,0,0,0,0
2008-06-26,0,0,0,0
2008-06-27,-0.0001800814604934,0.0499999999999999,0.0169019338295259,1
2008-06-30,-0.000372577884683,0,0.0169019338295259,1
2008-07-01,-0.0006813956966897,0,0.0169019338295259,1
2008-07-02,0,0.0499999999999999,0,0
2008-07-03,0,0,0,0
2008-07-07,-0.0026904970928482,0.25,0.0657287443725325,5
2008-07-08,0.0032394760594868,0.15,0.0461095936317183,4
2008-07-09,-0.0008029275318397,0.0499999999999999,0.0692351577383101,5
2008-07-10,0.0009579739730379,0,0.0692351577383101,5
2008-07-11,-0.001286822397505,0.05,0.0438827850859206,4
2008-07-14,-0.0019126469454704,0.1,0.0438827850859206,6
2008-07-15,-0.0010642895640182,0.05,0.0438827850859206,5
2008-07-16,0.0014719716631134,0,0.0438827850859206,5
2008-07-17,-0.0004889360745554,0.0499999999999999,0.0207572209793288,4
2008-07-18,-0.0003541325940747,0.1,0.0543720777802573,6
2008-07-21,0.0013255284266671,0.05,0.0681468842875943,7
2008-07-22,0.0014704890914148,0,0.0681468842875943,7
2008-07-23,0.0006438982631728,0,0.0681468842875943,7
2008-07-24,-0.0029123991291967,0.05,0.0681468842875943,6
2008-07-25,0.000449220996535,0,0.0681468842875943,6
2008-07-28,-0.0004102432174251,0,0.0681468842875943,6
2008-07-29,0.003661025610698,0,0.0681468842875943,6
2008-07-30,0.0011995340406619,0,0.0681468842875943,6
2008-07-31,0.0001348965553938,0.05,0.0543720777802573,5
2008-08-01,-0.0025939924160831,0.05,0.0461095936317183,4
2008-08-04,-0.0046430075800222,0.1,0.0461095936317183,6
2008-08-05,0.0028048978501233,0.0499999999999999,0.066524818187777,7
2008-08-06,5.77731611217872e-05,0.0499999999999999,0.108007264011381,8
2008-08-07,-0.0033330443821501,0,0.108007264011381,8
2008-08-08,0.0013269188546975,0.15,0.151149437931718,7
2008-08-11,-0.0020996053857622,0.15,0.226399909362991,8
2008-08-12,-0.0017344432565762,0.15,0.121018068639721,5
2008-08-13,0.0005621614894946,0.1,0.142340359935124,5
2008-08-14,-0.0009543156034995,0.05,0.142340359935124,6
2008-08-15,-0.0005238519774109,0.15,0.0790198431886785,5
2008-08-18,-0.0005674044865845,0.05,0.0372823273372174,4
2008-08-19,-0.0008561732340315,0,0.0372823273372174,4
2008-08-20,-0.0004125503024878,0,0.0372823273372174,4
2008-08-21,0.001963377465904,0,0.0372823273372174,4
2008-08-22,0.0008466417648834,0,0.0372823273372174,4
2008-08-25,-0.0022671866953233,0,0.0372823273372174,4
2008-08-26,0.0005624020248255,0.05,0.0372823273372174,5
2008-08-27,0.001303683239221,0,0.0372823273372174,5
2008-08-28,0.0036844229417099,0,0.0372823273372174,5
2008-08-29,-0.0011231868332407,0,0.0372823273372174,5
2008-09-02,-0.0006289248058863,0,0.0372823273372174,5
2008-09-03,-5.19067208546142e-06,0.1,0.0619299546848279,5
2008-09-04,-0.0038522032089943,0.05,0.111929954684828,6
2008-09-05,-0.0020529215431721,0,0.111929954684828,6
2008-09-08,0.0024163142855819,0.05,0.1,5
2008-09-09,-0.0045856024011964,0.05,0.05,4
2008-09-10,-6.94581224251719e-05,0.05,0.05,3
2008-09-11,0.000419090305473,0,0.05,3
2008-09-12,0.0013050409010079,0,0.05,3
2008-09-15,-0.0018017205153257,0,0.05,3
2008-09-16,0.0002876643274748,0,0.05,3
2008-09-17,-0.0009137132703076,0,0.05,3
2008-09-18,0.0018931473346105,0.15,0.0253523726523895,2
2008-09-19,0.0002525790053297,0.05,0.0253523726523895,1
2008-09-22,0,0.05,0,0
2008-09-23,-5.54069035557188e-05,0.05,0.0253523726523895,1
2008-09-24,0,0.05,0,0
2008-09-25,0,0,0,0
2008-09-26,0,0,0,0
2008-09-29,0,0,0,0
2008-09-30,0,0,0,0
2008-10-01,0,0,0,0
2008-10-02,0,0,0,0
2008-10-03,-0.0014332524309783,0.1,0,2
2008-10-06,-0.0006249519964429,0.05,0,1
2008-10-07,0,0.05,0,0
2008-10-08,0,0,0,0
2008-10-09,0,0,0,0
2008-10-10,0,0,0,0
2008-10-13,0,0,0,0
2008-10-14,0,0,0,0
2008-10-15,0,0,0,0
2008-10-16,0,0,0,0
2008-10-17,0,0,0,0
2008-10-20,0,0,0,0
2008-10-21,0,0,0,0
2008-10-22,0,0,0,0
2008-10-23,0,0,0,0
2008-10-24,0,0,0,0
2008-10-27,0,0,0,0
2008-10-28,0,0,0,0
2008-10-29,0,0,0,0
2008-10-30,0,0,0,0
2008-10-31,0,0,0,0
2008-11-03,0,0,0,0
2008-11-04,0,0,0,0
2008-11-05,0,0,0,0
2008-11-06,0,0,0,0
2008-11-07,0,0,0,0
2008-11-10,0,0,0,0
2008-11-11,0,0,0,0
2008-11-12,0,0,0,0
2008-11-13,0,0,0,0
2008-11-14,0,0,0,0
2008-11-17,0,0,0,0
2008-11-18,0,0,0,0
2008-11-19,0,0,0,0
2008-11-20,0,0,0,0
2008-11-21,0,0,0,0
2008-11-24,0,0,0,0
2008-11-25,0,0,0,0
2008-11-26,0,0,0,0
2008-11-28,0,0,0,0
2008-12-01,0,0,0,0
2008-12-02,0,0,0,0
2008-12-03,0,0,0,0
2008-12-04,0,0,0,0
2008-12-05,0,0,0,0
2008-12-08,0,0,0,0
2008-12-09,0,0,0,0
2008-12-10,0,0,0,0
2008-12-11,0,0,0,0
2008-12-12,0,0,0,0
2008-12-15,0,0,0,0
2008-12-16,0,0,0,0
2008-12-17,0,0,0,0
2008-12-18,0,0,0,0
2008-12-19,0,0,0,0
2008-12-22,0,0,0,0
2008-12-23,0,0,0,0
2008-12-24,0,0,0,0
2008-12-26,0,0,0,0
2008-12-29,0,0,0,0
2008-12-30,0,0,0,0
2008-12-31,0,0,0,0
2009-01-02,0,0,0,0
2009-01-05,6.70888815853465e-05,0.0499999999999999,0.0499999999999999,1
2009-01-06,-9.09064042056429e-05,0,0.0499999999999999,1
2009-01-07,0.0001133081684179,0,0.0499999999999999,1
2009-01-08,-0.000193898436965,0,0.0499999999999999,1
2009-01-09,-7.89158989453823e-05,0,0.0499999999999999,1
2009-01-12,-0.0009356900857252,0.1,0.130487545130743,3
2009-01-13,0.0001302945859831,0.05,0.175039957037824,4
2009-01-14,-0.0011360759817542,0,0.175039957037824,4
2009-01-15,0.0006680620869753,0.15,0.308417070455932,7
2009-01-16,0.0018525166133702,0,0.308417070455932,7
2009-01-20,-0.0018848858444104,0,0.308417070455932,7
2009-01-21,0.0065012324052345,0.05,0.338668764753013,8
2009-01-22,-0.0012472228751262,0,0.338668764753013,8
2009-01-23,-0.0011937024985733,0,0.338668764753013,8
2009-01-26,0.0009221480002041,0,0.338668764753013,8
2009-01-27,-0.0018857001247565,0,0.338668764753013,8
2009-01-28,0.0019389645523596,0,0.338668764753013,8
2009-01-29,-9.08507877511522e-05,0,0.338668764753013,8
2009-01-30,-0.0016072764295339,0,0.338668764753013,8
2009-02-02,-0.0017246130364868,0,0.338668764753013,8
2009-02-03,0.0024156139793389,0,0.338668764753013,8
2009-02-04,0.000199610174493,0,0.338668764753013,8
2009-02-05,0.0012034547391025,0.0999999999999999,0.321331552875847,8
2009-02-06,0.0003127048671738,0,0.321331552875847,8
2009-02-09,-0.0024104169673628,0,0.321331552875847,8
2009-02-10,-0.002985662042822,0,0.321331552875847,8
2009-02-11,0.0008244149364482,0.0999999999999999,0.324490823730034,8
2009-02-12,0.0010212251797794,0,0.324490823730034,8
2009-02-13,0.001040396526413,0,0.324490823730034,8
2009-02-17,-0.0032149995635231,0,0.324490823730034,8
2009-02-18,0.0022799719877657,0.0999999999999999,0.391462707447088,10
2009-02-19,-0.0003964193980992,0,0.391462707447088,10
2009-02-20,-0.0011566039862711,0.0499999999999999,0.391462707447088,11
2009-02-23,-0.0015042751426662,0,0.391462707447088,11
2009-02-24,0.0055507771078936,0.0499999999999999,0.433148855812592,12
2009-02-25,0.0006920638048701,0,0.433148855812592,12
2009-02-26,0.002478914167779,0,0.433148855812592,12
2009-02-27,0.0015920365017989,0.0999999999999999,0.37785391752893,10
2009-03-02,-0.0054778339801514,0.0999999999999999,0.412349815345236,12
2009-03-03,0.0004812340656044,0,0.412349815345236,12
2009-03-04,0.001902415102301,0.1,0.382098121048155,10
2009-03-05,-0.0061297161540387,0,0.382098121048155,10
2009-03-06,0.0021777479819383,0,0.382098121048155,10
2009-03-09,5.00741658393177e-05,0,0.382098121048155,10
2009-03-10,0.0058056032793647,0.0499999999999999,0.361578259107987,9
2009-03-11,-0.0004333597199013,0.05,0.314651334324868,8
2009-03-12,-0.0021627058196888,0,0.314651334324868,8
2009-03-13,0.0006856452409921,0,0.314651334324868,8
2009-03-16,0.000179633187646,0,0.314651334324868,8
2009-03-17,0.0029120591428739,0,0.314651334324868,8
2009-03-18,-0.0100658593403822,0.0499999999999999,0.30067529844873,7
2009-03-19,-0.0008932644002969,0.1,0.304040940348111,7
2009-03-20,0.0006636000320178,0.05,0.347920725967564,8
2009-03-23,0.0032752133607743,0,0.347920725967564,8
2009-03-24,-0.0026976564434999,0,0.347920725967564,8
2009-03-25,0.0007076947403216,0,0.347920725967564,8
2009-03-26,-0.0022881414454989,0,0.347920725967564,8
2009-03-27,-0.0001862310713626,0,0.347920725967564,8
2009-03-30,-0.0022337551807007,0,0.347920725967564,8
2009-03-31,0.0005520257286504,0.3,0.0870153620296146,2
2009-04-01,-0.0002698496305738,0.05,0.114300192451441,3
2009-04-02,0.0012822834812289,0.0499999999999999,0.164300192451441,4
2009-04-03,0.0012675901666192,0,0.164300192451441,4
2009-04-06,0.0004779564464203,0.0499999999999999,0.181637404328607,5
2009-04-07,-1.13760602549419e-05,0,0.181637404328607,5
2009-04-08,-0.000790120953113,0,0.181637404328607,5
2009-04-09,0.0002574271285173,0,0.181637404328607,5
2009-04-13,-0.0007422378740826,0,0.181637404328607,5
2009-04-14,6.97425697140023e-05,0,0.181637404328607,5
2009-04-15,-2.3271122412971e-05,0,0.181637404328607,5
2009-04-16,-0.0001997807084061,0,0.181637404328607,5
2009-04-17,0.001736252257132,0,0.181637404328607,5
2009-04-20,-0.0005288711269958,0.05,0.137757618709155,4
2009-04-21,-0.0002849067970399,0,0.137757618709155,4
2009-04-22,-0.0008885182179757,0,0.137757618709155,4
2009-04-23,0.0001226608972529,0,0.137757618709155,4
2009-04-24,-0.0002718318622396,0,0.137757618709155,4
2009-04-27,0.0005885689881079,0.05,0.157505924412073,5
2009-04-28,0.0007358516886136,0,0.157505924412073,5
2009-04-29,0.0002245923405515,0,0.157505924412073,5
2009-04-30,-0.0007196010581577,0,0.157505924412073,5
2009-05-01,0.0016040376235256,0,0.157505924412073,5
2009-05-04,-0.0002680880667348,0,0.157505924412073,5
2009-05-05,0.0004247492537258,0.0499999999999999,0.114370348001911,4
2009-05-06,-0.0003516528972295,0,0.114370348001911,4
2009-05-07,0.002828730683297,0,0.114370348001911,4
2009-05-08,0.0007055333062474,0,0.114370348001911,4
2009-05-11,-0.0010041262818272,0,0.114370348001911,4
2009-05-12,0.0011650716489986,0,0.114370348001911,4
2009-05-13,0.0003556005498326,0,0.114370348001911,4
2009-05-14,-0.000482730817948,0,0.114370348001911,4
2009-05-15,-0.0010648469590869,0,0.114370348001911,4
2009-05-18,-0.0011353849569838,0,0.114370348001911,4
2009-05-19,0.0001469568715924,0,0.114370348001911,4
2009-05-20,-0.0001659415544263,0,0.114370348001911,4
2009-05-21,0.0008300370920916,0.1,0.137757618709155,4
2009-05-22,-5.54892841983095e-06,0,0.137757618709155,4
2009-05-26,1.9156686731285e-05,0,0.137757618709155,4
2009-05-27,0.0008016550398693,0,0.137757618709155,4
2009-05-28,0.0006466340091164,0.0499999999999999,0.0877576187091545,3
2009-05-29,-8.27728050710786e-05,0,0.0877576187091545,3
2009-06-01,-1.67222763619198e-05,0,0.0877576187091545,3
2009-06-02,-0.0002651008226921,0,0.0877576187091545,3
2009-06-03,-0.0004808896346539,0,0.0877576187091545,3
2009-06-04,0.0001755894510746,0,0.0877576187091545,3
2009-06-05,-4.94573230250985e-05,0,0.0877576187091545,3
2009-06-08,-0.0002749066133764,0,0.0877576187091545,3
2009-06-09,-0.0004238360990591,0,0.0877576187091545,3
2009-06-10,0.0002405666829763,0,0.0877576187091545,3
2009-06-11,0.0007305903110911,0,0.0877576187091545,3
2009-06-12,5.52536231536177e-05,0,0.0877576187091545,3
2009-06-15,-0.0010023383178849,0,0.0877576187091545,3
2009-06-16,0.0002009878124277,0,0.0877576187091545,3
2009-06-17,0.0003029659222278,0,0.0877576187091545,3
2009-06-18,0.000792366775375,0,0.0877576187091545,3
2009-06-19,-0.0006287143051449,0,0.0877576187091545,3
2009-06-22,-0.0007730747006225,0,0.0877576187091545,3
2009-06-23,-1.05035312866163e-05,0,0.0877576187091545,3
2009-06-24,9.03366250106253e-05,0,0.0877576187091545,3
2009-06-25,0.0002291333022006,0,0.0877576187091545,3
2009-06-26,2.8717742776285e-06,0,0.0877576187091545,3
2009-06-29,-5.09000016304929e-05,0,0.0877576187091545,3
2009-06-30,-0.0004150956167641,0,0.0877576187091545,3
2009-07-01,-6.64819289485598e-06,0,0.0877576187091545,3
2009-07-02,-0.0003698528992801,0.15,0.0877576187091545,3
2009-07-06,0,0,0,0
2009-07-07,0,0,0,0
2009-07-08,0,0,0,0
2009-07-09,0,0,0,0
2009-07-10,0,0,0,0
2009-07-13,0,0,0,0
2009-07-14,0,0,0,0
2009-07-15,0,0,0,0
2009-07-16,0,0,0,0
2009-07-17,0,0,0,0
2009-07-20,0,0,0,0
2009-07-21,0,0,0,0
2009-07-22,-0.0005544848012261,0.05,0.0351529299548994,1
2009-07-23,-0.0004532460401975,0,0.0351529299548994,1
2009-07-24,0.000549692467497,0,0.0351529299548994,1
2009-07-27,-0.0002985724773856,0.1,0.102508299711812,3
2009-07-28,-0.0014606655958932,0,0.102508299711812,3
2009-07-29,-0.0021206718589155,0.0499999999999999,0.131248284909267,4
2009-07-30,0.0027996120733197,0.15,0.228689947199571,7
2009-07-31,0.0030852257448471,0,0.228689947199571,7
2009-08-03,0.0016696454500053,0,0.228689947199571,7
2009-08-04,-0.0010596566547639,0,0.228689947199571,7
2009-08-05,0.0032596006089359,0,0.228689947199571,7
2009-08-06,0.0014583266880761,0,0.228689947199571,7
2009-08-07,-0.0017430428695095,0,0.228689947199571,7
2009-08-10,5.38617725053321e-05,0.0499999999999999,0.254484003874673,8
2009-08-11,-0.0004541817158693,0,0.254484003874673,8
2009-08-12,-0.0011920034185347,0,0.254484003874673,8
2009-08-13,0.0015516237804738,0,0.254484003874673,8
2009-08-14,-0.0007606215842709,0,0.254484003874673,8
2009-08-17,0.0021004172011105,0.05,0.283649708071272,9
2009-08-18,0.0009162444028188,0,0.283649708071272,9
2009-08-19,-0.0021334104759969,0,0.283649708071272,9
2009-08-20,-0.0018163634714723,0,0.283649708071272,9
2009-08-21,-0.000879496713832,0,0.283649708071272,9
2009-08-24,0.0004147908287046,0,0.283649708071272,9
2009-08-25,-0.0029768771313563,0,0.283649708071272,9
2009-08-26,-0.0022181382635937,0,0.283649708071272,9
2009-08-27,0.0006497826398212,0,0.283649708071272,9
2009-08-28,0.0010312643267982,0,0.283649708071272,9
2009-08-31,-0.002831357026469,0.05,0.306069523020263,10
2009-09-01,0.0039543453727302,0.05,0.328274029042316,11
2009-09-02,0.0013519379951033,0,0.328274029042316,11
2009-09-03,-0.0020780518541396,0,0.328274029042316,11
2009-09-04,-0.0046450452301502,0,0.328274029042316,11
2009-09-08,0.0021065657158302,0,0.328274029042316,11
2009-09-09,-0.0033108004157113,0,0.328274029042316,11
2009-09-10,-0.0005778300013504,0,0.328274029042316,11
2009-09-11,-0.0018932965987284,0.0499999999999999,0.355556953612956,12
2009-09-14,-0.0029699926825104,0,0.355556953612956,12
2009-09-15,0.0041255794406963,0,0.355556953612956,12
2009-09-16,-0.0019037245785209,0,0.355556953612956,12
2009-09-17,-0.0006414512958819,0,0.355556953612956,12
2009-09-18,-0.0020947431648466,0,0.355556953612956,12
2009-09-21,-0.0046972960710554,0,0.355556953612956,12
2009-09-22,0.0017615717040259,0.1,0.294178482524637,10
2009-09-23,9.3051792291803e-06,0,0.294178482524637,10
2009-09-24,0.0004804929884402,0,0.294178482524637,10
2009-09-25,-0.0004855619773534,0,0.294178482524637,10
2009-09-28,-0.003244462293365,0,0.294178482524637,10
2009-09-29,0.0004549331012387,0,0.294178482524637,10
2009-09-30,0.0041358766306384,0,0.294178482524637,10
2009-10-01,0.0047481612903344,0,0.294178482524637,10
2009-10-02,-0.0007828953512239,0,0.294178482524637,10
2009-10-05,0.0014852619212914,0,0.294178482524637,10
2009-10-06,-0.0018697901876354,0,0.294178482524637,10
2009-10-07,7.80494655844136e-06,0,0.294178482524637,10
2009-10-08,0.0019691257392332,0,0.294178482524637,10
2009-10-09,-0.0012364107300496,0,0.294178482524637,10
2009-10-12,0.0022156745387689,0,0.294178482524637,10
2009-10-13,0.0027919337043159,0,0.294178482524637,10
2009-10-14,-0.0032771717653107,0,0.294178482524637,10
2009-10-15,0.0024960439607016,0,0.294178482524637,10
2009-10-16,0.0028072789823243,0,0.294178482524637,10
2009-10-19,0.0002728343645137,0,0.294178482524637,10
2009-10-20,0.0018736789469761,0,0.294178482524637,10
2009-10-21,0.0049411338194282,0.0499999999999999,0.260710675715933,9
2009-10-22,-0.0017817030273297,0.0499999999999999,0.283855266831204,10
2009-10-23,0.0005902529677578,0,0.283855266831204,10
2009-10-26,-0.0010701161440941,0,0.283855266831204,10
2009-10-27,0.0010891499839446,0.1,0.276921535650821,10
2009-10-28,0.0005041239189756,0,0.276921535650821,10
2009-10-29,-0.0004715093602957,0.0499999999999999,0.248181550453366,9
2009-10-30,-0.0001609968120012,0,0.248181550453366,9
2009-11-02,0.0012746319831289,0,0.248181550453366,9
2009-11-03,0.0023168514801277,0,0.248181550453366,9
2009-11-04,-3.82045857780042e-05,0,0.248181550453366,9
2009-11-05,-0.0033506683987852,0,0.248181550453366,9
2009-11-06,-0.0017950333315137,0,0.248181550453366,9
2009-11-09,-0.0028702128142157,0,0.248181550453366,9
2009-11-10,-0.0005695713082205,0,0.248181550453366,9
2009-11-11,-9.2633478631209e-05,0,0.248181550453366,9
2009-11-12,-0.000607864338388,0,0.248181550453366,9
2009-11-13,-0.0019789233444602,0,0.248181550453366,9
2009-11-16,0.0014289475073477,0.0499999999999999,0.212642889906481,8
2009-11-17,0.0016521776740743,0,0.212642889906481,8
2009-11-18,-0.0013718714125796,0,0.212642889906481,8
2009-11-19,-0.0003925473977174,0,0.212642889906481,8
2009-11-20,-0.0001815339399896,0,0.212642889906481,8
2009-11-23,-0.0013483557751186,0.1,0.277038474091373,10
2009-11-24,-0.0006855778063943,0,0.277038474091373,10
2009-11-25,0.0021457851221428,0,0.277038474091373,10
2009-11-27,0.0009250292026309,0,0.277038474091373,10
2009-11-30,-0.0010026659883162,0.05,0.321054027729307,11
2009-12-01,-0.0009745735971312,0,0.321054027729307,11
2009-12-02,-0.0014110023637251,0,0.321054027729307,11
2009-12-03,0.0003856684071348,0,0.321054027729307,11
2009-12-04,-0.0030503606395282,0,0.321054027729307,11
2009-12-07,-1.23847726023934e-05,0,0.321054027729307,11
2009-12-08,-0.0006818904280077,0,0.321054027729307,11
2009-12-09,-0.0019827017900751,0,0.321054027729307,11
2009-12-10,-0.00134483777939,0,0.321054027729307,11
2009-12-11,-0.0012402167664249,0.0499999999999999,0.286641934125998,10
2009-12-14,-0.0005454151181413,0,0.286641934125998,10
2009-12-15,0.0009097973001936,0,0.286641934125998,10
2009-12-16,0.0019790892898115,0,0.286641934125998,10
2009-12-17,-0.0002107416840765,0,0.286641934125998,10
2009-12-18,-7.81121614136527e-05,0,0.286641934125998,10
2009-12-21,-0.0013339885506573,0,0.286641934125998,10
2009-12-22,0.0007614048853174,0,0.286641934125998,10
2009-12-23,0.0021251061046856,0,0.286641934125998,10
2009-12-24,0.0002415314149636,0,0.286641934125998,10
2009-12-28,0.0012022688568486,0,0.286641934125998,10
2009-12-29,-7.32367015814387e-05,0,0.286641934125998,10
2009-12-30,0.0004474596418567,0,0.286641934125998,10
2009-12-31,0.0013115073372395,0.5,0.286641934125998,10
2010-01-04,0,0,0,0
2010-01-05,0.0002930198940461,0.0499999999999999,0.0289633674355527,1
2010-01-06,-0.0004500314256172,0,0.0289633674355527,1
2010-01-07,0.0006743825670452,0,0.0289633674355527,1
2010-01-08,-0.0005273270407154,0,0.0289633674355527,1
2010-01-11,0.0007024468758379,0.05,0.0539336396268646,2
2010-01-12,0.0002888109556821,0,0.0539336396268646,2
2010-01-13,-0.0001970326962789,0,0.0539336396268646,2
2010-01-14,0.0007868972725364,0,0.0539336396268646,2
2010-01-15,-0.0006091563039268,0,0.0539336396268646,2
2010-01-19,-0.000512402143757,0.0499999999999999,0.0793760148851818,3
2010-01-20,8.0886328098658e-05,0,0.0793760148851818,3
2010-01-21,0.0007632211384696,0,0.0793760148851818,3
2010-01-22,1.34409861017112e-05,0.0499999999999999,0.119719392063801,4
2010-01-25,-0.0001762217761099,0,0.119719392063801,4
2010-01-26,0.0002352888229577,0,0.119719392063801,4
2010-01-27,0.0009338857906334,0,0.119719392063801,4
2010-01-28,0.0001817009910113,0,0.119719392063801,4
2010-01-29,-0.0002926916255683,0.0499999999999999,0.0907560246282488,3
2010-02-01,-0.0002293901366553,0.0999999999999999,0.0902212915838613,3
2010-02-02,0.0002772802343692,0,0.0902212915838613,3
2010-02-03,0.0002735040998382,0,0.0902212915838613,3
2010-02-04,-0.0005774117638667,0,0.0902212915838613,3
2010-02-05,-0.001093072687737,0,0.0902212915838613,3
2010-02-08,0.0001520937397873,0.0499999999999999,0.0647789163255441,2
2010-02-09,0.0004992100973015,0,0.0647789163255441,2
2010-02-10,0.0001589154293365,0,0.0647789163255441,2
2010-02-11,-0.0001816541033767,0,0.0647789163255441,2
2010-02-12,-0.0002729407819054,0,0.0647789163255441,2
2010-02-16,0.0002054467855765,0,0.0647789163255441,2
2010-02-17,-2.95055943317861e-06,0,0.0647789163255441,2
2010-02-18,-0.0001260758930626,0,0.0647789163255441,2
2010-02-19,2.96726602078497e-05,0,0.0647789163255441,2
2010-02-22,7.98632241597943e-05,0,0.0647789163255441,2
2010-02-23,-0.0003995041813428,0,0.0647789163255441,2
2010-02-24,0.0002414318939625,0,0.0647789163255441,2
2010-02-25,-3.92132925655006e-05,0,0.0647789163255441,2
2010-02-26,8.58181727733146e-05,0,0.0647789163255441,2
2010-03-01,4.55974111336159e-05,0,0.0647789163255441,2
2010-03-02,0.0002249377833933,0,0.0647789163255441,2
2010-03-03,9.79004398303321e-05,0,0.0647789163255441,2
2010-03-04,-0.0003243353225817,0,0.0647789163255441,2
2010-03-05,0.0003440398405316,0,0.0647789163255441,2
2010-03-08,-5.92878897425477e-05,0.0499999999999999,0.0249702721913119,1
2010-03-09,0.0001224318461979,0,0.0249702721913119,1
2010-03-10,0.0002899735671669,0,0.0249702721913119,1
2010-03-11,-0.0007803700317508,0.1,0.0915683383965242,3
2010-03-12,0.0016863947584968,0.3,0.29567053504101,9
2010-03-15,-0.0005276208415432,0,0.29567053504101,9
2010-03-16,-0.0030775430900207,0,0.29567053504101,9
2010-03-17,-0.0053050934436795,0.1,0.368201550248066,11
2010-03-18,0.0013151906919622,0.15,0.482114277306762,14
2010-03-19,-0.0025821122966092,0,0.482114277306762,14
2010-03-22,-0.0051768554350613,0,0.482114277306762,14
2010-03-23,5.55872491594302e-06,0,0.482114277306762,14
2010-03-24,0.0032923898612288,0,0.482114277306762,14
2010-03-25,-0.0014991894496655,0.05,0.45714400511545,13
2010-03-26,0.0052067100962227,0,0.45714400511545,13
2010-03-29,0.0027436643593178,0,0.45714400511545,13
2010-03-30,-0.0002904310806992,0,0.45714400511545,13
2010-03-31,-0.0003519414164586,0,0.45714400511545,13
2010-04-01,-0.0001628745890102,0,0.45714400511545,13
2010-04-05,-0.0043784112177383,0,0.45714400511545,13
2010-04-06,-0.0151841876657508,0,0.45714400511545,13
2010-04-07,0.0044452968331868,0,0.45714400511545,13
2010-04-08,-0.003029209945446,0,0.45714400511545,13
2010-04-09,-0.0013233211463275,0,0.45714400511545,13
2010-04-12,-0.0043894422789575,0,0.45714400511545,13
2010-04-13,0.0061446014074693,0,0.45714400511545,13
2010-04-14,-0.0124863794779944,0,0.45714400511545,13
2010-04-15,-0.0013684311430651,0,0.45714400511545,13
2010-04-16,0.0114398815125541,0,0.45714400511545,13
2010-04-19,-0.0024677765416052,0,0.45714400511545,13
2010-04-20,-0.0062667126794405,0,0.45714400511545,13
2010-04-21,-0.0084694436014364,0,0.45714400511545,13
2010-04-22,-0.0117566756492763,0,0.45714400511545,13
2010-04-23,-0.0004432238425605,0.3,0.269994344605742,7
2010-04-26,0.0085224580885219,0.0499999999999999,0.229496579374877,6
2010-04-27,0.0027429689932231,0,0.229496579374877,6
2010-04-28,-0.0004312622095372,0,0.229496579374877,6
2010-04-29,-0.0038844088666631,0,0.229496579374877,6
2010-04-30,0.0052306363655353,0,0.229496579374877,6
2010-05-03,0.0010589764978289,0,0.229496579374877,6
2010-05-04,0.0064039988807559,0,0.229496579374877,6
2010-05-05,-0.0024609247799565,0,0.229496579374877,6
2010-05-06,0.0058145853508965,0,0.229496579374877,6
2010-05-07,0.002681997747976,0.1,0.307157632071956,8
2010-05-10,-0.0078204721914557,0,0.307157632071956,8
2010-05-11,-0.003773560419088,0,0.307157632071956,8
2010-05-12,-0.0051107700120627,0,0.307157632071956,8
2010-05-13,0.0007719499330961,0,0.307157632071956,8
2010-05-14,0.0036226700177172,0,0.307157632071956,8
2010-05-17,-1.10040968632455e-05,0,0.307157632071956,8
2010-05-18,0.0047469939192296,0,0.307157632071956,8
2010-05-19,0.0015728549912754,0,0.307157632071956,8
2010-05-20,0.0097068222508979,0,0.307157632071956,8
2010-05-21,-0.0028678125776731,0,0.307157632071956,8
2010-05-24,0.0042460234982913,0,0.307157632071956,8
2010-05-25,0.0002495812731659,0,0.307157632071956,8
2010-05-26,-0.0014531169217682,0,0.307157632071956,8
2010-05-27,-0.0034576513736064,0.05,0.329796646136856,9
2010-05-28,0.0022917681384452,0,0.329796646136856,9
2010-06-01,0.0028470263727843,0,0.329796646136856,9
2010-06-02,-0.0047712922042144,0.0499999999999999,0.289988002002624,8
2010-06-03,0.0007615882069437,0,0.289988002002624,8
2010-06-04,0.009656628533647,0,0.289988002002624,8
2010-06-07,-0.0006544497614204,0,0.289988002002624,8
2010-06-08,0.0012358376122805,0,0.289988002002624,8
2010-06-09,0.0020015235103713,0,0.289988002002624,8
2010-06-10,-0.002893850864031,0,0.289988002002624,8
2010-06-11,-0.0022217169177221,0,0.289988002002624,8
2010-06-14,0.0011871166414114,0,0.289988002002624,8
2010-06-15,-0.0029638199171705,0,0.289988002002624,8
2010-06-16,-0.0012564783560078,0,0.289988002002624,8
2010-06-17,-0.0013179768950211,0,0.289988002002624,8
2010-06-18,-0.0010629091125742,0,0.289988002002624,8
2010-06-21,0.0003793456629794,0,0.289988002002624,8
2010-06-22,0.001046289224187,0,0.289988002002624,8
2010-06-23,0.002961356287714,0,0.289988002002624,8
2010-06-24,0.0014277113063933,0,0.289988002002624,8
2010-06-25,-0.0060538244493238,0,0.289988002002624,8
2010-06-28,0.0003485218231215,0,0.289988002002624,8
2010-06-29,0.0047863659984123,0,0.289988002002624,8
2010-06-30,0.0025527334189665,0.05,0.252135593439777,7
2010-07-01,0.0038086788605699,0.0499999999999999,0.213043003415052,6
2010-07-02,0.0013226866768796,0.3,0.213043003415052,6
2010-07-06,0,0,0,0
2010-07-07,0.0007950780436757,0.15,0.129552324151685,3
2010-07-08,0.0001780340671104,0.05,0.0871352591462966,2
2010-07-09,0.0002222621044714,0,0.0871352591462966,2
2010-07-12,-5.29716964328278e-05,0,0.0871352591462966,2
2010-07-13,0.0001573168692478,0.05,0.12323604321539,3
2010-07-14,-0.0004355946115031,0.1,0.187796885472762,5
2010-07-15,-0.0003776974222127,0,0.187796885472762,5
2010-07-16,-0.000172377212919,0,0.187796885472762,5
2010-07-19,-0.0009943351825859,0.15,0.22040146595736,6
2010-07-20,0.0019763752252733,0.05,0.253662452223016,7
2010-07-21,0.0006357683864666,0,0.253662452223016,7
2010-07-22,0.0007099657465089,0,0.253662452223016,7
2010-07-23,0.0002175658698981,0,0.253662452223016,7
2010-07-26,-0.0006482301809728,0,0.253662452223016,7
2010-07-27,-0.0031501216176565,0,0.253662452223016,7
2010-07-28,-3.16118326225111e-05,0,0.253662452223016,7
2010-07-29,0.0013617453982896,0.05,0.217029556548446,6
2010-07-30,0.0005160532301205,0.0499999999999999,0.170750836181275,5
2010-08-02,-2.21106943412501e-05,0,0.170750836181275,5
2010-08-03,0.0002459928709724,0,0.170750836181275,5
2010-08-04,0.0006397708782914,0,0.170750836181275,5
2010-08-05,6.60158967564446e-05,0,0.170750836181275,5
2010-08-06,0.0008974747379583,0,0.170750836181275,5
2010-08-09,-0.0008853597720791,0.05,0.137489849915619,4
2010-08-10,-0.0004655304137537,0,0.137489849915619,4
2010-08-11,-0.0004711128138762,0,0.137489849915619,4
2010-08-12,0.0015481185918685,0.05,0.1756018175232,5
2010-08-13,-0.0005616626770221,0,0.1756018175232,5
2010-08-16,0.0005360709218069,0,0.1756018175232,5
2010-08-17,0.0006694743316966,0,0.1756018175232,5
2010-08-18,0.000436906277302,0,0.1756018175232,5
2010-08-19,0.0005564871432206,0.0499999999999999,0.203841390671159,6
2010-08-20,-0.0004150832274086,0.05,0.172234870965223,5
2010-08-23,-0.0011773049606261,0.05,0.182235558073483,6
2010-08-24,-0.0004314266884869,0.0499999999999999,0.203566315255884,7
2010-08-25,0.0010825998922937,0,0.203566315255884,7
2010-08-26,0.0003275867421413,0,0.203566315255884,7
2010-08-27,0.0018081480748626,0,0.203566315255884,7
2010-08-30,-0.0004051616769972,0,0.203566315255884,7
2010-08-31,-0.0001834193066239,0,0.203566315255884,7
2010-09-01,3.03357959709841e-05,0,0.203566315255884,7
2010-09-02,0.0004922854105119,0,0.203566315255884,7
2010-09-03,-0.0002174692555892,0.05,0.165454347648304,6
2010-09-07,0.0001184069331042,0,0.165454347648304,6
2010-09-08,-2.45301538917688e-05,0,0.165454347648304,6
2010-09-09,-0.000995954938528,0,0.165454347648304,6
2010-09-10,0.0004735261727298,0,0.165454347648304,6
2010-09-13,-7.60127023649329e-05,0,0.165454347648304,6
2010-09-14,-0.0006342973483365,0,0.165454347648304,6
2010-09-15,-0.0009446374855022,0.05,0.197060867354239,7
2010-09-16,0.0003020486606177,0,0.197060867354239,7
2010-09-17,-0.0009534422087811,0.0499999999999999,0.16882129420628,6
2010-09-20,-0.0004753789074803,0,0.16882129420628,6
2010-09-21,-0.0002449586803653,0.1,0.170334039940476,6
2010-09-22,0.000441410964698,0,0.170334039940476,6
2010-09-23,-0.000506975531495,0,0.170334039940476,6
2010-09-24,3.43488981551724e-06,0,0.170334039940476,6
2010-09-27,-1.99665893511891e-05,0,0.170334039940476,6
2010-09-28,0.000117393641168,0.05,0.203595026206132,7
2010-09-29,0.0007499743045932,0,0.203595026206132,7
2010-09-30,-0.0001083019588712,0,0.203595026206132,7
2010-10-01,0.0013791625292405,0,0.203595026206132,7
2010-10-04,-0.001288280311812,0,0.203595026206132,7
2010-10-05,0.0003769273211418,0,0.203595026206132,7
2010-10-06,0.0008171089506118,0.0499999999999999,0.182264269023731,6
2010-10-07,-0.0012458292913625,0,0.182264269023731,6
2010-10-08,0.0018114986044585,0,0.182264269023731,6
2010-10-11,-8.44766835422572e-05,0.0499999999999999,0.206493025802461,7
2010-10-12,-0.0007655061436992,0,0.206493025802461,7
2010-10-13,0.000398847511021,0,0.206493025802461,7
2010-10-14,-0.0010907902231925,0,0.206493025802461,7
2010-10-15,-0.0012239603355607,0.0499999999999999,0.182264269023731,6
2010-10-18,0.0007590816207162,0,0.182264269023731,6
2010-10-19,-0.0020301628669297,0.0499999999999999,0.206452563459625,7
2010-10-20,0.0007728032859811,0.1,0.220004226085649,7
2010-10-21,-0.0019370333178237,0,0.220004226085649,7
2010-10-22,-5.48938039863737e-05,0.15,0.183906367534325,6
2010-10-25,0.0005852070381668,0.1,0.178749459002771,6
2010-10-26,0.0005361784521019,0,0.178749459002771,6
2010-10-27,-9.75457119734023e-05,0,0.178749459002771,6
2010-10-28,0.0005054018411791,0,0.178749459002771,6
2010-10-29,0.0004395748547911,0,0.178749459002771,6
2010-11-01,0.0002662318830388,0,0.178749459002771,6
2010-11-02,-0.0002008081217123,0,0.178749459002771,6
2010-11-03,-0.0003216406254769,0,0.178749459002771,6
2010-11-04,0.0010525480012833,0,0.178749459002771,6
2010-11-05,0.0006088683406836,0.05,0.19063749139519,7
2010-11-08,0.0007509452501305,0.05,0.152897534333273,6
2010-11-09,-0.0007053611864338,0.1,0.1041812783517,4
2010-11-10,0.000755832679751,0,0.1041812783517,4
2010-11-11,0.0007349059880948,0,0.1041812783517,4
2010-11-12,2.83814730240431e-05,0.0999999999999999,0.0381047648423619,2
2010-11-15,9.35252929805663e-05,0,0.0381047648423619,2
2010-11-16,-6.22676614204841e-05,0,0.0381047648423619,2
2010-11-17,1.9841519807196e-06,0,0.0381047648423619,2
2010-11-18,-3.94394900826018e-05,0,0.0381047648423619,2
2010-11-19,-3.45513618124666e-05,0,0.0381047648423619,2
2010-11-22,-5.44217009889331e-05,0,0.0381047648423619,2
2010-11-23,6.99630123307922e-05,0,0.0381047648423619,2
2010-11-24,0.0002842583278874,0.05,0.0556798031269121,3
2010-11-26,-2.39353500953466e-05,0,0.0556798031269121,3
2010-11-29,-9.78211188062285e-05,0,0.0556798031269121,3
2010-11-30,-0.0001916360092222,0,0.0556798031269121,3
2010-12-01,0.0001339231207364,0,0.0556798031269121,3
2010-12-02,0.0002770844419981,0,0.0556798031269121,3
2010-12-03,-0.0001265508512138,0.0499999999999999,0.0275757253928103,2
2010-12-06,-0.0003476769177855,0,0.0275757253928103,2
2010-12-07,0.0003431597194162,0,0.0275757253928103,2
2010-12-08,0.0003960348725382,0.05,0.0398357683308927,3
2010-12-09,-0.0002439031083026,0,0.0398357683308927,3
2010-12-10,-0.0001606363233022,0,0.0398357683308927,3
2010-12-13,5.42702449330059e-05,0,0.0398357683308927,3
2010-12-14,-0.0002798661290235,0,0.0398357683308927,3
2010-12-15,0.0003811584896757,0.05,0.0298350812226326,2
2010-12-16,0.0003552966560058,0,0.0298350812226326,2
2010-12-17,-4.19892795072756e-06,0,0.0298350812226326,2
2010-12-20,-1.0387071347377e-05,0,0.0298350812226326,2
2010-12-21,-1.38215301829279e-05,0,0.0298350812226326,2
2010-12-22,0.0004316138235644,0,0.0298350812226326,2
2010-12-23,-0.0003191331401143,0,0.0298350812226326,2
2010-12-27,0.0003141735989368,0,0.0298350812226326,2
2010-12-28,-0.0006896742505288,0,0.0298350812226326,2
2010-12-29,8.61700116882305e-05,0,0.0298350812226326,2
2010-12-30,-0.0001154723862985,0,0.0298350812226326,2
2010-12-31,0.0002238534862071,0.1,0.0298350812226326,2
2011-01-03,0,0,0,0
2011-01-04,-0.0001110410550529,0.05,0.0296701535651988,1
2011-01-05,0.0008091904824254,0.05,0.0599056443409974,2
2011-01-06,-0.0001494619392844,0.05,0.0882500435388362,3
2011-01-07,-0.0002282855990374,0.0499999999999999,0.116003764617303,4
2011-01-10,0.000174663081781,0.05,0.134555330893668,5
2011-01-11,-0.0008724956942043,0,0.134555330893668,5
2011-01-12,-0.0001716455948844,0,0.134555330893668,5
2011-01-13,-2.78415365592462e-05,0.05,0.16665249788921,6
2011-01-14,-0.0007540974471213,0,0.16665249788921,6
2011-01-18,1.0313405000352e-05,0.05,0.138308098691372,5
2011-01-19,-0.0006352481232856,0,0.138308098691372,5
2011-01-20,0.0012964690395358,0,0.138308098691372,5
2011-01-21,0.000187220215869,0,0.138308098691372,5
2011-01-24,-0.00057165434737,0.0499999999999999,0.171822262449305,6
2011-01-25,-0.0006728454119954,0.05,0.202194208176292,7
2011-01-26,0.0010754424668613,0.05,0.22773695535745,8
2011-01-27,-0.000678428191346,0,0.22773695535745,8
2011-01-28,0.0011602382912209,0.05,0.249115337649146,9
2011-01-31,-0.0003070947121967,0,0.249115337649146,9
2011-02-01,-0.0019714760518307,0.05,0.278553001804828,10
2011-02-02,-0.0015683885150017,0,0.278553001804828,10
2011-02-03,0.0009211790733696,0.05,0.24831751102903,9
2011-02-04,6.59126957290462e-05,0.05,0.218647357463831,8
2011-02-07,-0.0004081725607255,0,0.218647357463831,8
2011-02-08,0.0002853901461078,0.05,0.248530798052325,9
2011-02-09,-0.0007597048320168,0,0.248530798052325,9
2011-02-10,0.0004657876508614,0.05,0.27999455861372,10
2011-02-11,0.0002529594140748,0,0.27999455861372,10
2011-02-14,0.0002408272683029,0,0.27999455861372,10
2011-02-15,0.0003886730079619,0,0.27999455861372,10
2011-02-16,0.0005125210303346,0,0.27999455861372,10
2011-02-17,6.43782132528559e-06,0,0.27999455861372,10
2011-02-18,-0.0001291381803177,0,0.27999455861372,10
2011-02-22,0.0003314240823672,0.0999999999999999,0.334731656448514,12
2011-02-23,0.0008356171815773,0.1,0.32934888548779,12
2011-02-24,0.0006594296003117,0.0499999999999999,0.345566401481985,13
2011-02-25,-0.0003862843173409,0,0.345566401481985,13
2011-02-28,-0.0006107582986282,0,0.345566401481985,13
2011-03-01,0.0010723069736729,0,0.345566401481985,13
2011-03-02,0.0010531250840004,0,0.345566401481985,13
2011-03-03,-0.0019129784726877,0,0.345566401481985,13
2011-03-04,0.0008579125642667,0,0.345566401481985,13
2011-03-07,0.0003605623302373,0,0.345566401481985,13
2011-03-08,-0.0002572541905488,0,0.345566401481985,13
2011-03-09,0.0006597315923542,0,0.345566401481985,13
2011-03-10,0.0008511422069101,0.0499999999999999,0.317607795811874,12
2011-03-11,0.0002970424663977,0.15,0.248240183088132,9
2011-03-14,0.0010586797156356,0,0.248240183088132,9
2011-03-15,0.0006509211752652,0,0.248240183088132,9
2011-03-16,0.0004905135367715,0.05,0.216143016092589,8
2011-03-17,-0.0005528272927579,0.2,0.153721321086847,6
2011-03-18,-1.21906169853516e-05,0.0499999999999999,0.126942828922165,5
2011-03-21,-0.0005760716444778,0,0.126942828922165,5
2011-03-22,0.0001346680048865,0,0.126942828922165,5
2011-03-23,-0.0001057259160595,0,0.126942828922165,5
2011-03-24,0.0004108895479964,0,0.126942828922165,5
2011-03-25,7.25270801587304e-05,0,0.126942828922165,5
2011-03-28,-0.0001576227295078,0,0.126942828922165,5
2011-03-29,0.0004985368457869,0,0.126942828922165,5
2011-03-30,0.0011580884326244,0,0.126942828922165,5
2011-03-31,0.0004608854148575,0.0499999999999999,0.110725312927969,4
2011-04-01,0.0001656195501139,0,0.110725312927969,4
2011-04-04,1.38839251967963e-05,0,0.110725312927969,4
2011-04-05,-1.85672195953827e-06,0.05,0.0792615523665742,3
2011-04-06,-0.0001535434211649,0,0.0792615523665742,3
2011-04-07,0.0002540175999626,0,0.0792615523665742,3
2011-04-08,0.0002972350074945,0.0499999999999999,0.101507831288107,4
2011-04-11,-0.0004638526035361,0,0.101507831288107,4
2011-04-12,-0.0004552689328702,0,0.101507831288107,4
2011-04-13,0.000403472856793,0.1,0.164420025573138,6
2011-04-14,-0.0003801664538865,0,0.164420025573138,6
2011-04-15,-0.0008023199559619,0.0499999999999999,0.198202509578942,7
2011-04-18,-0.0004298317018311,0.1,0.201281380106088,7
2011-04-19,0.0008883646452195,0,0.201281380106088,7
2011-04-20,0.0008824014202963,0,0.201281380106088,7
2011-04-21,0.0007977967656594,0,0.201281380106088,7
2011-04-25,0.000304513322017,0,0.201281380106088,7
2011-04-26,-0.0008428273390821,0,0.201281380106088,7
2011-04-27,-0.0015420519320688,0,0.201281380106088,7
2011-04-28,-0.0011568431138951,0.0499999999999999,0.167498896100284,6
2011-04-29,8.13408169719723e-05,0.0499999999999999,0.201013059858218,7
2011-05-02,-0.0006570504254388,0.0499999999999999,0.178766780936684,6
2011-05-03,-0.0011918491559317,0,0.178766780936684,6
2011-05-04,2.81437613296185e-05,0.1,0.117419579786795,4
2011-05-05,0.0001634706710361,0,0.117419579786795,4
2011-05-06,-0.0002608729373997,0,0.117419579786795,4
2011-05-09,0.0002460063241104,0,0.117419579786795,4
2011-05-10,-0.0002788993290413,0,0.117419579786795,4
2011-05-11,-0.0004307153682427,0,0.117419579786795,4
2011-05-12,-0.0005050916461223,0,0.117419579786795,4
2011-05-13,-0.0002625366960715,0.1,0.0524569823052257,2
2011-05-16,-0.0006031263021903,0,0.0524569823052257,2
2011-05-17,0.0003238058133219,0.05,0.0238353645969217,1
2011-05-18,-2.81593433976355e-05,0.05,0.0554024541220664,2
2011-05-19,-9.37042720768485e-05,0,0.0554024541220664,2
2011-05-20,-0.0003085108414642,0,0.0554024541220664,2
2011-05-23,-0.0002848160103257,0,0.0554024541220664,2
2011-05-24,0.000185918551184,0,0.0554024541220664,2
2011-05-25,0.000179059495303,0,0.0554024541220664,2
2011-05-26,7.57195030252146e-05,0,0.0554024541220664,2
2011-05-27,3.51177825274756e-05,0,0.0554024541220664,2
2011-05-31,0.0004732890445837,0,0.0554024541220664,2
2011-06-01,4.16650172595471e-05,0,0.0554024541220664,2
2011-06-02,0.000365787455714,0,0.0554024541220664,2
2011-06-03,0.000419712695277,0,0.0554024541220664,2
2011-06-06,-0.0001296950878648,0,0.0554024541220664,2
2011-06-07,0.0002178700592851,0,0.0554024541220664,2
2011-06-08,-0.0001968587555146,0,0.0554024541220664,2
2011-06-09,-5.40548072053056e-05,0,0.0554024541220664,2
2011-06-10,-0.000136507296986,0,0.0554024541220664,2
2011-06-13,-3.67984723564958e-05,0,0.0554024541220664,2
2011-06-14,-6.09940442433251e-05,0,0.0554024541220664,2
2011-06-15,-0.0002708743505573,0,0.0554024541220664,2
2011-06-16,-0.0004284485475075,0,0.0554024541220664,2
2011-06-17,-4.02186411264733e-05,0.0499999999999999,0.0776487330435995,3
2011-06-20,-0.0005549898423576,0,0.0776487330435995,3
2011-06-21,0.0009569284537482,0.05,0.0955515660480569,4
2011-06-22,0.0001374835864783,0,0.0955515660480569,4
2011-06-23,6.10333513498395e-05,0,0.0955515660480569,4
2011-06-24,-0.0005568993630255,0,0.0955515660480569,4
2011-06-27,0.000677758186229,0,0.0955515660480569,4
2011-06-28,0.00022771812333,0,0.0955515660480569,4
2011-06-29,0.0007876830432567,0,0.0955515660480569,4
2011-06-30,0.0004442691422727,0.05,0.0639844765229122,3
2011-07-01,0.0002851004861253,0.15,0.0639844765229122,3
2011-07-05,0,0,0,0
2011-07-06,0,0,0,0
2011-07-07,-0.000384986856498,0.05,0.0398686767602328,1
2011-07-08,0.0002107521655684,0,0.0398686767602328,1
2011-07-11,0.0005094247743611,0,0.0398686767602328,1
2011-07-12,-0.0009177412689718,0.25,0.16094486298354,6
2011-07-13,0.0034037846073253,0,0.16094486298354,6
2011-07-14,0.0007477061629027,0,0.16094486298354,6
2011-07-15,-0.0006440333493643,0,0.16094486298354,6
2011-07-18,-0.0005795586113741,0.0499999999999999,0.1843924755991,7
2011-07-19,0.0003714652089938,0.1,0.165240572213988,7
2011-07-20,0.0008559432306091,0,0.165240572213988,7
2011-07-21,0.0027602231994292,0,0.165240572213988,7
2011-07-22,-0.0005383926581113,0.0999999999999999,0.177097476521158,7
2011-07-25,0.0003670536558468,0,0.177097476521158,7
2011-07-26,6.33457164675275e-05,0,0.177097476521158,7
2011-07-27,-0.001589823965432,0.0999999999999999,0.228310000871729,9
2011-07-28,-0.0012934287951521,0.0499999999999999,0.24902677424685,10
2011-07-29,0.0009701072089575,0.0499999999999999,0.225579161631291,9
2011-08-01,-0.0023900010500942,0,0.225579161631291,9
2011-08-02,-0.0014678414204832,0.0499999999999999,0.202114748981289,8
2011-08-03,0.0006731544713602,0.2,0.252857917611669,10
2011-08-04,-0.0038493108303582,0,0.252857917611669,10
2011-08-05,0.000479128003244,0.25,0.228963212899521,9
2011-08-08,-0.0042953955401684,0.25,0.141828889664848,6
2011-08-09,0.003416844901562,0.3,0.0968801655135097,4
2011-08-10,0.000204837209672,0.05,0.0719075074724598,3
2011-08-11,-0.0001529251847505,0.2,0.0759634145699027,3
2011-08-12,0.0010160229885881,0.1,0.080505341895045,3
2011-08-15,-0.0014407669548561,0,0.080505341895045,3
2011-08-16,-0.0005758628308321,0.0499999999999999,0.0479316642127541,2
2011-08-17,1.0703041846554e-05,0.05,0.0195764004385851,1
2011-08-18,-0.0007135548398244,0.0499999999999999,0.0473245121391547,2
2011-08-19,2.73698051987751e-06,0,0.0473245121391547,2
2011-08-22,0.0002711527003487,0,0.0473245121391547,2
2011-08-23,0.0001893092672762,0,0.0473245121391547,2
2011-08-24,0.0002890156992584,0,0.0473245121391547,2
2011-08-25,7.48872117562724e-05,0,0.0473245121391547,2
2011-08-26,0.0004260829173234,0,0.0473245121391547,2
2011-08-29,0.0001623539545666,0,0.0473245121391547,2
2011-08-30,0.0003386784017179,0,0.0473245121391547,2
2011-08-31,-0.0001393137466469,0,0.0473245121391547,2
2011-09-01,-0.0002639278159412,0,0.0473245121391547,2
2011-09-02,-0.0001575207288374,0,0.0473245121391547,2
2011-09-06,9.80865740124074e-05,0,0.0473245121391547,2
2011-09-07,-3.43946720947443e-05,0,0.0473245121391547,2
2011-09-08,-0.000185045685307,0,0.0473245121391547,2
2011-09-09,-0.0002196024920306,0,0.0473245121391547,2
2011-09-12,-0.0004470457165391,0,0.0473245121391547,2
2011-09-13,0.0006097991620416,0,0.0473245121391547,2
2011-09-14,0.000276543039946,0,0.0473245121391547,2
2011-09-15,8.3908755731021e-05,0,0.0473245121391547,2
2011-09-16,0.0001139215572134,0,0.0473245121391547,2
2011-09-19,6.42100112390919e-05,0,0.0473245121391547,2
2011-09-20,-0.0002362649550952,0.0499999999999999,0.0195764004385851,1
2011-09-21,-0.0005614496551331,0,0.0195764004385851,1
2011-09-22,-0.0009060649683226,0.15,0.091738167173436,4
2011-09-23,0.0001256005549304,0.1,0.0961146324051823,4
2011-09-26,0.0005090761313923,0,0.0961146324051823,4
2011-09-27,-0.0002789050106405,0,0.0961146324051823,4
2011-09-28,-0.0007297397577747,0,0.0961146324051823,4
2011-09-29,0.000460123971316,0,0.0961146324051823,4
2011-09-30,-0.0014740307885684,0,0.0961146324051823,4
2011-10-03,-0.001067609220217,0.05,0.0721617667348508,3
2011-10-04,0.000572156113238,0.1,0.0226061133604958,1
2011-10-05,-0.0009011889180973,0,0.0226061133604958,1
2011-10-06,0,0.0499999999999999,0,0
2011-10-07,0,0,0,0
2011-10-10,0,0,0,0
2011-10-11,0,0,0,0
2011-10-12,0,0,0,0
2011-10-13,0,0,0,0
2011-10-14,0,0,0,0
2011-10-17,0,0,0,0
2011-10-18,0,0,0,0
2011-10-19,0,0,0,0
2011-10-20,0,0,0,0
2011-10-21,0,0,0,0
2011-10-24,0,0,0,0
2011-10-25,0,0,0,0
2011-10-26,0,0,0,0
2011-10-27,-7.44265429563406e-05,0.0499999999999999,0.0277481117005695,1
2011-10-28,8.5566665987315e-06,0,0.0277481117005695,1
2011-10-31,0.0001993920578066,0,0.0277481117005695,1
2011-11-01,0.0001986527557214,0,0.0277481117005695,1
2011-11-02,0,0.0499999999999999,0,0
2011-11-03,0,0,0,0
2011-11-04,0,0,0,0
2011-11-07,0,0,0,0
2011-11-08,0,0,0,0
2011-11-09,0,0,0,0
2011-11-10,0,0,0,0
2011-11-11,0,0,0,0
2011-11-14,0,0,0,0
2011-11-15,0,0,0,0
2011-11-16,0,0,0,0
2011-11-17,0,0,0,0
2011-11-18,0,0,0,0
2011-11-21,0,0,0,0
2011-11-22,0,0,0,0
2011-11-23,0,0,0,0
2011-11-25,3.08800052871067e-05,0.0499999999999999,0.0222518882994304,1
2011-11-28,3.35609227691866e-05,0,0.0222518882994304,1
2011-11-29,7.68312073958419e-05,0,0.0222518882994304,1
2011-11-30,0.0001064634952388,0,0.0222518882994304,1
2011-12-01,-7.51182380424193e-06,0,0.0222518882994304,1
2011-12-02,9.94275237682682e-05,0,0.0222518882994304,1
2011-12-05,8.60977379688305e-05,0,0.0222518882994304,1
2011-12-06,0,0.0499999999999999,0,0
2011-12-07,0,0,0,0
2011-12-08,0,0,0,0
2011-12-09,0,0,0,0
2011-12-12,0,0,0,0
2011-12-13,0,0,0,0
2011-12-14,0,0,0,0
2011-12-15,0,0,0,0
2011-12-16,0,0,0,0
2011-12-19,0,0,0,0
2011-12-20,0,0,0,0
2011-12-21,0,0,0,0
2011-12-22,0,0,0,0
2011-12-23,0,0,0,0
2011-12-27,0,0,0,0
2011-12-28,0,0,0,0
2011-12-29,0,0,0,0
2011-12-30,0,0,0,0
2012-01-03,0,0,0,0
2012-01-04,0,0,0,0
2012-01-05,7.35721949330636e-05,0.05,0.0274541064549407,1
2012-01-06,-0.0002890669460588,0,0.0274541064549407,1
2012-01-09,0.0004255208645257,0,0.0274541064549407,1
2012-01-10,-3.79782765491329e-06,0,0.0274541064549407,1
2012-01-11,-0.0002646113662285,0,0.0274541064549407,1
2012-01-12,-0.0003216434924706,0,0.0274541064549407,1
2012-01-13,0.0001201021151053,0,0.0274541064549407,1
2012-01-17,-0.0002973640698979,0.0499999999999999,0.0564218783203217,2
2012-01-18,-0.0017665119120489,0.2,0.236668446926253,6
2012-01-19,-0.0007409721068395,0.1,0.251042899378719,6
2012-01-20,0.0003359088544813,0.15,0.380233254000745,9
2012-01-23,0.0002828481780372,0,0.380233254000745,9
2012-01-24,0.0004757923089569,0,0.380233254000745,9
2012-01-25,-0.0031531207252624,0,0.380233254000745,9
2012-01-26,0.0005152186881027,0.0499999999999999,0.40385662637462,10
2012-01-27,-0.0007256730391609,0,0.40385662637462,10
2012-01-30,-0.0004244283629519,0,0.40385662637462,10
2012-01-31,-0.001086575848111,0.05,0.444551226226239,11
2012-02-01,-0.0023074150724383,0,0.444551226226239,11
2012-02-02,-0.0006805678029125,0.05,0.477192625809227,12
2012-02-03,-0.0035592636570313,0.0499999999999999,0.453569253435353,11
2012-02-06,0.0001988534003847,0.3,0.249711805881111,7
2012-02-07,-0.000736982023471,0,0.249711805881111,7
2012-02-08,-0.000956763375713,0,0.249711805881111,7
2012-02-09,-0.0009128219012518,0.1,0.181715919558936,5
2012-02-10,8.34918714599526e-05,0.0499999999999999,0.131790714611744,4
2012-02-13,-1.32811496103222e-05,0,0.131790714611744,4
2012-02-14,-0.000123763305285,0.0499999999999999,0.167903697265663,5
2012-02-15,0.0004483678566405,0,0.167903697265663,5
2012-02-16,-0.0009690959437996,0.05,0.140449590810722,4
2012-02-17,6.16438438833713e-05,0.15,0.0361129826539193,1
2012-02-21,-0.0001201733424708,0,0.0361129826539193,1
2012-02-22,-0.000296958487818,0,0.0361129826539193,1
2012-02-23,0.0001012990786683,0,0.0361129826539193,1
2012-02-24,-0.0002265962460081,0,0.0361129826539193,1
2012-02-27,0.0003537446416193,0.05,0.0724332306911915,2
2012-02-28,-0.0003630306033528,0,0.0724332306911915,2
2012-02-29,0.0004153384387641,0,0.0724332306911915,2
2012-03-01,-0.0004128878504065,0,0.0724332306911915,2
2012-03-02,-0.0002122958498275,0,0.0724332306911915,2
2012-03-05,0.0004866393496797,0,0.0724332306911915,2
2012-03-06,0.0003065026294754,0,0.0724332306911915,2
2012-03-07,-3.03399035947028e-05,0,0.0724332306911915,2
2012-03-08,-0.0002392205020171,0,0.0724332306911915,2
2012-03-09,0.0002685181353648,0,0.0724332306911915,2
2012-03-12,4.74493104251832e-05,0,0.0724332306911915,2
2012-03-13,-0.0002558579685696,0,0.0724332306911915,2
2012-03-14,-1.97442325215857e-05,0,0.0724332306911915,2
2012-03-15,0.0002684624623453,0,0.0724332306911915,2
2012-03-16,-0.0001961065079837,0,0.0724332306911915,2
2012-03-19,-0.0001914615069628,0,0.0724332306911915,2
2012-03-20,-0.0003320779150743,0.1,0.122691261616312,4
2012-03-21,0.0002384452613703,0,0.122691261616312,4
2012-03-22,0.0002678435743105,0,0.122691261616312,4
2012-03-23,-0.0005011910739201,0,0.122691261616312,4
2012-03-26,-0.0007055065725044,0,0.122691261616312,4
2012-03-27,0.0003794344383012,0.05,0.145408795006972,5
2012-03-28,3.8497779366084e-05,0,0.145408795006972,5
2012-03-29,-0.0002546053911235,0,0.145408795006972,5
2012-03-30,-0.0001551385209016,0.1,0.146317086838657,5
2012-04-02,-0.0007384454254593,0,0.146317086838657,5
2012-04-03,0.0010128456321127,0,0.146317086838657,5
2012-04-04,0.0011861494903929,0,0.146317086838657,5
2012-04-05,0.0007300382590923,0,0.146317086838657,5
2012-04-09,-0.0001751745529215,0,0.146317086838657,5
2012-04-10,0.0005514857489903,0,0.146317086838657,5
2012-04-11,-0.0002479199897321,0,0.146317086838657,5
2012-04-12,0.0005279703788742,0,0.146317086838657,5
2012-04-13,0.0017926017791861,0,0.146317086838657,5
2012-04-16,0.0003384720561743,0.1,0.0952371551613718,3
2012-04-17,-0.0007623842176652,0,0.0952371551613718,3
2012-04-18,-7.57763753940117e-05,0,0.0952371551613718,3
2012-04-19,0.0001116271744498,0,0.0952371551613718,3
2012-04-20,0.000100432930817,0,0.0952371551613718,3
2012-04-23,0.0003051927929364,0,0.0952371551613718,3
2012-04-24,0.0004347002837039,0,0.0952371551613718,3
2012-04-25,-0.001123641527449,0,0.0952371551613718,3
2012-04-26,-0.0001064314900958,0,0.0952371551613718,3
2012-04-27,0.0001915730635348,0,0.0952371551613718,3
2012-04-30,-2.8427721832722e-05,0,0.0952371551613718,3
2012-05-01,-1.92954647766323e-05,0,0.0952371551613718,3
2012-05-02,0.00026820604706,0,0.0952371551613718,3
2012-05-03,0.0002172186622148,0,0.0952371551613718,3
2012-05-04,0.0008137389690676,0,0.0952371551613718,3
2012-05-07,-0.0001397864546452,0,0.0952371551613718,3
2012-05-08,0.0001134103194614,0,0.0952371551613718,3
2012-05-09,0.0002201867447862,0,0.0952371551613718,3
2012-05-10,-7.46006021548579e-05,0.05,0.0589169071240996,2
2012-05-11,1.27037167624814e-05,0,0.0589169071240996,2
2012-05-14,0.0001633142512129,0.05,0.0741796887045612,3
2012-05-15,-0.0002107808098996,0,0.0741796887045612,3
2012-05-16,0.0001621871434834,0,0.0741796887045612,3
2012-05-17,0.0005220111826707,0,0.0741796887045612,3
2012-05-18,0.0001767753690289,0,0.0741796887045612,3
2012-05-21,-4.33268607056886e-06,0,0.0741796887045612,3
2012-05-22,-0.0001740701328064,0,0.0741796887045612,3
2012-05-23,-0.0001417388791061,0,0.0741796887045612,3
2012-05-24,-0.0002238965208002,0,0.0741796887045612,3
2012-05-25,-0.0002234124401253,0,0.0741796887045612,3
2012-05-29,-8.81465817863097e-05,0,0.0741796887045612,3
2012-05-30,0.0002610587607453,0,0.0741796887045612,3
2012-05-31,2.917264323765e-05,0,0.0741796887045612,3
2012-06-01,0.0006062968938286,0,0.0741796887045612,3
2012-06-04,0.0001828504393564,0,0.0741796887045612,3
2012-06-05,-0.0002391723041151,0,0.0741796887045612,3
2012-06-06,0.0001908199738404,0,0.0741796887045612,3
2012-06-07,0.0001121489247219,0,0.0741796887045612,3
2012-06-08,-0.0002427915581149,0,0.0741796887045612,3
2012-06-11,0.0003754323358208,0,0.0741796887045612,3
2012-06-12,8.08424732603993e-05,0,0.0741796887045612,3
2012-06-13,0.0002176064617978,0,0.0741796887045612,3
2012-06-14,-0.0001894547812166,0,0.0741796887045612,3
2012-06-15,-0.0001126006293672,0,0.0741796887045612,3
2012-06-18,-0.000355546288558,0,0.0741796887045612,3
2012-06-19,-8.87336422821053e-06,0,0.0741796887045612,3
2012-06-20,8.92190642129428e-06,0,0.0741796887045612,3
2012-06-21,0.0004814326595238,0,0.0741796887045612,3
2012-06-22,-0.0001406985823706,0,0.0741796887045612,3
2012-06-25,0.0002333087412332,0.05,0.0589169071240996,2
2012-06-26,-0.0001412110052952,0,0.0589169071240996,2
2012-06-27,-0.0001019231382581,0,0.0589169071240996,2
2012-06-28,9.54924460951275e-05,0,0.0589169071240996,2
2012-06-29,-0.0002258897828409,0,0.0589169071240996,2
2012-07-02,-0.0004075457581674,0.0999999999999999,0.0589169071240996,2
2012-07-03,0,0,0,0
2012-07-05,0,0,0,0
2012-07-06,0,0,0,0
2012-07-09,0,0,0,0
2012-07-10,0,0,0,0
2012-07-11,0,0,0,0
2012-07-12,0,0,0,0
2012-07-13,0,0,0,0
2012-07-16,0,0,0,0
2012-07-17,0,0,0,0
2012-07-18,0,0,0,0
2012-07-19,0,0,0,0
2012-07-20,0,0,0,0
2012-07-23,0,0,0,0
2012-07-24,0,0,0,0
2012-07-25,0,0,0,0
2012-07-26,-7.27952761179847e-06,0.05,0.0310386316027324,1
2012-07-27,3.8883858997271e-05,0,0.0310386316027324,1
2012-07-30,8.80284942203963e-07,0,0.0310386316027324,1
2012-07-31,1.8164355307026e-05,0,0.0310386316027324,1
2012-08-01,-0.0001449656931789,0.0499999999999999,0.0730191832920069,2
2012-08-02,-0.0001821623987458,0.05,0.0999283334348647,3
2012-08-03,0.0002062476502603,0,0.0999283334348647,3
2012-08-06,-0.0001306286578719,0,0.0999283334348647,3
2012-08-07,0.0003838611892539,0.05,0.131978758656845,4
2012-08-08,-9.09489992465931e-05,0,0.131978758656845,4
2012-08-09,-0.0002529001316183,0,0.131978758656845,4
2012-08-10,-0.0004685016101618,0,0.131978758656845,4
2012-08-13,3.87139221920983e-05,0,0.131978758656845,4
2012-08-14,0.000519242952984,0.05,0.15748812965288,5
2012-08-15,0.0004613731451424,0,0.15748812965288,5
2012-08-16,-0.0003431305362322,0,0.15748812965288,5
2012-08-17,3.56265835337628e-05,0,0.15748812965288,5
2012-08-20,-0.0003544200456589,0.0499999999999999,0.184546480066316,6
2012-08-21,0.0003815116454013,0,0.184546480066316,6
2012-08-22,-3.16770199578603e-05,0.05,0.211746351031182,7
2012-08-23,0.0001244331699397,0,0.211746351031182,7
2012-08-24,-4.07882454592703e-05,0,0.211746351031182,7
2012-08-27,-0.000281165624747,0,0.211746351031182,7
2012-08-28,0.0003064462193811,0,0.211746351031182,7
2012-08-29,0.0004771279234675,0,0.211746351031182,7
2012-08-30,0.0005074142849961,0,0.211746351031182,7
2012-08-31,-0.0006740637156034,0,0.211746351031182,7
2012-09-04,0.0004794981041294,0.0499999999999999,0.261746351031182,8
2012-09-05,-0.0002024964342406,0.05,0.282545451295943,9
2012-09-06,2.99568143652175e-05,0,0.282545451295943,9
2012-09-07,-0.000201756546516,0.1,0.382545451295943,11
2012-09-10,0.0008962543512898,0.0499999999999999,0.355487100882506,10
2012-09-11,-0.0003031594732753,0.05,0.329977729886472,9
2012-09-12,0.0006649295660508,0.0499999999999999,0.355769474368601,10
2012-09-13,-0.0028682795741157,0,0.355769474368601,10
2012-09-14,0.0012610454294355,0,0.355769474368601,10
2012-09-17,-0.000243068145782,0,0.355769474368601,10
2012-09-18,-0.0007648369758923,0.05,0.324730842765868,9
2012-09-19,-8.90654939673774e-05,0.05,0.274730842765868,8
2012-09-20,-0.0003914811679117,0,0.274730842765868,8
2012-09-21,-0.0001875087676629,0,0.274730842765868,8
2012-09-24,-2.68491799235525e-05,0,0.274730842765868,8
2012-09-25,-0.0002663262199653,0,0.274730842765868,8
2012-09-26,-0.0001439650665491,0,0.274730842765868,8
2012-09-27,-0.0001882396660733,0,0.274730842765868,8
2012-09-28,0.0005211691271859,0,0.274730842765868,8
2012-10-01,-1.74612795071969e-05,0.05,0.305769474368601,9
2012-10-02,-0.0003595613251343,0,0.305769474368601,9
2012-10-03,-0.0004871056095075,0.0499999999999999,0.334981211512984,10
2012-10-04,0.0001652717450026,0,0.334981211512984,10
2012-10-05,0.0006893443534683,0.05,0.303942579910251,9
2012-10-08,0.0005481032299439,0,0.303942579910251,9
2012-10-09,0.0004696841697266,0.05,0.277033429767393,8
2012-10-10,-2.86707694155675e-05,0,0.277033429767393,8
2012-10-11,-4.47185502500104e-05,0,0.277033429767393,8
2012-10-12,-6.0928942621914e-05,0,0.277033429767393,8
2012-10-15,-0.0001879328503264,0,0.277033429767393,8
2012-10-16,-0.0004464067288665,0.05,0.244983004545413,7
2012-10-17,-0.0002391124080004,0.05,0.276021636148145,8
2012-10-18,0.0002929693791183,0,0.276021636148145,8
2012-10-19,8.07341761230513e-05,0.05,0.300512265152111,9
2012-10-22,0.0004965003752228,0,0.300512265152111,9
2012-10-23,0.0006736262340984,0,0.300512265152111,9
2012-10-24,0.000354517566746,0.0499999999999999,0.258531713462836,8
2012-10-25,-0.0001231160977245,0,0.258531713462836,8
2012-10-26,-0.0006582471626112,0,0.258531713462836,8
2012-10-31,-0.0007407365859816,0,0.258531713462836,8
2012-11-01,0.0013229806230857,0.1,0.325934269934819,10
2012-11-02,0.0007933942420564,0.0499999999999999,0.296722532790437,9
2012-11-05,0.0007589470634194,0.05,0.272231903786471,8
2012-11-06,-0.0003475986548534,0.05,0.310785387083993,9
2012-11-07,-0.0004055351599023,0,0.310785387083993,9
2012-11-08,-0.0009235995076509,0.1,0.300879884170007,9
2012-11-09,0.0011477851811866,0.0499999999999999,0.33778225100831,10
2012-11-12,0.0004320810816638,0,0.33778225100831,10
2012-11-13,-0.0003723986227947,0.1,0.249228767710789,8
2012-11-14,-0.0007109022807903,0,0.249228767710789,8
2012-11-15,-0.0002235775725776,0,0.249228767710789,8
2012-11-16,0.000533546817853,0,0.249228767710789,8
2012-11-19,0.0004864094595994,0,0.249228767710789,8
2012-11-20,0.0001702126022796,0,0.249228767710789,8
2012-11-21,-0.0001279876227974,0,0.249228767710789,8
2012-11-23,-4.45565265786875e-05,0,0.249228767710789,8
2012-11-26,0.0001881544329732,0,0.249228767710789,8
2012-11-27,-0.0006913934870328,0,0.249228767710789,8
2012-11-28,-0.0004658010721676,0,0.249228767710789,8
2012-11-29,0.0004379337722506,0,0.249228767710789,8
2012-11-30,-0.0001434055179219,0,0.249228767710789,8
2012-12-03,-0.0004359732807871,0.05,0.222028896745923,7
2012-12-04,8.86515706473931e-05,0,0.222028896745923,7
2012-12-05,-9.00891287482699e-06,0,0.222028896745923,7
2012-12-06,6.52314062201271e-05,0,0.222028896745923,7
2012-12-07,0.0002731025049009,0,0.222028896745923,7
2012-12-10,0.0003959609277757,0,0.222028896745923,7
2012-12-11,0.000856823461517,0,0.222028896745923,7
2012-12-12,0.000260297751752,0.0499999999999999,0.200895768057176,6
2012-12-13,0.0001520623529702,0,0.200895768057176,6
2012-12-14,-0.0003333352861815,0,0.200895768057176,6
2012-12-17,0.0005086306708816,0,0.200895768057176,6
2012-12-18,0.0007560951394329,0,0.200895768057176,6
2012-12-19,-0.0002774152282674,0,0.200895768057176,6
2012-12-20,0.0004469853470958,0,0.200895768057176,6
2012-12-21,-0.0006692002772538,0,0.200895768057176,6
2012-12-24,7.55834732867345e-05,0,0.200895768057176,6
2012-12-26,-4.82866801876814e-05,0,0.200895768057176,6
2012-12-27,-0.0001534079191067,0,0.200895768057176,6
2012-12-28,-3.46930168235126e-05,0,0.200895768057176,6
2012-12-31,0.0009044832992119,0,0.200895768057176,6
2013-01-02,0.0015897647026894,0,0.200895768057176,6
2013-01-03,0.000934646949796,0.4,0.230107505201559,7
2013-01-04,0,0,0,0
2013-01-07,9.63245565210086e-05,0.1,0.0594402585652824,2
2013-01-08,-3.5004835287428e-05,0,0.0594402585652824,2
2013-01-09,-0.0003139839110317,0.05,0.0770032131863711,3
2013-01-10,0.0001200917046306,0.15,0.083752990664592,4
2013-01-11,0.0008401866909412,0.05,0.0962300941847464,5
2013-01-14,-0.0004374108717243,0,0.0962300941847464,5
2013-01-15,-0.0002395418577628,0,0.0962300941847464,5
2013-01-16,0.0003505797288965,0,0.0962300941847464,5
2013-01-17,-0.0004119552417145,0.0499999999999999,0.0777587856336229,4
2013-01-18,0.0003150246160215,0,0.0777587856336229,4
2013-01-22,-0.0001508841523096,0,0.0777587856336229,4
2013-01-23,0.0002579094432721,0.0499999999999999,0.0490552902367445,3
2013-01-24,-0.0001113750302328,0,0.0490552902367445,3
2013-01-25,-0.0006281904433846,0,0.0490552902367445,3
2013-01-28,0.0001072383354281,0.1,0.0462847558693476,3
2013-01-29,-6.98201561923754e-05,0,0.0462847558693476,3
2013-01-30,0.0004179955140082,0,0.0462847558693476,3
2013-01-31,-8.25746070131262e-06,0,0.0462847558693476,3
2013-02-01,-0.0007915986278205,0,0.0462847558693476,3
2013-02-04,0.0009336805221265,0.05,0.0534838354363731,4
2013-02-05,-0.0008236124756193,0,0.0534838354363731,4
2013-02-06,0.0004931672178938,0,0.0534838354363731,4
2013-02-07,0.0005769185142449,0,0.0534838354363731,4
2013-02-08,-0.0001871966593725,0.0499999999999999,0.0850125268852496,5
2013-02-11,0.0001579212805629,0,0.0850125268852496,5
2013-02-12,0.0002905133917183,0,0.0850125268852496,5
2013-02-13,-0.0003718952472625,0.05,0.0674495722641609,4
2013-02-14,0.00021015440131,0,0.0674495722641609,4
2013-02-15,-0.0001204202478876,0,0.0674495722641609,4
2013-02-19,-0.0004417164616276,0,0.0674495722641609,4
2013-02-20,0.0002981410966709,0,0.0674495722641609,4
2013-02-21,0.0002444435570041,0.0499999999999999,0.101820178319811,5
2013-02-22,-0.0003116918795935,0.0999999999999999,0.10131265664076,5
2013-02-25,0.0005125346732325,0,0.10131265664076,5
2013-02-26,0.0001252573363353,0,0.10131265664076,5
2013-02-27,-0.0005532717266689,0,0.10131265664076,5
2013-02-28,1.41905554046797e-05,0,0.10131265664076,5
2013-03-01,-0.0002813621449832,0,0.10131265664076,5
2013-03-04,-0.0004678928251569,0,0.10131265664076,5
2013-03-05,-0.0004944918356586,0,0.10131265664076,5
2013-03-06,-0.0003183230158381,0,0.10131265664076,5
2013-03-07,0.0001972684467619,0.15,0.10240695497135,4
2013-03-08,4.25525954618574e-05,0.1,0.133184940602279,6
2013-03-11,-0.0002793148234362,0.05,0.125985861035253,5
2013-03-12,-0.0002395061950055,0,0.125985861035253,5
2013-03-13,-5.18657247758954e-05,0,0.125985861035253,5
2013-03-14,7.99743837637348e-05,0,0.125985861035253,5
2013-03-15,-0.0001512647005157,0.0499999999999999,0.152339577635578,6
2013-03-18,0.0007361447214195,0.1,0.205329673324129,8
2013-03-19,-0.0012132863512918,0,0.205329673324129,8
2013-03-20,5.30176252539864e-06,0,0.205329673324129,8
2013-03-21,-0.0001987805706114,0,0.205329673324129,8
2013-03-22,8.49860208936851e-05,0,0.205329673324129,8
2013-03-25,-0.0002937113949627,0,0.205329673324129,8
2013-03-26,-0.0007932110371122,0,0.205329673324129,8
2013-03-27,0.0003754080875063,0,0.205329673324129,8
2013-03-28,0.0004738549907179,0.0499999999999999,0.170959067268479,7
2013-04-01,0.0002322371617413,0,0.170959067268479,7
2013-04-02,0.000874884950677,0,0.170959067268479,7
2013-04-03,0.0004211001183151,0.05,0.148120924577912,6
2013-04-04,-1.7358683727739e-05,0.1,0.0919511083987381,4
2013-04-05,-0.0001849278211559,0.0499999999999999,0.0609299386289124,3
2013-04-08,1.90475255532977e-05,0,0.0609299386289124,3
2013-04-09,0.0001741421218689,0.05,0.0933669840078238,4
2013-04-10,-0.0002257023730542,0,0.0933669840078238,4
2013-04-11,0.0010360005054834,0.05,0.123718612304192,5
2013-04-12,0.0004635991829102,0,0.123718612304192,5
2013-04-15,5.68852705447635e-06,0.1,0.06390583726818,3
2013-04-16,-0.000149323810121,0,0.06390583726818,3
2013-04-17,0.0002549894624183,0,0.06390583726818,3
2013-04-18,-0.0003875533379931,0,0.06390583726818,3
2013-04-19,0.000271908603067,0.05,0.0335542089718117,2
2013-04-22,0.0001427327501068,0,0.0335542089718117,2
2013-04-23,2.63880812684672e-05,0,0.0335542089718117,2
2013-04-24,-0.0005390821174541,0.05,0.0324370453789113,1
2013-04-25,0.0002507207545574,0,0.0324370453789113,1
2013-04-26,-4.26005909528365e-05,0,0.0324370453789113,1
2013-04-29,-0.0001731255916749,0,0.0324370453789113,1
2013-04-30,-0.0002361322234114,0,0.0324370453789113,1
2013-05-01,-0.0001238386762374,0,0.0324370453789113,1
2013-05-02,0.0002797019670878,0.05,0.0595989026883447,2
2013-05-03,0.0001065938788427,0,0.0595989026883447,2
2013-05-06,0.0007209911729699,0,0.0595989026883447,2
2013-05-07,-0.0002342586822454,0,0.0595989026883447,2
2013-05-08,0.0001864721595397,0,0.0595989026883447,2
2013-05-09,0.000376979846851,0,0.0595989026883447,2
2013-05-10,0.0003762107064579,0,0.0595989026883447,2
2013-05-13,2.82332963385128e-05,0.05,0.0271618573094333,1
2013-05-14,6.00857529476479e-05,0,0.0271618573094333,1
2013-05-15,-6.21758398765088e-06,0,0.0271618573094333,1
2013-05-16,9.44848479895732e-05,0,0.0271618573094333,1
2013-05-17,5.7078584104792e-05,0,0.0271618573094333,1
2013-05-20,0.0001494962723395,0,0.0271618573094333,1
2013-05-21,-0.0001313400415571,0.05,0.0537183915308056,2
2013-05-22,0.0004906459566381,0,0.0537183915308056,2
2013-05-23,0.000399984932334,0,0.0537183915308056,2
2013-05-24,0.0001092701562707,0.05,0.0271618573094333,1
2013-05-28,0.0001242421291173,0,0.0271618573094333,1
2013-05-29,-0.0003977143968027,0.15,0.0418683919241038,2
2013-05-30,-0.0003056124955517,0,0.0418683919241038,2
2013-05-31,0.0002402484546324,0,0.0418683919241038,2
2013-06-03,8.36637362207502e-05,0,0.0418683919241038,2
2013-06-04,-7.03270312999018e-05,0,0.0418683919241038,2
2013-06-05,0.00015706793167,0.1,0.0410064203997163,2
2013-06-06,0.0002629399337499,0,0.0410064203997163,2
2013-06-07,-0.0005037701795863,0,0.0410064203997163,2
2013-06-10,-8.328121249353e-05,0,0.0410064203997163,2
2013-06-11,-0.0004984783011895,0,0.0410064203997163,2
2013-06-12,-0.0001826451581209,0,0.0410064203997163,2
2013-06-13,0.0004394340208767,0.05,0.0175629546210886,1
2013-06-14,0.0002538391341687,0,0.0175629546210886,1
2013-06-17,0.0003227380463526,0,0.0175629546210886,1
2013-06-18,-1.69571354605199e-05,0,0.0175629546210886,1
2013-06-19,-0.0005136921901629,0,0.0175629546210886,1
2013-06-20,-0.0003400046084957,0,0.0175629546210886,1
2013-06-21,-0.0001669595521092,0.1,0.0667548139119801,3
2013-06-24,-0.0002584633133448,0.05,0.0969067669099639,4
2013-06-25,-0.0004905817904278,0,0.0969067669099639,4
2013-06-26,0.0002048631867906,0.15,0.0773757296571007,3
2013-06-27,-0.0008050297253106,0,0.0773757296571007,3
2013-06-28,0.0003812651253127,0,0.0773757296571007,3
2013-07-01,-0.0019039754095093,0,0.0773757296571007,3
2013-07-02,-0.0003249775136887,0.05,0.0472237766591169,2
2013-07-03,-0.0001013208174537,0.0499999999999999,0.0175629546210886,1
2013-07-05,-0.00051379468325,0.05,0.0175629546210886,1
2013-07-08,0,0,0,0
2013-07-09,-4.6353629122925e-05,0.25,0.0019703821287671,5
2013-07-10,-2.26882621883381e-07,0.1,0.0026900261240789,7
2013-07-11,0.0002782830178693,0.05,0.003255123370685,8
2013-07-12,-0.0002379156023891,0,0.003255123370685,8
2013-07-15,1.66428976504312e-05,0.15,0.0542019331291123,11
2013-07-16,0.000695438426304,0,0.0542019331291123,11
2013-07-17,-0.0001916150448401,0,0.0542019331291123,11
2013-07-18,0.0004276901856765,0.1,0.0534822891338006,9
2013-07-19,-0.0006378728534306,0.05,0.0950424308999293,10
2013-07-22,0.0003519718230272,0.15,0.0931513660119915,7
2013-07-23,0.0006773420290903,0,0.0931513660119915,7
2013-07-24,0.0004241687787654,0,0.0931513660119915,7
2013-07-25,-0.0010707352592685,0.05,0.124353060750373,8
2013-07-26,0.0002341972357037,0.1,0.123554151656432,6
2013-07-29,0.0006607112746835,0.0499999999999999,0.123135647999999,5
2013-07-30,-0.0003256935548998,0,0.123135647999999,5
2013-07-31,-0.0007154793543251,0.05,0.12281195241703,4
2013-08-01,-0.0006750676833031,0.15,0.188719521307709,7
2013-08-02,0.0002064983790144,0,0.188719521307709,7
2013-08-05,-0.0003823374755246,0.0499999999999999,0.237822827461803,8
2013-08-06,0.0017478768029018,0,0.237822827461803,8
2013-08-07,0.000671991241473,0,0.237822827461803,8
2013-08-08,0.0011156432157038,0.05,0.196262685695674,7
2013-08-09,-0.000297303712879,0,0.196262685695674,7
2013-08-12,0.0006129103103263,0,0.196262685695674,7
2013-08-13,0.0003606144755454,0,0.196262685695674,7
2013-08-14,-0.0008771864423963,0.05,0.165060990957293,6
2013-08-15,0.0010919534436681,0,0.165060990957293,6
2013-08-16,0.0003633914147687,0.05,0.183236626401135,7
2013-08-19,-0.0005825844801913,0,0.183236626401135,7
2013-08-20,-0.0009714954493737,0,0.183236626401135,7
2013-08-21,-0.0026595236920943,0,0.183236626401135,7
2013-08-22,-0.0004444057624857,0.15,0.184332370728541,10
2013-08-23,0.0003151529274953,0.2,0.136583288868739,12
2013-08-26,-0.0029882805462063,0,0.136583288868739,12
2013-08-27,0.0015368125330573,0.1,0.0865331729562185,10
2013-08-28,-0.000788442578792,0,0.0865331729562185,10
2013-08-29,-0.0003814645791395,0,0.0865331729562185,10
2013-08-30,0.0005949394743714,0,0.0865331729562185,10
2013-09-03,-0.0015684466631428,0,0.0865331729562185,10
2013-09-04,-0.0011741145976992,0,0.0865331729562185,10
2013-09-05,-0.0005915149675244,0.45,0.0630177204432951,5
2013-09-06,-3.06714864221948e-05,0.2,0.0393091547079462,3
2013-09-09,-0.0001952326760255,0,0.0393091547079462,3
2013-09-10,3.29076785578276e-05,0.05,0.0190723292897486,2
2013-09-11,-0.0001238540838,0,0.0190723292897486,2
2013-09-12,3.48554321672967e-05,0,0.0190723292897486,2
2013-09-13,-0.0002752671667843,0,0.0190723292897486,2
2013-09-16,9.23037790880384e-05,0,0.0190723292897486,2
2013-09-17,-4.77392715496335e-06,0.0499999999999999,0.0181756354438418,1
2013-09-18,0.0002155184779245,0,0.0181756354438418,1
2013-09-19,2.69360757446945e-05,0,0.0181756354438418,1
2013-09-20,6.69882763337798e-05,0,0.0181756354438418,1
2013-09-23,7.10638040025418e-05,0.0499999999999999,0.0672789415979351,2
2013-09-24,-8.05092004085102e-05,0,0.0672789415979351,2
2013-09-25,0.000188989443371,0,0.0672789415979351,2
2013-09-26,-0.0003791381244713,0.1,0.0391998901097723,2
2013-09-27,0.000236396241254,0,0.0391998901097723,2
2013-09-30,-0.0002777084620725,0,0.0391998901097723,2
2013-10-01,-0.0002022727775268,0,0.0391998901097723,2
2013-10-02,0.0002178896944958,0,0.0391998901097723,2
2013-10-03,4.5216388075342e-05,0,0.0391998901097723,2
2013-10-04,-0.0001634801386005,0,0.0391998901097723,2
2013-10-07,5.7512257652922e-05,0,0.0391998901097723,2
2013-10-08,4.69324538583499e-05,0,0.0391998901097723,2
2013-10-09,-0.0004226698762635,0,0.0391998901097723,2
2013-10-10,-3.85892252531828e-05,0,0.0391998901097723,2
2013-10-11,7.46589130439906e-05,0.1,0.0581115092950224,2
2013-10-14,0.0001246085649271,0,0.0581115092950224,2
2013-10-15,0.0001349375795469,0,0.0581115092950224,2
2013-10-16,-6.89298381769944e-05,0,0.0581115092950224,2
2013-10-17,0.000753044688739,0,0.0581115092950224,2
2013-10-18,-0.0002462839246986,0,0.0581115092950224,2
2013-10-21,1.77209418433092e-05,0,0.0581115092950224,2
2013-10-22,0.0005420564304801,0,0.0581115092950224,2
2013-10-23,0.0009898756483627,0,0.0581115092950224,2
2013-10-24,0,0.1,0,0
2013-10-25,0,0,0,0
2013-10-28,0,0,0,0
2013-10-29,0,0,0,0
2013-10-30,0,0,0,0
2013-10-31,0,0,0,0
2013-11-01,0,0,0,0
2013-11-04,0,0,0,0
2013-11-05,0,0,0,0
2013-11-06,0,0,0,0
2013-11-07,0,0,0,0
2013-11-08,0,0,0,0
2013-11-11,0,0,0,0
2013-11-12,0,0,0,0
2013-11-13,0,0,0,0
2013-11-14,0,0,0,0
2013-11-15,0,0,0,0
2013-11-18,0,0,0,0
2013-11-19,0,0,0,0
2013-11-20,0,0,0,0
2013-11-21,0,0,0,0
2013-11-22,0,0,0,0
2013-11-25,0,0,0,0
2013-11-26,0,0,0,0
2013-11-27,0,0,0,0
2013-11-29,0,0,0,0
2013-12-02,0,0,0,0
2013-12-03,0,0,0,0
2013-12-04,0,0,0,0
2013-12-05,0,0,0,0
2013-12-06,0,0,0,0
2013-12-09,0,0,0,0
2013-12-10,0,0,0,0
2013-12-11,0,0,0,0
2013-12-12,0,0,0,0
2013-12-13,0,0,0,0
2013-12-16,0,0,0,0
2013-12-17,0,0,0,0
2013-12-18,0,0,0,0
2013-12-19,0,0,0,0
2013-12-20,0,0,0,0
2013-12-23,-4.12088248451172e-05,0.05,0.0370872546290919,1
2013-12-24,-5.64086738761897e-05,0,0.0370872546290919,1
2013-12-26,1.35512658683125e-05,0,0.0370872546290919,1
2013-12-27,-5.86738638396758e-05,0,0.0370872546290919,1
2013-12-30,2.44699777633713e-05,0,0.0370872546290919,1
2013-12-31,0.0001394141882362,0,0.0370872546290919,1
2014-01-02,0.0007438370684533,0,0.0370872546290919,1
2014-01-03,0.000375803357177,0.05,0.0370872546290919,1
2014-01-06,0,0,0,0
2014-01-07,2.21118737372555e-05,0.05,0.0282905832421911,1
2014-01-08,0.0001113704440668,0.05,0.0782905832421911,2
2014-01-09,0.0006391056605303,0.1,0.0804219273551315,2
2014-01-10,-0.0006598631603285,0.05,0.0993008989548375,3
2014-01-13,0.0003990465125027,0,0.0993008989548375,3
2014-01-14,0.0003189637047403,0.2,0.167009981125456,7
2014-01-15,-0.0013556451517675,0,0.167009981125456,7
2014-01-16,9.65989262332284e-05,0.0499999999999999,0.196484660267808,8
2014-01-17,9.34302479506212e-06,0,0.196484660267808,8
2014-01-21,0.000524384349975,0,0.196484660267808,8
2014-01-22,0.000752042344474,0,0.196484660267808,8
2014-01-23,-0.0009528470210797,0,0.196484660267808,8
2014-01-24,0.0012834653377264,0,0.196484660267808,8
2014-01-27,0.0008732593368715,0.1,0.190727200977003,8
2014-01-28,0.0010654729310776,0.0999999999999999,0.190727200977003,10
2014-01-29,-0.000186136420123,0,0.190727200977003,10
2014-01-30,-0.0012325520062677,0,0.190727200977003,10
2014-01-31,-0.0016683165303817,0,0.190727200977003,10
2014-02-03,0.0003217098815956,0.15,0.129566767268011,7
2014-02-04,0.0019130097161241,0.2,0.0795667672680113,9
2014-02-05,0.0005505405630361,0,0.0795667672680113,9
2014-02-06,0.0027980732982707,0.0499999999999999,0.0500920881256592,8
2014-02-07,0.0036299204737602,0,0.0500920881256592,8
2014-02-10,-0.0009993524146928,0.0499999999999999,0.0500920881256592,7
2014-02-11,0.001603236520201,0.05,0.0500920881256592,6
2014-02-12,0.0009817988489059,0.1,0.150092088125659,8
2014-02-13,-0.0013435086520777,0,0.150092088125659,8
2014-02-14,0.0002426396939236,0.0499999999999999,0.150092088125659,7
2014-02-18,0.0006751058192914,0.2,0.279566767268011,9
2014-02-19,0.0021284506326224,0.0499999999999999,0.273611246674953,8
2014-02-20,-0.0014193620097116,0.0499999999999999,0.273611246674953,7
2014-02-21,-0.0002953286515265,0.0999999999999999,0.354033174030084,9
2014-02-24,-0.0010983167780083,0,0.354033174030084,9
2014-02-25,0.0006408835035399,0.05,0.304033174030084,8
2014-02-26,-0.0006941566045684,0,0.304033174030084,8
2014-02-27,-0.0004387195127322,0.0499999999999999,0.273611246674953,7
2014-02-28,-3.73662324123654e-05,0,0.273611246674953,7
2014-03-03,-0.0008819905953416,0,0.273611246674953,7
2014-03-04,-0.0014090748863612,0.1,0.273611246674953,7
2014-03-05,-0.0006518590651193,0.05,0.323611246674953,8
2014-03-06,-0.0007788547489674,0.0499999999999999,0.273611246674953,7
2014-03-07,0.0004908615386322,0.0499999999999999,0.223611246674952,6
2014-03-10,0.0006382476588403,0,0.223611246674952,6
2014-03-11,9.50801170401431e-06,0,0.223611246674952,6
2014-03-12,-0.0005682848115646,0,0.223611246674952,6
2014-03-13,0.0005303552767428,0,0.223611246674952,6
2014-03-14,-0.0003783548348985,0,0.223611246674952,6
2014-03-17,0.0008057139932652,0,0.223611246674952,6
2014-03-18,-0.0007018233430236,0,0.223611246674952,6
2014-03-19,0.000850268242542,0,0.223611246674952,6
2014-03-20,7.59974273238611e-05,0,0.223611246674952,6
2014-03-21,0.0002297683656214,0.1,0.194136567532601,6
2014-03-24,0.0013514353782621,0,0.194136567532601,6
2014-03-25,0.0004466528307756,0.0499999999999999,0.194136567532601,7
2014-03-26,0.0014965680739809,0,0.194136567532601,7
2014-03-27,0.0009668812538407,0.1,0.119472099468274,5
2014-03-28,0.0008528894631907,0.05,0.0999999999999999,4
2014-03-31,-0.0004518442933678,0,0.0999999999999999,4
2014-04-01,0.0010146782448234,0,0.0999999999999999,4
2014-04-02,0.0011366521126533,0,0.0999999999999999,4
2014-04-03,-0.0011533026413001,0,0.0999999999999999,4
2014-04-04,-0.0002785139147243,0,0.0999999999999999,4
2014-04-07,-8.99134939909001e-05,0.1,0.155863432467399,6
2014-04-08,-0.0020845748356601,0,0.155863432467399,6
2014-04-09,0.0009108598207094,0,0.155863432467399,6
2014-04-10,-0.0022594028321954,0,0.155863432467399,6
2014-04-11,-0.0001692132610181,0,0.155863432467399,6
2014-04-14,-1.35498753629218e-06,0,0.155863432467399,6
2014-04-15,-0.0011357263970586,0,0.155863432467399,6
2014-04-16,0.0006964709488601,0.1,0.169380011342615,6
2014-04-17,-0.0003106000525214,0.0499999999999999,0.119380011342615,5
2014-04-21,6.9678075582798e-05,0.0499999999999999,0.0693800113426151,4
2014-04-22,-0.0001170922260968,0,0.0693800113426151,4
2014-04-23,0.0002496829104994,0,0.0693800113426151,4
2014-04-24,-0.0003196435170334,0,0.0693800113426151,4
2014-04-25,-6.54009302741819e-05,0,0.0693800113426151,4
2014-04-28,0.0002431730194512,0,0.0693800113426151,4
2014-04-29,0.0003787146146744,0,0.0693800113426151,4
2014-04-30,-0.0004260155204533,0,0.0693800113426151,4
2014-05-01,0.0011269540396313,0,0.0693800113426151,4
2014-05-02,0.0003594802013854,0,0.0693800113426151,4
2014-05-05,0.0001425578025584,0,0.0693800113426151,4
2014-05-06,-0.0004831678957133,0,0.0693800113426151,4
2014-05-07,-0.0012331090591728,0,0.0693800113426151,4
2014-05-08,-0.0002789783917753,0,0.0693800113426151,4
2014-05-09,0.0008663161473811,0,0.0693800113426151,4
2014-05-12,0.0003961131912054,0,0.0693800113426151,4
2014-05-13,0.0006607244160871,0,0.0693800113426151,4
2014-05-14,-0.0001987305415393,0,0.0693800113426151,4
2014-05-15,-0.0009010719878197,0,0.0693800113426151,4
2014-05-16,-1.9970007223584e-05,0,0.0693800113426151,4
2014-05-19,0.0002481877463235,0,0.0693800113426151,4
2014-05-20,-0.0007195941531591,0,0.0693800113426151,4
2014-05-21,0.0008312251087769,0,0.0693800113426151,4
2014-05-22,0.0007960318718802,0,0.0693800113426151,4
2014-05-23,0.0005511237418314,0,0.0693800113426151,4
2014-05-27,0.0002811201566635,0,0.0693800113426151,4
2014-05-28,-0.0006820193396069,0.05,0.0440444794069413,3
2014-05-29,0.001013414356391,0,0.0440444794069413,3
2014-05-30,0.0005036732388021,0,0.0440444794069413,3
2014-06-02,0.0007683283097277,0,0.0440444794069413,3
2014-06-03,2.33576731134485e-05,0,0.0440444794069413,3
2014-06-04,0.0005410800096425,0,0.0440444794069413,3
2014-06-05,0.0002883470924006,0.0499999999999999,0.0440444794069413,2
2014-06-06,-0.0001748758979565,0,0.0440444794069413,2
2014-06-09,-0.0002117283026215,0,0.0440444794069413,2
2014-06-10,3.46530718981344e-05,0,0.0440444794069413,2
2014-06-11,0.0003106254530467,0,0.0440444794069413,2
2014-06-12,-0.0001277465915007,0,0.0440444794069413,2
2014-06-13,1.98269458948446e-05,0.05,0.0440444794069413,1
2014-06-16,-0.0001656301324438,0,0.0440444794069413,1
2014-06-17,-1.51499814130068e-05,0,0.0440444794069413,1
2014-06-18,-2.48031422906534e-05,0,0.0440444794069413,1
2014-06-19,-0.0007110009303708,0.0499999999999999,0.0940444794069413,2
2014-06-20,1.50628492634723e-05,0.1,0.194044479406941,4
2014-06-23,0.0003361894688354,0,0.194044479406941,4
2014-06-24,0.0007475325927928,0,0.194044479406941,4
2014-06-25,-0.0006967229285721,0,0.194044479406941,4
2014-06-26,0.0003712129458519,0,0.194044479406941,4
2014-06-27,6.78729257884466e-05,0,0.194044479406941,4
2014-06-30,-0.0002641860849205,0,0.194044479406941,4
2014-07-01,-0.0007955109902229,0,0.194044479406941,4
2014-07-02,7.54691129120902e-05,0.1,0.268708947471267,6
2014-07-03,9.6169161558512e-05,0,0.268708947471267,6
2014-07-07,0.0019308202291005,0.3,0.268708947471267,6
2014-07-08,0,0,0,0
2014-07-09,0,0,0,0
2014-07-10,0,0,0,0
2014-07-11,0,0,0,0
2014-07-14,0,0,0,0
2014-07-15,0,0,0,0
2014-07-16,0,0,0,0
2014-07-17,0,0,0,0
2014-07-18,0,0,0,0
2014-07-21,0,0,0,0
2014-07-22,0,0,0,0
2014-07-23,1.97523445317912e-05,0.05,0.0229137265506534,1
2014-07-24,1.8640620121323e-05,0,0.0229137265506534,1
2014-07-25,-9.79994840685879e-05,0,0.0229137265506534,1
2014-07-28,8.13809401606801e-05,0.05,0.0635728662982074,2
2014-07-29,-0.0001753132466439,0,0.0635728662982074,2
2014-07-30,0.0002285068395853,0,0.0635728662982074,2
2014-07-31,-0.0004097013068075,0.1,0.083752920075369,4
2014-08-01,-0.0002865286381606,0.1,0.0809594838100091,4
2014-08-04,0.0002358887984011,0.15,0.177268779154806,5
2014-08-05,-0.0005545862630255,0.0499999999999999,0.196997143612228,6
2014-08-06,9.44047907705123e-05,0.1,0.169610572605433,6
2014-08-07,-0.0003604142638566,0,0.169610572605433,6
2014-08-08,0.0009668482285473,0.25,0.376768613181043,11
2014-08-11,0.0002728317820459,0,0.376768613181043,11
2014-08-12,0.0001831991707945,0,0.376768613181043,11
2014-08-13,5.81608671889142e-05,0,0.376768613181043,11
2014-08-14,0.0002396773836109,0,0.376768613181043,11
2014-08-15,-0.0009600164017059,0,0.376768613181043,11
2014-08-18,0.0013290447250799,0,0.376768613181043,11
2014-08-19,0.0002938126074974,0,0.376768613181043,11
2014-08-20,0.0007912972070928,0,0.376768613181043,11
2014-08-21,0.0001681537754997,0.0499999999999999,0.32811399827562,10
2014-08-22,-0.0005860254722068,0,0.32811399827562,10
2014-08-25,0.0004781158511958,0,0.32811399827562,10
2014-08-26,0.0001373555261523,0.15,0.211226148871166,7
2014-08-27,-0.0002030231460066,0.05,0.190067526998415,6
2014-08-28,-0.0005049063578001,0,0.190067526998415,6
2014-08-29,3.72881247259909e-05,0,0.190067526998415,6
2014-09-02,0.0009899488628596,0,0.190067526998415,6
2014-09-03,0.0002741398723018,0,0.190067526998415,6
2014-09-04,0.0003199300442697,0,0.190067526998415,6
2014-09-05,7.61802122187281e-05,0.05,0.149408387250861,5
2014-09-08,-0.0004384022908532,0.05,0.109099199558387,4
2014-09-09,-1.2112924396728e-05,0.1,0.0486322027811654,2
2014-09-10,0.0001508235391858,0,0.0486322027811654,2
2014-09-11,-0.000162512761137,0,0.0486322027811654,2
2014-09-12,8.42800495695689e-05,0,0.0486322027811654,2
2014-09-15,0.0001393230710351,0,0.0486322027811654,2
2014-09-16,0.0001416384057019,0,0.0486322027811654,2
2014-09-17,-6.60527318856737e-05,0,0.0486322027811654,2
2014-09-18,0.0001780969370449,0,0.0486322027811654,2
2014-09-19,-0.0001007068085885,0,0.0486322027811654,2
2014-09-22,-0.0001766350272798,0,0.0486322027811654,2
2014-09-23,-0.0005422455484479,0.0499999999999999,0.0486322027811654,3
2014-09-24,0.0004532232287158,0.1,0.12968002279344,5
2014-09-25,-0.0014949039967318,0,0.12968002279344,5
2014-09-26,0.0009803181561766,0.1,0.2264475819126,7
2014-09-29,-0.0008237397516568,0,0.2264475819126,7
2014-09-30,-0.001076249505091,0,0.2264475819126,7
2014-10-01,-0.0014287177782692,0.15,0.2264475819126,10
2014-10-02,-0.0004960128561837,0.25,0.116864225571015,7
2014-10-03,-0.0010489551644778,0,0.116864225571015,7
2014-10-06,0.0035376946361457,0,0.116864225571015,7
2014-10-07,-0.0025151714372337,0,0.116864225571015,7
2014-10-08,0.0029603592585652,0.0999999999999999,0.116606105190388,7
2014-10-09,-0.0022521498903103,0.1,0.116537403040987,7
2014-10-10,-0.000721053980454,0.0499999999999999,0.165458121044571,8
2014-10-13,-0.0004928013841374,0.1,0.0679521389599467,6
2014-10-14,-2.8831695862544e-05,0.0499999999999999,0.0190314209563627,5
2014-10-15,-0.0006662618005153,0,0.0190314209563627,5
2014-10-16,-0.0002445454253118,0,0.0190314209563627,5
2014-10-17,0.0005641287106792,0,0.0190314209563627,5
2014-10-20,0.0015247134417382,0,0.0190314209563627,5
2014-10-21,0.0020909115037776,0,0.0190314209563627,5
2014-10-22,-0.003447912751576,0,0.0190314209563627,5
2014-10-23,0.0014461196982034,0,0.0190314209563627,5
2014-10-24,0.0007082681805378,0,0.0190314209563627,5
2014-10-27,-0.0005983301820694,0,0.0190314209563627,5
2014-10-28,0.0015625555599646,0,0.0190314209563627,5
2014-10-29,-0.0009221897007335,0,0.0190314209563627,5
2014-10-30,-0.0036631958422747,0,0.0190314209563627,5
2014-10-31,-0.001671206459262,0,0.0190314209563627,5
2014-11-03,-4.15127134891625e-05,0.15,0.009340860252446,4
2014-11-04,-0.0008127122002719,0,0.009340860252446,4
2014-11-05,-0.0038904208446871,0,0.009340860252446,4
2014-11-06,3.2615770720496e-06,0.15,0.009340860252446,1
2014-11-07,0.0002493767390881,0,0.009340860252446,1
2014-11-10,-0.0002200548935029,0,0.009340860252446,1
2014-11-11,2.91925449011084e-05,0,0.009340860252446,1
2014-11-12,1.32575048428743e-05,0,0.009340860252446,1
2014-11-13,-9.7841722059754e-05,0,0.009340860252446,1
2014-11-14,0.0001811877792564,0,0.009340860252446,1
2014-11-17,-0.0001817452742511,0,0.009340860252446,1
2014-11-18,-4.26833864126841e-06,0,0.009340860252446,1
2014-11-19,-8.90266248055741e-05,0,0.009340860252446,1
2014-11-20,7.39084947573885e-05,0,0.009340860252446,1
2014-11-21,6.44849332902094e-05,0,0.009340860252446,1
2014-11-24,-6.77735946031483e-07,0,0.009340860252446,1
2014-11-25,1.94651626661682e-05,0,0.009340860252446,1
2014-11-26,-6.88158683303328e-05,0,0.009340860252446,1
2014-11-28,-4.11667853542218e-05,0,0.009340860252446,1
2014-12-01,-7.38022694189592e-05,0,0.009340860252446,1
2014-12-02,-0.0002885353636913,0,0.009340860252446,1
2014-12-03,1.71335317947489e-05,0.1,0.0288413781272496,1
2014-12-04,-2.47033185710543e-06,0,0.0288413781272496,1
2014-12-05,-7.49961410310956e-05,0,0.0288413781272496,1
2014-12-08,1.44396718812852e-05,0,0.0288413781272496,1
2014-12-09,0.000146412974571,0.0499999999999999,0.0587210878419561,2
2014-12-10,0.0001737092778964,0,0.0587210878419561,2
2014-12-11,7.30387038969218e-07,0,0.0587210878419561,2
2014-12-12,0.0004393517416432,0,0.0587210878419561,2
2014-12-15,0.0002048682110783,0,0.0587210878419561,2
2014-12-16,6.28213171206466e-06,0,0.0587210878419561,2
2014-12-17,-0.0003499358920936,0,0.0587210878419561,2
2014-12-18,-0.0002900192550337,0,0.0587210878419561,2
2014-12-19,5.34106848921589e-05,0,0.0587210878419561,2
2014-12-22,-0.0001440909076956,0,0.0587210878419561,2
2014-12-23,-0.000194891182011,0,0.0587210878419561,2
2014-12-24,3.07816199260896e-05,0,0.0587210878419561,2
2014-12-26,0.0001285228574109,0,0.0587210878419561,2
2014-12-29,-0.0001663841615452,0,0.0587210878419561,2
2014-12-30,-0.0001170062421999,0,0.0587210878419561,2
2014-12-31,0.0001571128339726,0,0.0587210878419561,2
2015-01-02,-5.99550591189978e-05,0,0.0587210878419561,2
2015-01-05,0.0004414804573267,0.1,0.0587210878419561,2
2015-01-06,0,0,0,0
2015-01-07,0.0014243084275311,0.4,0.271526584052586,8
2015-01-08,0.0030929171544131,0,0.271526584052586,8
2015-01-09,-0.0022222801265651,0,0.271526584052586,8
2015-01-12,-0.0015926071660909,0,0.271526584052586,8
2015-01-13,-0.0003591236128705,0.0499999999999999,0.291304810500201,9
2015-01-14,-0.0023428461615667,0,0.291304810500201,9
2015-01-15,-0.0019500939607161,0.3,0.213477699256927,7
2015-01-16,0.0036237196821616,0.3,0.298853684184308,11
2015-01-20,-0.000637876645804,0,0.298853684184308,11
2015-01-21,0.0020310134186778,0,0.298853684184308,11
2015-01-22,0.0025579518079293,0,0.298853684184308,11
2015-01-23,-0.0023522041943657,0.0499999999999999,0.26968860322162,10
2015-01-26,9.17308694869488e-05,0,0.26968860322162,10
2015-01-27,-0.0028789812437179,0,0.26968860322162,10
2015-01-28,-0.0037343500007303,0.05,0.252499101461644,9
2015-01-29,0.0019067918948935,0.3,0.194018939794404,7
2015-01-30,-0.0028807715070527,0,0.194018939794404,7
2015-02-02,0.0008694635812293,0.15,0.106197207419423,4
2015-02-03,0.0017880307012093,0,0.106197207419423,4
2015-02-04,0.0002300794688904,0,0.106197207419423,4
2015-02-05,0.0004933659903815,0,0.106197207419423,4
2015-02-06,0.0015547655755338,0.05,0.0766737231268429,3
2015-02-09,0.0003091215451013,0.1,0.0757955304366755,3
2015-02-10,-0.0003025575907758,0,0.0757955304366755,3
2015-02-11,-0.0001233482538028,0.05,0.0515434231421511,2
2015-02-12,0.0002211854109793,0.05,0.079236464084385,3
2015-02-13,-0.000137975263774,0,0.079236464084385,3
2015-02-17,8.67035507045724e-05,0.05,0.0559799292147549,2
2015-02-18,0.0007270020826055,0,0.0559799292147549,2
2015-02-19,-0.000192408084276,0,0.0559799292147549,2
2015-02-20,-1.16789934756668e-05,0,0.0559799292147549,2
2015-02-23,0.000120572321555,0,0.0559799292147549,2
2015-02-24,0.0006299936905577,0,0.0559799292147549,2
2015-02-25,-0.0008087040620177,0,0.0559799292147549,2
2015-02-26,0.0002029417558968,0,0.0559799292147549,2
2015-02-27,0.000274949418025,0,0.0559799292147549,2
2015-03-02,-0.0003431925401273,0.05,0.028286888272521,1
2015-03-03,-0.0002744573809295,0,0.028286888272521,1
2015-03-04,-0.0005757979767108,0,0.028286888272521,1
2015-03-05,-0.000131262976957,0,0.028286888272521,1
2015-03-06,-6.93822469798106e-05,0,0.028286888272521,1
2015-03-09,-0.0005861975487002,0,0.028286888272521,1
2015-03-10,0.0001745786143694,0,0.028286888272521,1
2015-03-11,2.4136530382356e-05,0,0.028286888272521,1
2015-03-12,2.76033741886617e-06,0,0.028286888272521,1
2015-03-13,-0.0006452034974095,0,0.028286888272521,1
2015-03-16,0,0.05,0,0
2015-03-17,0,0,0,0
2015-03-18,0,0,0,0
2015-03-19,0,0,0,0
2015-03-20,0,0,0,0
2015-03-23,0,0,0,0
2015-03-24,0,0,0,0
2015-03-25,0,0,0,0
2015-03-26,0,0,0,0
2015-03-27,0,0,0,0
2015-03-30,0,0,0,0
2015-03-31,0,0,0,0
2015-04-01,0,0,0,0
2015-04-02,0,0,0,0
2015-04-06,-5.11294708457435e-05,0.05,0.0290253026825404,1
2015-04-07,0.0003010872361135,0,0.0290253026825404,1
2015-04-08,-7.67876005104685e-05,0,0.0290253026825404,1
2015-04-09,0.0002726636400141,0,0.0290253026825404,1
2015-04-10,8.52272366631163e-05,0,0.0290253026825404,1
2015-04-13,-0.0001361807055085,0,0.0290253026825404,1
2015-04-14,0.000280059240595,0,0.0290253026825404,1
2015-04-15,7.41919229861004e-05,0,0.0290253026825404,1
2015-04-16,-3.15334676208235e-05,0,0.0290253026825404,1
2015-04-17,0.0003605128080641,0,0.0290253026825404,1
2015-04-20,0,0.05,0,0
2015-04-21,0,0,0,0
2015-04-22,0,0,0,0
2015-04-23,0,0,0,0
2015-04-24,0,0,0,0
2015-04-27,0,0,0,0
2015-04-28,0,0,0,0
2015-04-29,0,0,0,0
2015-04-30,0,0,0,0
2015-05-01,0,0,0,0
2015-05-04,0,0,0,0
2015-05-05,0,0,0,0
2015-05-06,0,0,0,0
2015-05-07,0,0,0,0
2015-05-08,0,0,0,0
2015-05-11,0,0,0,0
2015-05-12,-1.91571450899236e-06,0.05,0.0204765157074201,1
2015-05-13,-3.10075585050205e-05,0,0.0204765157074201,1
2015-05-14,-0.0001023005312345,0,0.0204765157074201,1
2015-05-15,0.0001667419686261,0,0.0204765157074201,1
2015-05-18,-0.000248699787054,0,0.0204765157074201,1
2015-05-19,-0.0001858662551992,0,0.0204765157074201,1
2015-05-20,0.0001485020036187,0.0499999999999999,0.0413114347447317,2
2015-05-21,0.0002965266892033,0,0.0413114347447317,2
2015-05-22,3.39403564883645e-05,0,0.0413114347447317,2
2015-05-26,0.0007400231952771,0,0.0413114347447317,2
2015-05-27,-0.0002498534126851,0,0.0413114347447317,2
2015-05-28,1.73812258294985e-05,0,0.0413114347447317,2
2015-05-29,0.000297733863637,0,0.0413114347447317,2
2015-06-01,-0.0003606394887369,0,0.0413114347447317,2
2015-06-02,-0.000296876190831,0,0.0413114347447317,2
2015-06-03,-0.0006058618826122,0,0.0413114347447317,2
2015-06-04,0.0006562474117414,0.1,0.0938027925805772,4
2015-06-05,-0.0005441801346224,0,0.0938027925805772,4
2015-06-08,0.0004853653196613,0,0.0938027925805772,4
2015-06-09,-0.0003144322660779,0,0.0938027925805772,4
2015-06-10,-0.000880962426525,0,0.0938027925805772,4
2015-06-11,0.0005393362450746,0,0.0938027925805772,4
2015-06-12,0.0001685630127504,0,0.0938027925805772,4
2015-06-15,0.0003463934606914,0,0.0938027925805772,4
2015-06-16,6.00230559921085e-05,0,0.0938027925805772,4
2015-06-17,0.0001155671657451,0,0.0938027925805772,4
2015-06-18,-0.000360518805191,0,0.0938027925805772,4
2015-06-19,0.0003080580725017,0,0.0938027925805772,4
2015-06-22,-0.0014432231342844,0,0.0938027925805772,4
2015-06-23,-0.000902723326637,0.05,0.0733262768731571,3
2015-06-24,0.0003920973574335,0,0.0733262768731571,3
2015-06-25,-0.0002989706282606,0,0.0733262768731571,3
2015-06-26,-0.0001868080346896,0,0.0733262768731571,3
2015-06-29,0.0014267634482202,0,0.0733262768731571,3
2015-06-30,-0.000233176901723,0,0.0733262768731571,3
2015-07-01,8.42292056489047e-05,0,0.0733262768731571,3
2015-07-02,0.0005260096991125,0,0.0733262768731571,3
2015-07-06,0.0004323275367598,0,0.0733262768731571,3
2015-07-07,0.0001877418287411,0.15,0.0733262768731571,3
2015-07-08,0,0,0,0
2015-07-09,9.43069513725861e-05,0.1,0.0319070910900473,2
2015-07-10,0.0003135914002029,0,0.0319070910900473,2
2015-07-13,0.000615582730937,0.05,0.0585484647571958,3
2015-07-14,-3.37188897933335e-05,0,0.0585484647571958,3
2015-07-15,-0.0007028927119165,0,0.0585484647571958,3
2015-07-16,7.30904038728648e-05,0,0.0585484647571958,3
2015-07-17,0.0001278529680368,0.05,0.046724798178291,2
2015-07-20,-0.0027546696103662,0.15,0.125628660999743,5
2015-07-21,-0.0004985395849327,0.2,0.0993978116577146,5
2015-07-22,0.0003887205016736,0.05,0.0787243438333372,4
2015-07-23,-0.000479698363284,0,0.0787243438333372,4
2015-07-24,-0.0004999573766538,0.1,0.0803803246177719,4
2015-07-27,-4.25837706910561e-05,0.1,0.0640557885151167,4
2015-07-28,0.0002325303385419,0.05,0.0758794550940215,5
2015-07-29,0.0005977993275103,0.05,0.0992442342010684,6
2015-07-30,-6.28824518643062e-06,0,0.0992442342010684,6
2015-07-31,-0.0002678585783021,0,0.0992442342010684,6
2015-08-03,-0.0007797353711855,0.05,0.114180418116196,7
2015-08-04,0.000293410936748,0,0.114180418116196,7
2015-08-05,0.0007931450983134,0,0.114180418116196,7
2015-08-06,-0.0002767809583895,0,0.114180418116196,7
2015-08-07,-0.0010661190549379,0,0.114180418116196,7
2015-08-10,0.0010923752106889,0,0.114180418116196,7
2015-08-11,-0.0004956431037379,0,0.114180418116196,7
2015-08-12,-0.0002047000624769,0.05,0.0908156390091494,6
2015-08-13,-0.0004580849126809,0,0.0908156390091494,6
2015-08-14,0.0005624475213257,0,0.0908156390091494,6
2015-08-17,-0.0001755638131495,0,0.0908156390091494,6
2015-08-18,-0.0004325175286691,0,0.0908156390091494,6
2015-08-19,-0.0009563021554264,0.1,0.0909215333939477,6
2015-08-20,-0.0006392116545481,0.1,0.079097866815043,6
2015-08-21,-0.002555478540775,0.15,0.0965403873753065,7
2015-08-24,-0.0021760330385926,0.25,0.0963141535385808,6
2015-08-25,-0.0004876894947535,0.35,0.0399268264920847,3
2015-08-26,-0.0001137325176064,0.1,0,1
2015-08-27,8.73162009575958e-06,0,0,1
2015-08-28,3.75435210419492e-05,0,0,1
2015-08-31,-8.25488778775144e-06,0,0,1
2015-09-01,3.79577300847217e-05,0,0,1
2015-09-02,-2.40123876987898e-05,0,0,1
2015-09-03,-4.63482771947998e-05,0,0,1
2015-09-04,-1.57734388249542e-05,0,0,1
2015-09-08,-1.36365376750589e-05,0,0,1
2015-09-09,-9.36927816847258e-05,0,0,1
2015-09-10,3.06214422955152e-05,0,0,1
2015-09-11,2.04075656622338e-06,0,0,1
2015-09-14,-6.63005294753181e-06,0,0,1
2015-09-15,-8.10669534695058e-05,0,0,1
2015-09-16,0.0002665484978267,0.0499999999999999,0.0287994104585985,2
2015-09-17,0.000162121928331,0,0.0287994104585985,2
2015-09-18,7.66776072076932e-05,0,0.0287994104585985,2
2015-09-21,-1.80871309760325e-05,0,0.0287994104585985,2
2015-09-22,0.0001472124674916,0,0.0287994104585985,2
2015-09-23,-8.11798296364256e-05,0,0.0287994104585985,2
2015-09-24,0.0002196836700274,0,0.0287994104585985,2
2015-09-25,4.89867758798164e-05,0,0.0287994104585985,2
2015-09-28,9.94409117901126e-05,0,0.0287994104585985,2
2015-09-29,0.0001199119184276,0,0.0287994104585985,2
2015-09-30,-0.0004196393339826,0,0.0287994104585985,2
2015-10-01,-0.0002621433847351,0,0.0287994104585985,2
2015-10-02,6.83492537504178e-05,0,0.0287994104585985,2
2015-10-05,-7.28991164812249e-05,0.05,0.0287994104585985,1
2015-10-06,-0.0001003121867114,0,0.0287994104585985,1
2015-10-07,4.32082500052025e-05,0,0.0287994104585985,1
2015-10-08,0.0002062172113797,0,0.0287994104585985,1
2015-10-09,-0.0001624126728621,0,0.0287994104585985,1
2015-10-12,-0.0002448368917649,0.0499999999999999,0.0586409193221946,2
2015-10-13,-0.0001141350325773,0,0.0586409193221946,2
2015-10-14,-0.000165539909825,0,0.0586409193221946,2
2015-10-15,-0.0003908106328792,0,0.0586409193221946,2
2015-10-16,-2.23913515787245e-05,0.0499999999999999,0.0298415088635961,1
2015-10-19,3.13134971569402e-05,0,0.0298415088635961,1
2015-10-20,0.000158123951527,0,0.0298415088635961,1
2015-10-21,-6.49592314194692e-05,0,0.0298415088635961,1
2015-10-22,-0.0005515732391172,0,0.0298415088635961,1
2015-10-23,0,0.0499999999999999,0,0
2015-10-26,0,0,0,0
2015-10-27,0,0,0,0
2015-10-28,0,0,0,0
2015-10-29,0,0,0,0
2015-10-30,0,0,0,0
2015-11-02,0,0,0,0
2015-11-03,0,0,0,0
2015-11-04,0,0,0,0
2015-11-05,-2.00991941095076e-05,0.05,0,1
2015-11-06,-0.0001352818514676,0,0,1
2015-11-09,8.34086722598886e-06,0,0,1
2015-11-10,7.00535324300119e-06,0,0,1
2015-11-11,-3.2022950433984e-05,0,0,1
2015-11-12,1.67196265365516e-05,0,0,1
2015-11-13,1.80515054614469e-05,0,0,1
2015-11-16,9.34864954406541e-06,0,0,1
2015-11-17,-0.0001007329937028,0,0,1
2015-11-18,-9.75356713173994e-06,0,0,1
2015-11-19,6.09188168349049e-05,0,0,1
2015-11-20,-2.92922133417746e-05,0,0,1
2015-11-23,-5.71266420618812e-05,0,0,1
2015-11-24,0,0.05,0,0
2015-11-25,0,0,0,0
2015-11-27,0,0,0,0
2015-11-30,0,0,0,0
2015-12-01,0,0,0,0
2015-12-02,0,0,0,0
2015-12-03,0,0,0,0
2015-12-04,0,0,0,0
2015-12-07,0,0,0,0
2015-12-08,0,0,0,0
2015-12-09,0,0,0,0
2015-12-10,0,0,0,0
2015-12-11,0,0,0,0
2015-12-14,0,0,0,0
2015-12-15,0,0,0,0
2015-12-16,0,0,0,0
2015-12-17,0,0,0,0
2015-12-18,0,0,0,0
2015-12-21,0,0,0,0
2015-12-22,0,0,0,0
2015-12-23,0,0,0,0
2015-12-24,0,0,0,0
2015-12-28,0,0,0,0
2015-12-29,0,0,0,0
2015-12-30,0,0,0,0
2015-12-31,0,0,0,0
2016-01-04,0,0,0,0
2016-01-05,0,0,0,0
2016-01-06,0,0,0,0
2016-01-07,-0.0012916000464885,0.05,0,1
2016-01-08,-0.0001382954970366,0.1,0.0209213394349146,1
2016-01-11,0.0004266948819241,0.05,0.0503532960700391,2
2016-01-12,0.0003648699683325,0.05,0.0503532960700391,3
2016-01-13,-0.0001850307124718,0,0.0503532960700391,3
2016-01-14,0.0018389728269698,0.15,0.0503532960700391,6
2016-01-15,-0.0034046163439407,0,0.0503532960700391,6
2016-01-19,0.0006938647083404,0.2,0.0921920957853445,8
2016-01-20,-0.0025056547587446,0,0.0921920957853445,8
2016-01-21,0.0004763551947338,0.1,0.116634440347105,8
2016-01-22,0.0043782186461462,0.0499999999999999,0.144218798567639,9
2016-01-25,-0.0023206493438012,0.05,0.166556502238113,10
2016-01-26,0.0026178113743151,0,0.166556502238113,10
2016-01-27,-0.0028713376059159,0,0.166556502238113,10
2016-01-28,0.0003375002033517,0,0.166556502238113,10
2016-01-29,0.0034017594600997,0,0.166556502238113,10
2016-02-01,0.0004345546395892,0.0499999999999999,0.214496855744014,11
2016-02-02,-0.0045314220195919,0,0.214496855744014,11
2016-02-03,0.0013862223305955,0.05,0.264496855744014,12
2016-02-04,0.000767011718221,0,0.264496855744014,12
2016-02-05,-0.0044060955551568,0.0499999999999999,0.273691891555926,13
2016-02-08,-0.0051014583753478,0,0.273691891555926,13
2016-02-09,8.71580829051579e-05,0.1,0.260239334775202,13
2016-02-10,-0.0004318346081871,0.1,0.260239334775202,11
2016-02-11,-0.0028176757524943,0,0.260239334775202,11
2016-02-12,0.0020626584385651,0.2,0.157900490405155,7
2016-02-16,0.0010656818252801,0,0.157900490405155,7
2016-02-17,0.0017313128931504,0,0.157900490405155,7
2016-02-18,-7.69946810695294e-05,0,0.157900490405155,7
2016-02-19,-0.000187682884085,0,0.157900490405155,7
2016-02-22,-0.0001555602009439,0,0.157900490405155,7
2016-02-23,-0.0013772369181736,0.05,0.107900490405154,6
2016-02-24,-0.0018327918168614,0.05,0.129763378800854,7
2016-02-25,0.0014248877539689,0,0.129763378800854,7
2016-02-26,3.50372576597188e-05,0,0.129763378800854,7
2016-02-29,-0.0015260389501648,0,0.129763378800854,7
2016-03-01,0.0035252091542338,0,0.129763378800854,7
2016-03-02,-0.0005125542310127,0,0.129763378800854,7
2016-03-03,0.0001338131253548,0,0.129763378800854,7
2016-03-04,-0.0004344449557615,0,0.129763378800854,7
2016-03-07,0.0001370239325498,0,0.129763378800854,7
2016-03-08,-0.0008058193457007,0.05,0.10742567513038,6
2016-03-09,-0.0001247457674032,0,0.10742567513038,6
2016-03-10,-0.0006153636991616,0,0.10742567513038,6
2016-03-11,0.0032978493080965,0,0.10742567513038,6
2016-03-14,0.0007970305852547,0.0499999999999999,0.0952851713589882,5
2016-03-15,-0.0003902239442023,0,0.0952851713589882,5
2016-03-16,0.0006924565792165,0.05,0.0952851713589882,4
2016-03-17,-0.0011064400670376,0,0.0952851713589882,4
2016-03-18,-0.0004497426596038,0.05,0.11625903848665,5
2016-03-21,8.28982970635128e-05,0,0.11625903848665,5
2016-03-22,0.0003227697366928,0,0.11625903848665,5
2016-03-23,0.0004515837055825,0.0499999999999999,0.152328649621418,6
2016-03-24,-0.0009768957554935,0,0.152328649621418,6
2016-03-28,-0.000289685295862,0,0.152328649621418,6
2016-03-29,8.56746008226334e-05,0,0.152328649621418,6
2016-03-30,0.0010008847965447,0,0.152328649621418,6
2016-03-31,-0.0004049626334352,0.1,0.0881014024700415,4
2016-04-01,-0.0008448097557778,0,0.0881014024700415,4
2016-04-04,0.0005571771050787,0,0.0881014024700415,4
2016-04-05,-0.0013018178732773,0,0.0881014024700415,4
2016-04-06,0.0009046211577011,0,0.0881014024700415,4
2016-04-07,-0.0008526236428223,0.0499999999999999,0.0520317913352736,3
2016-04-08,0.0007763125841059,0,0.0520317913352736,3
2016-04-11,0.0001597241839002,0,0.0520317913352736,3
2016-04-12,0.0004666069601791,0,0.0520317913352736,3
2016-04-13,0.0001288666036009,0,0.0520317913352736,3
2016-04-14,0.0004146870827738,0,0.0520317913352736,3
2016-04-15,-0.0003674165088785,0,0.0520317913352736,3
2016-04-18,0.0010382508502866,0,0.0520317913352736,3
2016-04-19,0.001100881064099,0,0.0520317913352736,3
2016-04-20,8.76042341273165e-05,0.05,0.0301689029395739,2
2016-04-21,0.0004185409301248,0,0.0301689029395739,2
2016-04-22,-0.0001913111951996,0.05,0.0091950358119121,1
2016-04-25,-7.53326436702138e-05,0,0.0091950358119121,1
2016-04-26,-0.0002583003326418,0,0.0091950358119121,1
2016-04-27,2.84250329367258e-06,0,0.0091950358119121,1
2016-04-28,-0.0003075249363056,0,0.0091950358119121,1
2016-04-29,-0.0003010750742675,0,0.0091950358119121,1
2016-05-02,0.0005458355256658,0.05,0.0301689029395739,2
2016-05-03,-0.000124035692221,0,0.0301689029395739,2
2016-05-04,-0.0006314535849464,0,0.0301689029395739,2
2016-05-05,0.000152450319647,0,0.0301689029395739,2
2016-05-06,-0.0002152912702333,0,0.0301689029395739,2
2016-05-09,0.0002786680323439,0,0.0301689029395739,2
2016-05-10,8.27257098583473e-05,0,0.0301689029395739,2
2016-05-11,-0.0005253034382229,0,0.0301689029395739,2
2016-05-12,-0.0004536419851789,0,0.0301689029395739,2
2016-05-13,1.11786499960295e-05,0,0.0301689029395739,2
2016-05-16,0.0001701242805708,0,0.0301689029395739,2
2016-05-17,-0.0004088383501525,0,0.0301689029395739,2
2016-05-18,0.0004109936770867,0.05,0.0464557965850494,3
2016-05-19,-0.0008189331081929,0,0.0464557965850494,3
2016-05-20,0.0004294825551534,0,0.0464557965850494,3
2016-05-23,-0.0001434554749432,0,0.0464557965850494,3
2016-05-24,0.0013407501220552,0,0.0464557965850494,3
2016-05-25,0.0004963722605108,0,0.0464557965850494,3
2016-05-26,0.0007152676072278,0,0.0464557965850494,3
2016-05-27,-1.59580064237712e-05,0,0.0464557965850494,3
2016-05-31,-7.94896968313557e-05,0,0.0464557965850494,3
2016-06-01,2.88357069700773e-05,0,0.0464557965850494,3
2016-06-02,-0.0001415224628703,0,0.0464557965850494,3
2016-06-03,0.0002747627332744,0,0.0464557965850494,3
2016-06-06,-0.0003931057117315,0,0.0464557965850494,3
2016-06-07,4.06807605655875e-05,0,0.0464557965850494,3
2016-06-08,-0.0003721260638001,0.05,0.0254819294573876,2
2016-06-09,-0.0010485095304983,0,0.0254819294573876,2
2016-06-10,-0.0017045109628166,0,0.0254819294573876,2
2016-06-13,-0.0010523460332954,0,0.0254819294573876,2
2016-06-14,-0.0006792536211326,0,0.0254819294573876,2
2016-06-15,3.2526790372661e-05,0.05,0.0091950358119121,1
2016-06-16,0.0001495850238443,0,0.0091950358119121,1
2016-06-17,0.0002468009000721,0,0.0091950358119121,1
2016-06-20,0.0007575525998486,0,0.0091950358119121,1
2016-06-21,0.0002767699913696,0,0.0091950358119121,1
2016-06-22,0.0002007933752375,0,0.0091950358119121,1
2016-06-23,0.0009645878913847,0,0.0091950358119121,1
2016-06-24,-0.0016589127663773,0.05,0.0373321474162124,2
2016-06-27,-0.0006561859753474,0.0999999999999999,0.0402776153756924,2
2016-06-28,0.0002566010218026,0,0.0402776153756924,2
2016-06-29,0.0004742944511015,0.05,0.012140503771392,1
2016-06-30,0.0003990344089748,0,0.012140503771392,1
2016-07-01,-9.22401686686161e-05,0,0.012140503771392,1
2016-07-05,-0.0004578623564175,0,0.012140503771392,1
2016-07-06,-4.03473979053919e-05,0.0499999999999999,0.012140503771392,1
2016-07-07,0,0,0,0
2016-07-08,0.0002869139638044,0.2,0.126117628065078,4
2016-07-11,0.000639784443587,0,0.126117628065078,4
2016-07-12,0.0001330542617556,0,0.126117628065078,4
2016-07-13,9.71135212522069e-05,0,0.126117628065078,4
2016-07-14,0.0001710160879971,0,0.126117628065078,4
2016-07-15,0.0001675621557694,0,0.126117628065078,4
2016-07-18,-4.48309868380135e-05,0,0.126117628065078,4
2016-07-19,-0.0001133488772076,0,0.126117628065078,4
2016-07-20,0.0001618851546845,0,0.126117628065078,4
2016-07-21,5.79518922649194e-05,0,0.126117628065078,4
2016-07-22,0.0001695713144663,0,0.126117628065078,4
2016-07-25,0.0002712443091484,0.0499999999999999,0.0849550251444732,3
2016-07-26,-8.20830886246499e-05,0,0.0849550251444732,3
2016-07-27,8.84338454244763e-05,0,0.0849550251444732,3
2016-07-28,9.51344437979418e-05,0.0499999999999999,0.0586835940410808,2
2016-07-29,0.0003436836464626,0,0.0586835940410808,2
2016-08-01,0.0001014306693112,0.0499999999999999,0.0413803139095139,1
2016-08-02,6.51538938420991e-05,0,0.0413803139095139,1
2016-08-03,-9.58403034542251e-05,0,0.0413803139095139,1
2016-08-04,-8.23798756262129e-05,0,0.0413803139095139,1
2016-08-05,1.58061623865003e-05,0,0.0413803139095139,1
2016-08-08,-0.0001521080173168,0.0499999999999999,0.0534666934160167,2
2016-08-09,-0.0002191441638223,0,0.0534666934160167,2
2016-08-10,-0.0002597232360748,0.0499999999999999,0.0946292963366213,3
2016-08-11,0.0004515503963774,0,0.0946292963366213,3
2016-08-12,-0.0001337348699789,0,0.0946292963366213,3
2016-08-15,-0.0004168934351988,0.1,0.156724128144421,5
2016-08-16,-0.0004532752705801,0,0.156724128144421,5
2016-08-17,0.0005812820346715,0.05,0.115343814234907,4
2016-08-18,0.0004081553470621,0,0.115343814234907,4
2016-08-19,-1.45031813810919e-05,0,0.115343814234907,4
2016-08-22,0.0002102518707579,0,0.115343814234907,4
2016-08-23,0.0001298429587563,0,0.115343814234907,4
2016-08-24,0.0007516561449571,0,0.115343814234907,4
2016-08-25,0.0002872671942734,0.0999999999999999,0.203644373511826,6
2016-08-26,-0.0003653513661907,0,0.203644373511826,6
2016-08-29,-0.0001113125664455,0,0.203644373511826,6
2016-08-30,-5.31873527006452e-05,0,0.203644373511826,6
2016-08-31,-3.86197238751457e-05,0,0.203644373511826,6
2016-09-01,-0.0007248231677434,0,0.203644373511826,6
2016-09-02,0.0001372501134357,0,0.203644373511826,6
2016-09-06,-0.0005032661023532,0,0.203644373511826,6
2016-09-07,-0.0001464509818568,0,0.203644373511826,6
2016-09-08,0.0008752744429541,0,0.203644373511826,6
2016-09-09,-1.82678743179663e-05,0,0.203644373511826,6
2016-09-12,0.0004415556779654,0.0499999999999999,0.231670422351078,7
2016-09-13,0.0007483823055065,0,0.231670422351078,7
2016-09-14,0.0005707505472036,0,0.231670422351078,7
2016-09-15,0.0002073844257441,0,0.231670422351078,7
2016-09-16,0.0011373134066476,0,0.231670422351078,7
2016-09-19,0.0008239845090736,0.0499999999999999,0.248973702482645,8
2016-09-20,-0.0004278655830061,0,0.248973702482645,8
2016-09-21,-0.0010769037905714,0,0.248973702482645,8
2016-09-22,-0.0005950019686103,0.05,0.280566092805258,9
2016-09-23,0.0008917996715799,0.0499999999999999,0.268479713298755,8
2016-09-26,0.00040344162449,0,0.268479713298755,8
2016-09-27,-0.0011947167299762,0.05,0.314920408048648,9
2016-09-28,0.0003694098571226,0,0.314920408048648,9
2016-09-29,-0.0004917593777961,0,0.314920408048648,9
2016-09-30,0.0004542115722583,0.15,0.356405528366615,10
2016-10-03,-0.0003879276519504,0,0.356405528366615,10
2016-10-04,0.0007419724634501,0,0.356405528366615,10
2016-10-05,-0.0004224658741667,0,0.356405528366615,10
2016-10-06,0.0001670980405572,0.05,0.38753843523763,11
2016-10-07,-0.0008316523443183,0,0.38753843523763,11
2016-10-10,0.0001656799959522,0.0499999999999999,0.352883647255503,10
2016-10-11,0.0001736453814466,0,0.352883647255503,10
2016-10-12,0.000112523014938,0.05,0.32129125693289,9
2016-10-13,0.0002591188960564,0.0499999999999999,0.293265208093638,8
2016-10-14,-0.0001784426687332,0,0.293265208093638,8
2016-10-17,-0.0001126180898137,0,0.293265208093638,8
2016-10-18,8.81285238300709e-05,0,0.293265208093638,8
2016-10-19,-1.59163766803672e-05,0,0.293265208093638,8
2016-10-20,-7.40078277336039e-06,0,0.293265208093638,8
2016-10-21,-0.0002276920139786,0,0.293265208093638,8
2016-10-24,-0.0001980067624243,0,0.293265208093638,8
2016-10-25,-0.0001921011288176,0,0.293265208093638,8
2016-10-26,-7.74900798072277e-05,0,0.293265208093638,8
2016-10-27,-7.59452348111647e-05,0,0.293265208093638,8
2016-10-28,0.0003393952461861,0,0.293265208093638,8
2016-10-31,0.0001276206801604,0.05,0.32714783682089,9
2016-11-01,0.0002459632549107,0,0.32714783682089,9
2016-11-02,-0.0002412276978861,0,0.32714783682089,9
2016-11-03,-5.45495593062527e-05,0,0.32714783682089,9
2016-11-04,2.44114104656109e-05,0.0499999999999999,0.285932544200038,8
2016-11-07,-0.000370455201091,0,0.285932544200038,8
2016-11-08,0.0003286275214374,0,0.285932544200038,8
2016-11-09,0.0013945430525516,0,0.285932544200038,8
2016-11-10,-0.0004600361009881,0.1,0.247996685659681,8
2016-11-11,-0.0003954548669006,0.05,0.266404295337068,9
2016-11-14,0.0002314408021036,0.05,0.247996685659681,8
2016-11-15,-0.0003148236821173,0.05,0.217829096643674,7
2016-11-16,8.24068118189251e-05,0,0.217829096643674,7
2016-11-17,-0.0007561529411758,0,0.217829096643674,7
2016-11-18,0.0003324300298076,0.0499999999999999,0.229416301981336,8
2016-11-21,-0.0002758290572819,0.0499999999999999,0.181423366724891,7
2016-11-22,0.000185853184237,0,0.181423366724891,7
2016-11-23,0.0002136823732922,0,0.181423366724891,7
2016-11-25,0.0003108149508601,0,0.181423366724891,7
2016-11-28,-0.0004264176438424,0.05,0.150290459853876,6
2016-11-29,0.0002853344719036,0,0.150290459853876,6
2016-11-30,-0.0001874446919873,0,0.150290459853876,6
2016-12-01,-2.3667581362282e-05,0,0.150290459853876,6
2016-12-02,0.0001283088998138,0,0.150290459853876,6
2016-12-05,0.0001853801685503,0,0.150290459853876,6
2016-12-06,-5.74970638566676e-05,0,0.150290459853876,6
2016-12-07,3.22013786241256e-05,0,0.150290459853876,6
2016-12-08,-0.0009820998732801,0,0.150290459853876,6
2016-12-09,-0.0002313517266749,0.0499999999999999,0.138703254516215,5
2016-12-12,0.0001095590962144,0.0499999999999999,0.160677205676963,6
2016-12-13,-0.0005386673342573,0,0.160677205676963,6
2016-12-14,0.000474704815848,0.0499999999999999,0.143373925545396,5
2016-12-15,-0.0001122010302051,0.1,0.0989402955390584,5
2016-12-16,-0.0004130129866331,0.0999999999999999,0.114879964871808,5
2016-12-19,-0.0001373780734651,0,0.114879964871808,5
2016-12-20,-0.0004410215250861,0,0.114879964871808,5
2016-12-21,0.0004869913590698,0.05,0.0829527220800152,4
2016-12-22,-0.000318783072902,0,0.0829527220800152,4
2016-12-23,2.90205592852637e-05,0,0.0829527220800152,4
2016-12-27,0.0001424237783038,0,0.0829527220800152,4
2016-12-28,0.0009425083379797,0,0.0829527220800152,4
2016-12-29,0.0004307597164714,0,0.0829527220800152,4
2016-12-30,0.0001202748419303,0.0499999999999999,0.106681290976623,5
2017-01-03,0.0004244789347981,0,0.106681290976623,5
2017-01-04,-0.0003189419717742,0.25,0.106681290976623,5
2017-01-05,0,0,0,0
2017-01-06,0,0,0,0
2017-01-09,0,0,0,0
2017-01-10,0,0,0,0
2017-01-11,0,0,0,0
2017-01-12,0,0,0,0
2017-01-13,0,0,0,0
2017-01-17,0,0,0,0
2017-01-18,0,0,0,0
2017-01-19,0,0,0,0
2017-01-20,0,0,0,0
2017-01-23,0,0,0,0
2017-01-24,0,0,0,0
2017-01-25,0,0,0,0
2017-01-26,0,0,0,0
2017-01-27,0,0,0,0
2017-01-30,0,0,0,0
2017-01-31,0,0,0,0
2017-02-01,0,0,0,0
2017-02-02,0,0,0,0
2017-02-03,0,0,0,0
2017-02-06,0,0,0,0
2017-02-07,0,0,0,0
2017-02-08,0,0,0,0
2017-02-09,0,0,0,0
2017-02-10,0,0,0,0
2017-02-13,-7.11868591953175e-05,0.05,0.0424846756623426,1
2017-02-14,-0.0001719558768588,0,0.0424846756623426,1
2017-02-15,-0.0005394062689312,0.05,0.085482483995404,2
2017-02-16,0.0004195917846684,0.1,0.132826166194502,4
2017-02-17,-0.0003613450447209,0,0.132826166194502,4
2017-02-21,-0.0004485737688172,0,0.132826166194502,4
2017-02-22,-0.0001864279609386,0,0.132826166194502,4
2017-02-23,3.52048760639478e-05,0.05,0.0903414905321592,3
2017-02-24,-0.000198867155994,0,0.0903414905321592,3
2017-02-27,-0.0009575269883313,0.0499999999999999,0.130767090611077,4
2017-02-28,0.0004322754905329,0,0.130767090611077,4
2017-03-01,-0.0009644795017914,0,0.130767090611077,4
2017-03-02,-0.0005426723110679,0,0.130767090611077,4
2017-03-03,-9.06823352808085e-05,0.05,0.0877692822780155,3
2017-03-06,0.0002278003782415,0.0499999999999999,0.121209698505661,4
2017-03-07,0.0007236331060091,0,0.121209698505661,4
2017-03-08,-0.0007748775871994,0,0.121209698505661,4
2017-03-09,-0.0008216125926008,0,0.121209698505661,4
2017-03-10,-4.49635180539266e-05,0.0499999999999999,0.100641308437518,3
2017-03-13,9.82952701937903e-05,0.05,0.139205476860257,4
2017-03-14,0.0005112195019818,0,0.139205476860257,4
2017-03-15,-0.0003421119023896,0.05,0.170428927017813,5
2017-03-16,0.0016212799260492,0.0499999999999999,0.213905289492954,6
2017-03-17,0.0016803194571124,0,0.213905289492954,6
2017-03-20,-0.0001393742275495,0,0.213905289492954,6
2017-03-21,0.0038508958622199,0,0.213905289492954,6
2017-03-22,-0.0006134609543864,0,0.213905289492954,6
2017-03-23,0.0005107226822788,0,0.213905289492954,6
2017-03-24,-0.0008355401214775,0,0.213905289492954,6
2017-03-27,-0.001050518400031,0,0.213905289492954,6
2017-03-28,0.0001731427412434,0,0.213905289492954,6
2017-03-29,-0.0010340701213009,0,0.213905289492954,6
2017-03-30,0.0001084631470232,0,0.213905289492954,6
2017-03-31,0.0003622333061884,0,0.213905289492954,6
2017-04-03,0.0011836853999647,0,0.213905289492954,6
2017-04-04,4.19462878742603e-05,0,0.213905289492954,6
2017-04-05,0.0018222930231605,0,0.213905289492954,6
2017-04-06,-0.0003326136546074,0,0.213905289492954,6
2017-04-07,-0.0009561034406078,0.05,0.234305542336852,7
2017-04-10,0.000481078771646,0,0.234305542336852,7
2017-04-11,0.0012549070354453,0,0.234305542336852,7
2017-04-12,-4.66104946708661e-05,0,0.234305542336852,7
2017-04-13,-0.0007729198984975,0,0.234305542336852,7
2017-04-17,-0.000167391235534,0,0.234305542336852,7
2017-04-18,0.0015361290795385,0,0.234305542336852,7
2017-04-19,-0.001133541466798,0,0.234305542336852,7
2017-04-20,-0.0009775924506585,0,0.234305542336852,7
2017-04-21,0.0014879195108009,0,0.234305542336852,7
2017-04-24,-0.0025063592891922,0,0.234305542336852,7
2017-04-25,-0.0022337489707354,0,0.234305542336852,7
2017-04-26,-0.0007057506345106,0,0.234305542336852,7
2017-04-27,-0.0007548742889688,0,0.234305542336852,7
2017-04-28,-0.0007021217913184,0,0.234305542336852,7
2017-05-01,-0.0012092441640063,0.05,0.203082092179296,6
2017-05-02,0.0003896463431397,0.05,0.176306800048341,5
2017-05-03,0.000653588228667,0,0.176306800048341,5
2017-05-04,-0.0013388388252537,0,0.176306800048341,5
2017-05-05,0.0012304263395426,0.0499999999999999,0.135881199969423,4
2017-05-08,0.0022802281362521,0,0.135881199969423,4
2017-05-09,-0.0016228671592993,0,0.135881199969423,4
2017-05-10,0.0003390109858384,0,0.135881199969423,4
2017-05-11,6.6993503695363e-05,0,0.135881199969423,4
2017-05-12,-0.0004044400320031,0,0.135881199969423,4
2017-05-15,-0.0004141589716254,0,0.135881199969423,4
2017-05-16,-0.0005146227058375,0,0.135881199969423,4
2017-05-17,0.0033117174574203,0,0.135881199969423,4
2017-05-18,-0.0015708536120186,0,0.135881199969423,4
2017-05-19,0.0010088676791317,0,0.135881199969423,4
2017-05-22,-0.0003757319488238,0,0.135881199969423,4
2017-05-23,7.15794834395386e-05,0,0.135881199969423,4
2017-05-24,-3.64979703209377e-05,0,0.135881199969423,4
2017-05-25,0.0001745904691706,0,0.135881199969423,4
2017-05-26,0.0009401540413343,0,0.135881199969423,4
2017-05-30,0.0015396117666755,0,0.135881199969423,4
2017-05-31,-0.0004107337226362,0.0499999999999999,0.102440783741778,3
2017-06-01,-0.0012037683236782,0,0.102440783741778,3
2017-06-02,-0.0007458064517784,0,0.102440783741778,3
2017-06-05,0.0002901962254359,0,0.102440783741778,3
2017-06-06,0.0004333616305431,0,0.102440783741778,3
2017-06-07,-8.81367430111896e-05,0,0.102440783741778,3
2017-06-08,-0.0007023934444086,0,0.102440783741778,3
2017-06-09,0.0004134490618037,0,0.102440783741778,3
2017-06-12,0.0004650001440072,0,0.102440783741778,3
2017-06-13,-0.0003294710758161,0,0.102440783741778,3
2017-06-14,-0.0003643775694681,0,0.102440783741778,3
2017-06-15,0.0004675547367639,0,0.102440783741778,3
2017-06-16,0.0003886280359358,0,0.102440783741778,3
2017-06-19,-0.0022616393400651,0,0.102440783741778,3
2017-06-20,-0.0009015889584139,0,0.102440783741778,3
2017-06-21,-0.0048398360236422,0.05,0.133686534471556,4
2017-06-22,-0.0036958891272547,0.25,0.334564099759715,9
2017-06-23,-0.0005561576554702,0.05,0.372038381218477,10
2017-06-26,0.0013764618481301,0,0.372038381218477,10
2017-06-27,0.0092624433269131,0,0.372038381218477,10
2017-06-28,-0.0063774137891831,0,0.372038381218477,10
2017-06-29,0.004435658266063,0,0.372038381218477,10
2017-06-30,0.0026474042601075,0,0.372038381218477,10
2017-07-03,-0.000780944226812,0.05,0.351638128374579,9
2017-07-05,-0.005216420958555,0,0.351638128374579,9
2017-07-06,0.0045219780392962,0.45,0.351638128374579,9
2017-07-07,0,0,0,0
2017-07-10,-0.0001654685667934,0.0499999999999999,0.0206535365671475,1
2017-07-11,-5.7815663928095e-05,0,0.0206535365671475,1
2017-07-12,-3.53637295537727e-05,0.0499999999999999,0.0486562650509433,2
2017-07-13,-0.0004932361933708,0.1,0.100259635421923,4
2017-07-14,-7.57593304029928e-05,0.05,0.131789666898987,5
2017-07-17,0.0008318906223589,0,0.131789666898987,5
2017-07-18,6.34169203437088e-05,0,0.131789666898987,5
2017-07-19,-0.0010948369496087,0,0.131789666898987,5
2017-07-20,-0.0003372457128795,0.15,0.260392732170344,8
2017-07-21,0.0002506836515521,0.0499999999999999,0.291111573365757,9
2017-07-24,-0.0010279171801159,0,0.291111573365757,9
2017-07-25,0.0004230344014543,0,0.291111573365757,9
2017-07-26,-0.0010984889144033,0,0.291111573365757,9
2017-07-27,0.0023764569761585,0,0.291111573365757,9
2017-07-28,-0.0014955403661442,0.0999999999999999,0.312508508094401,9
2017-07-31,0.0008934752746394,0,0.312508508094401,9
2017-08-01,-8.85521495052545e-05,0.05,0.362508508094401,10
2017-08-02,0.0010938789827011,0,0.362508508094401,10
2017-08-03,0.0010110749521539,0.0499999999999999,0.383479912082412,11
2017-08-04,-0.0016027618235019,0,0.383479912082412,11
2017-08-07,-0.0006484544954152,0,0.383479912082412,11
2017-08-08,0.0008666826466464,0,0.383479912082412,11
2017-08-09,0.0023811251130774,0,0.383479912082412,11
2017-08-10,0.0082593160037238,0,0.383479912082412,11
2017-08-11,-0.0009887189782116,0.05,0.351949880605347,10
2017-08-14,-0.0014092860079825,0,0.351949880605347,10
2017-08-15,0.0030452555659837,0,0.351949880605347,10
2017-08-16,-0.0015479459763378,0.1,0.251949880605347,8
2017-08-17,0.0024093655802568,0,0.251949880605347,8
2017-08-18,-0.0004391321686881,0.05,0.201949880605347,7
2017-08-21,-0.0003387340087807,0,0.201949880605347,7
2017-08-22,-0.0026940307003183,0,0.201949880605347,7
2017-08-23,-0.0004607306530617,0,0.201949880605347,7
2017-08-24,-0.0023383697600649,0.0499999999999999,0.180978476617336,6
2017-08-25,-0.0001217146731663,0.05,0.154071537700512,5
2017-08-28,-0.0009489153648321,0.05,0.204071537700512,6
2017-08-29,0.0003302835010765,0.0499999999999999,0.229435354813953,7
2017-08-30,-0.0014424727580393,0,0.229435354813953,7
2017-08-31,-0.0020965371508695,0,0.229435354813953,7
2017-09-01,-0.0015065914563723,0.2,0.228858812867191,7
2017-09-05,0.001881461695245,0,0.228858812867191,7
2017-09-06,-0.0012646456337673,0,0.228858812867191,7
2017-09-07,-0.0010044711661675,0.05,0.278858812867191,8
2017-09-08,0.0013278247311918,0,0.278858812867191,8
2017-09-11,-0.0016948787993773,0,0.278858812867191,8
2017-09-12,-0.0018701718592092,0.1,0.278858812867191,8
2017-09-13,-0.0005436401292534,0.1,0.378858812867191,10
2017-09-14,0.0007801534774421,0.05,0.328858812867191,9
2017-09-15,-0.0013703215324612,0,0.328858812867191,9
2017-09-18,-0.0003652718409085,0,0.328858812867191,9
2017-09-19,0.0007493409489159,0.0499999999999999,0.30349499575375,8
2017-09-20,-0.0007092876719904,0,0.30349499575375,8
2017-09-21,0.0009640030179827,0,0.30349499575375,8
2017-09-22,-0.0013327033388314,0.0499999999999999,0.282841459186603,7
2017-09-25,0.0005544330849268,0,0.282841459186603,7
2017-09-26,0.0002069189129487,0.1,0.349446548079164,9
2017-09-27,-0.0013538578333003,0,0.349446548079164,9
2017-09-28,0.0003468394230246,0,0.349446548079164,9
2017-09-29,-0.0015486212709374,0,0.349446548079164,9
2017-10-02,-0.000456154989044,0,0.349446548079164,9
2017-10-03,-0.0024042951765459,0,0.349446548079164,9
2017-10-04,0.0007165552955811,0,0.349446548079164,9
2017-10-05,-0.0004220959895037,0,0.349446548079164,9
2017-10-06,0.0011290806083653,0,0.349446548079164,9
2017-10-09,0.0021833973519975,0,0.349446548079164,9
2017-10-10,-0.0016753492471526,0,0.349446548079164,9
2017-10-11,0.0008273965240549,0,0.349446548079164,9
2017-10-12,0.0019415730600429,0,0.349446548079164,9
2017-10-13,-0.0023290593254375,0,0.349446548079164,9
2017-10-16,0.0004700054949301,0.05,0.316059116265016,8
2017-10-17,0.0001814528535789,0,0.316059116265016,8
2017-10-18,-0.0004391767639203,0,0.316059116265016,8
2017-10-19,0.0015493689687748,0,0.316059116265016,8
2017-10-20,-0.0002843541975852,0,0.316059116265016,8
2017-10-23,0.0012162970921115,0,0.316059116265016,8
2017-10-24,-0.0004913446445827,0.1,0.239444120009634,6
2017-10-25,0.0006072131350986,0.0499999999999999,0.206226462931221,5
2017-10-26,0.0014801822109342,0,0.206226462931221,5
2017-10-27,1.96568191609973e-05,0,0.206226462931221,5
2017-10-30,0.0021408616146224,0,0.206226462931221,5
2017-10-31,-0.0001901084256379,0,0.206226462931221,5
2017-11-01,-0.0003529635039619,0,0.206226462931221,5
2017-11-02,-0.0008799028417032,0,0.206226462931221,5
2017-11-03,0.0006439805902237,0,0.206226462931221,5
2017-11-06,-0.001224447497249,0,0.206226462931221,5
2017-11-07,0.0037103304861053,0,0.206226462931221,5
2017-11-08,-0.0011178068701293,0,0.206226462931221,5
2017-11-09,-0.0001103192429927,0.05,0.174696431454156,4
2017-11-10,-0.0001621225854477,0,0.174696431454156,4
2017-11-13,0.00128413231909,0,0.174696431454156,4
2017-11-14,0.0011196752978053,0,0.174696431454156,4
2017-11-15,-1.64303242840889e-05,0.05,0.200728062858225,5
2017-11-16,-0.0029443862460122,0,0.200728062858225,5
2017-11-17,-0.0024843705290457,0,0.200728062858225,5
2017-11-20,-0.0011720804478752,0,0.200728062858225,5
2017-11-21,0.0001969295036985,0,0.200728062858225,5
2017-11-22,-0.0005194626661425,0,0.200728062858225,5
2017-11-24,7.13598364605326e-05,0.0499999999999999,0.150728062858225,4
2017-11-27,0.0005223599815947,0,0.150728062858225,4
2017-11-28,-0.0018469684794012,0,0.150728062858225,4
2017-11-29,0.0009788728282145,0.05,0.100728062858225,3
2017-11-30,0.0012647337941577,0,0.100728062858225,3
2017-12-01,-6.39998274543392e-05,0,0.100728062858225,3
2017-12-04,-0.0011220279278908,0.05,0.0746964314541558,2
2017-12-05,-3.22190204318713e-05,0,0.0746964314541558,2
2017-12-06,4.97005792706061e-05,0,0.0746964314541558,2
2017-12-07,0.0005663426306122,0,0.0746964314541558,2
2017-12-08,-0.0004126317273556,0,0.0746964314541558,2
2017-12-11,1.87490385152075e-05,0,0.0746964314541558,2
2017-12-12,-0.0007441862303189,0,0.0746964314541558,2
2017-12-13,0.0005725352800867,0,0.0746964314541558,2
2017-12-14,0.0008477141280567,0,0.0746964314541558,2
2017-12-15,-0.000614660661786,0,0.0746964314541558,2
2017-12-18,-0.0014508710713253,0,0.0746964314541558,2
2017-12-19,-8.24563046864664e-05,0,0.0746964314541558,2
2017-12-20,-0.0003517086039277,0.0499999999999999,0.0971833181064703,3
2017-12-21,-0.0016876554465668,0.05,0.121151686702402,4
2017-12-22,0.0001686626868797,0.05,0.0964552552482457,3
2017-12-26,-0.0011671959199001,0.05,0.127985286725311,4
2017-12-27,0.0003172257188842,0,0.127985286725311,4
2017-12-28,0.000117844397881,0,0.127985286725311,4
2017-12-29,0.0006220488402783,0,0.127985286725311,4
2018-01-02,-0.0031389004081371,0,0.127985286725311,4
2018-01-03,-0.0013540836571545,0.05,0.0779852867253106,3
2018-01-04,-0.0004930516407408,0.15,0.0540169181293793,2
2018-01-05,0,0,0,0
2018-01-08,0.0017106612822455,0.5,0.120612518101022,10
2018-01-09,-0.0043959197525915,0,0.120612518101022,10
2018-01-10,-0.0042922303312197,0.25,0.150105866463922,13
2018-01-11,-0.0011353617516115,0.4,0.119600915046405,9
2018-01-12,-0.0012749748688294,0.15,0.0943741732960206,6
2018-01-16,4.76363845634234e-05,0.3,0.0890432055257617,4
2018-01-17,9.7963243764479e-05,0,0.0890432055257617,4
2018-01-18,-0.0002515381198009,0,0.0890432055257617,4
2018-01-19,0.0001686708521549,0.1,0.0884523638019514,4
2018-01-22,0.0004286213973101,0,0.0884523638019514,4
2018-01-23,0.0005146739482246,0,0.0884523638019514,4
2018-01-24,-0.0003023649582463,0.05,0.0773817942696061,3
2018-01-25,-9.32900281691101e-05,0.1,0.038097100363928,1
2018-01-26,2.8054046403051e-05,0,0.038097100363928,1
2018-01-29,-6.19180589637021e-05,0,0.038097100363928,1
2018-01-30,2.66742757984749e-05,0,0.038097100363928,1
2018-01-31,0.0006686903094593,0.05,0.0491676698962733,2
2018-02-01,-0.0006677897371611,0,0.0491676698962733,2
2018-02-02,-0.0003255046589659,0,0.0491676698962733,2
2018-02-05,-0.0014999233125623,0,0.0491676698962733,2
2018-02-06,0,0.1,0,0
2018-02-07,0,0,0,0
2018-02-08,0,0,0,0
2018-02-09,0,0,0,0
2018-02-12,0,0,0,0
2018-02-13,0,0,0,0
2018-02-14,0,0,0,0
2018-02-15,0,0,0,0
2018-02-16,0,0,0,0
2018-02-20,0,0,0,0
2018-02-21,0,0,0,0
2018-02-22,0,0,0,0
2018-02-23,0,0,0,0
2018-02-26,0,0,0,0
2018-02-27,0,0,0,0
2018-02-28,0,0,0,0
2018-03-01,0,0,0,0
2018-03-02,0,0,0,0
2018-03-05,0,0,0,0
2018-03-06,0,0,0,0
2018-03-07,0,0,0,0
2018-03-08,7.59182418065835e-05,0.0499999999999999,0.0283972128494262,1
2018-03-09,-6.29124032268792e-05,0,0.0283972128494262,1
2018-03-12,-0.0001028798566247,0,0.0283972128494262,1
2018-03-13,4.37147705480753e-05,0,0.0283972128494262,1
2018-03-14,-0.0001315512542503,0,0.0283972128494262,1
2018-03-15,-0.000141383963528,0,0.0283972128494262,1
2018-03-16,0,0.0499999999999999,0,0
2018-03-19,0,0,0,0
2018-03-20,0,0,0,0
2018-03-21,0,0,0,0
2018-03-22,0,0,0,0
2018-03-23,0,0,0,0
2018-03-26,0,0,0,0
2018-03-27,0,0,0,0
2018-03-28,0,0,0,0
2018-03-29,0,0,0,0
2018-04-02,0,0,0,0
2018-04-03,0,0,0,0
2018-04-04,0,0,0,0
2018-04-05,0,0,0,0
2018-04-06,0,0,0,0
2018-04-09,0,0,0,0
2018-04-10,0,0,0,0
2018-04-11,0,0,0,0
2018-04-12,0,0,0,0
2018-04-13,0,0,0,0
2018-04-16,0,0,0,0
2018-04-17,0,0,0,0
2018-04-18,0,0,0,0
2018-04-19,0,0,0,0
2018-04-20,0,0,0,0
2018-04-23,0,0,0,0
2018-04-24,0,0,0,0
2018-04-25,0,0,0,0
2018-04-26,0,0,0,0
2018-04-27,0,0,0,0
2018-04-30,0,0,0,0
2018-05-01,0,0,0,0
2018-05-02,0,0,0,0
2018-05-03,0,0,0,0
2018-05-04,0,0,0,0
2018-05-07,0,0,0,0
2018-05-08,0,0,0,0
2018-05-09,0,0,0,0
2018-05-10,0,0,0,0
2018-05-11,0,0,0,0
2018-05-14,0,0,0,0
2018-05-15,0,0,0,0
2018-05-16,0,0,0,0
2018-05-17,0,0,0,0
2018-05-18,0,0,0,0
2018-05-21,0,0,0,0
2018-05-22,0,0,0,0
2018-05-23,0,0,0,0
2018-05-24,0,0,0,0
2018-05-25,0,0,0,0
2018-05-29,0,0,0,0
2018-05-30,0,0,0,0
2018-05-31,0,0,0,0
2018-06-01,0,0,0,0
2018-06-04,0,0,0,0
2018-06-05,0,0,0,0
2018-06-06,0,0,0,0
2018-06-07,0,0,0,0
2018-06-08,0,0,0,0
2018-06-11,0,0,0,0
2018-06-12,0,0,0,0
2018-06-13,0,0,0,0
2018-06-14,0,0,0,0
2018-06-15,0,0,0,0
2018-06-18,0,0,0,0
2018-06-19,0,0,0,0
2018-06-20,0,0,0,0
2018-06-21,0,0,0,0
2018-06-22,0,0,0,0
2018-06-25,0,0,0,0
2018-06-26,0,0,0,0
2018-06-27,0,0,0,0
2018-06-28,0,0,0,0
2018-06-29,0,0,0,0
2018-07-02,0,0,0,0
2018-07-03,0,0,0,0
2018-07-05,0,0,0,0
2018-07-06,0,0,0,0
2018-07-09,0,0,0,0
2018-07-10,0,0,0,0
2018-07-11,1.97035639973049e-05,0.05,0.0272319822329656,1
2018-07-12,-0.0006204263721644,0,0.0272319822329656,1
2018-07-13,-0.0008416678641248,0.1,0.0752182990068756,3
2018-07-16,0.0007120436296717,0.05,0.04798631677391,2
2018-07-17,-0.0002904507208016,0,0.04798631677391,2
2018-07-18,0.0003045263764999,0.35,0.0816623691658747,9
2018-07-19,-0.0025959195956671,0.0499999999999999,0.103971616341232,10
2018-07-20,0.0030382246844808,0,0.103971616341232,10
2018-07-23,-0.0019176830645663,0,0.103971616341232,10
2018-07-24,0.0008525661485172,0.05,0.103971616341232,11
2018-07-25,0.0010964365428055,0,0.103971616341232,11
2018-07-26,-0.0018028064505811,0,0.103971616341232,11
2018-07-27,0.0017129627847193,0,0.103971616341232,11
2018-07-30,0.0008939064134665,0,0.103971616341232,11
2018-07-31,0.0006629664502045,0.05,0.0702955639492668,10
2018-08-01,-0.0017057814559076,0.05,0.0973093593476598,11
2018-08-02,-0.0012857762105953,0,0.0973093593476598,11
2018-08-03,0.0010970724497266,0,0.0973093593476598,11
2018-08-06,-0.002320000995651,0.05,0.0702955639492668,10
2018-08-07,0.0008345824481403,0.0499999999999999,0.0891895680861851,11
2018-08-08,0.001341168064132,0,0.0891895680861851,11
2018-08-09,7.65626318324489e-05,0.05,0.12286562047815,12
2018-08-10,-0.0020248645870816,0,0.12286562047815,12
2018-08-13,-0.0063261244700728,0,0.12286562047815,12
2018-08-14,0.0001805761363825,0.3,0.12286562047815,6
2018-08-15,-0.0008528302482729,0.0499999999999999,0.103971616341232,5
2018-08-16,0.0005481969833191,0.05,0.103971616341232,4
2018-08-17,0.000163419754789,0.0499999999999999,0.0816623691658747,3
2018-08-20,0.0003017599458595,0,0.0816623691658747,3
2018-08-21,0.0004116670106879,0,0.0816623691658747,3
2018-08-22,6.91823845809261e-05,0,0.0816623691658747,3
2018-08-23,-0.0003084626457519,0,0.0816623691658747,3
2018-08-24,-0.0007981158059913,0,0.0816623691658747,3
2018-08-27,-0.0007288117130792,0,0.0816623691658747,3
2018-08-28,-0.0004015580416879,0,0.0816623691658747,3
2018-08-29,-0.0007472919854741,0,0.0816623691658747,3
2018-08-30,0.0001257291803158,0.0499999999999999,0.0571428820391945,2
2018-08-31,5.0109343015803e-05,0,0.0571428820391945,2
2018-09-04,0.0002245403337555,0,0.0571428820391945,2
2018-09-05,0.0006813798467556,0,0.0571428820391945,2
2018-09-06,6.96617309734121e-05,0,0.0571428820391945,2
2018-09-07,0.0002619180660963,0,0.0571428820391945,2
2018-09-10,-0.0003296369938153,0,0.0571428820391945,2
2018-09-11,6.57509043998629e-05,0.05,0.0841566774375874,3
2018-09-12,-0.0003946817630094,0,0.0841566774375874,3
2018-09-13,-0.0014495672396641,0,0.0841566774375874,3
2018-09-14,0.0001098090755991,0.1,0.0336760523919647,1
2018-09-17,0.0004512636525253,0,0.0336760523919647,1
2018-09-18,-3.03704365566935e-05,0,0.0336760523919647,1
2018-09-19,0.0003035822082693,0,0.0336760523919647,1
2018-09-20,-0.0005252998672563,0,0.0336760523919647,1
2018-09-21,0.000360602123129,0,0.0336760523919647,1
2018-09-24,0.0002227931784402,0,0.0336760523919647,1
2018-09-25,-2.43777489233398e-05,0,0.0336760523919647,1
2018-09-26,-0.0001948180020125,0,0.0336760523919647,1
2018-09-27,-0.0001147839905331,0.0499999999999999,0.0836760523919647,2
2018-09-28,0.000269005107664,0,0.0836760523919647,2
2018-10-01,0.0003751288008296,0,0.0836760523919647,2
2018-10-02,-1.56435574917185e-05,0,0.0836760523919647,2
2018-10-03,0.0002297109899145,0,0.0836760523919647,2
2018-10-04,0.0003548244705332,0,0.0836760523919647,2
2018-10-05,0.0001135081968797,0.1,0.0836760523919647,4
2018-10-08,0.0005810440261103,0.1,0.053835174173952,4
2018-10-09,-1.4379823137717e-05,0,0.053835174173952,4
2018-10-10,-0.0022821662896799,0,0.053835174173952,4
2018-10-11,-0.0014254007004245,0.0999999999999999,0.0228479459864813,4
2018-10-12,0.0007339483931545,0.15,0.0228479459864813,3
2018-10-15,-0.0005119975706113,0,0.0228479459864813,3
2018-10-16,0.0008544569245253,0,0.0228479459864813,3
2018-10-17,0.0001968528323589,0,0.0228479459864813,3
2018-10-18,-0.0003548389934072,0,0.0228479459864813,3
2018-10-19,-0.0002959426869802,0,0.0228479459864813,3
2018-10-22,0.0002259255376505,0,0.0228479459864813,3
2018-10-23,0.0007593141202033,0,0.0228479459864813,3
2018-10-24,4.3023361652986e-05,0.0499999999999999,0.003835174173952,2
2018-10-25,-0.0002432209569133,0.0499999999999999,0.003835174173952,1
2018-10-26,0.0003251809153359,0,0.003835174173952,1
2018-10-29,-9.50676209748316e-05,0,0.003835174173952,1
2018-10-30,-0.0001748779931075,0,0.003835174173952,1
2018-10-31,-6.0774187749776e-05,0,0.003835174173952,1
2018-11-01,-7.71412051615099e-05,0,0.003835174173952,1
2018-11-02,-0.0001085710590275,0,0.003835174173952,1
2018-11-05,0,0.0499999999999999,0,0
2018-11-06,0,0,0,0
2018-11-07,0,0,0,0
2018-11-08,-6.01652866542323e-05,0.05,0.0336760523919647,1
2018-11-09,0.0007185035403585,0.0499999999999999,0.0646632805794354,2
2018-11-12,0.0014983523152635,0,0.0646632805794354,2
2018-11-13,-0.0023020035762602,0,0.0646632805794354,2
2018-11-14,0.0014149147066781,0,0.0646632805794354,2
2018-11-15,-0.0012768407363555,0,0.0646632805794354,2
2018-11-16,0.0004335680867741,0,0.0646632805794354,2
2018-11-19,0.0024798078576531,0,0.0646632805794354,2
2018-11-20,-0.0012638156434757,0,0.0646632805794354,2
2018-11-21,0.0003009936876114,0,0.0646632805794354,2
2018-11-23,-0.001590223099621,0,0.0646632805794354,2
2018-11-26,-0.0011206697917334,0,0.0646632805794354,2
2018-11-27,-0.0001428861690581,0,0.0646632805794354,2
2018-11-28,-0.0031050818781919,0,0.0646632805794354,2
2018-11-29,0,0.1,0,0
2018-11-30,0,0,0,0
2018-12-03,-3.97707934756623e-06,0.0499999999999999,0.0499999999999999,1
2018-12-04,8.13786012360052e-05,0,0.0499999999999999,1
2018-12-06,-4.05122007014158e-05,0,0.0499999999999999,1
2018-12-07,-2.75864469461967e-05,0,0.0499999999999999,1
2018-12-10,2.39060403224438e-05,0,0.0499999999999999,1
2018-12-11,4.73990169131246e-05,0,0.0499999999999999,1
2018-12-12,-3.19949925180415e-05,0,0.0499999999999999,1
2018-12-13,-3.58123558766466e-05,0,0.0499999999999999,1
2018-12-14,7.40353971731823e-06,0,0.0499999999999999,1
2018-12-17,-2.02648501523903e-05,0,0.0499999999999999,1
2018-12-18,-3.6255375645916e-05,0,0.0499999999999999,1
2018-12-19,3.47072342762294e-05,0,0.0499999999999999,1
2018-12-20,2.20183620850448e-05,0,0.0499999999999999,1
2018-12-21,6.25142996029176e-05,0,0.0499999999999999,1
2018-12-24,-5.41370873583622e-06,0,0.0499999999999999,1
2018-12-26,-1.4198205428223e-05,0,0.0499999999999999,1
2018-12-27,-9.23679350931632e-05,0,0.0499999999999999,1
2018-12-28,-7.10749921369392e-05,0,0.0499999999999999,1
2018-12-31,-1.13271542113226e-05,0,0.0499999999999999,1
2019-01-02,-2.71502620868152e-05,0,0.0499999999999999,1
2019-01-03,0,0.0499999999999999,0,0
2019-01-04,0,0,0,0
2019-01-07,0,0,0,0
2019-01-08,0,0,0,0
2019-01-09,6.93008162022476e-05,0.05,0.025553508590125,1
2019-01-10,0.0001430925792976,0,0.025553508590125,1
2019-01-11,-0.0001591842785186,0.0499999999999999,0.075553508590125,2
2019-01-14,-2.99001306821783e-05,0,0.075553508590125,2
2019-01-15,2.81832435907009e-05,0,0.075553508590125,2
2019-01-16,-3.44944961416714e-05,0.0499999999999999,0.104581713673581,3
2019-01-17,-0.0003377165812554,0,0.104581713673581,3
2019-01-18,-4.61837329880369e-05,0.1,0.1851419447043,5
2019-01-22,0.0004016594333857,0,0.1851419447043,5
2019-01-23,-0.0004796074935824,0,0.1851419447043,5
2019-01-24,-0.0002698569076514,0,0.1851419447043,5
2019-01-25,-0.0010918774599003,0,0.1851419447043,5
2019-01-28,-0.0004632003800776,0.0499999999999999,0.2351419447043,6
2019-01-29,-0.0013255752245051,0.0499999999999999,0.204581713673581,5
2019-01-30,-0.0008397661295253,0.2,0.104581713673581,3
2019-01-31,-0.0006714044136287,0,0.104581713673581,3
2019-02-01,0.0008418268184026,0.35,0.235473786952367,6
2019-02-04,-8.62183743506253e-05,0.05,0.267727275858918,7
2019-02-05,-0.0007676609355365,0,0.267727275858918,7
2019-02-06,0.0007297115196063,0,0.267727275858918,7
2019-02-07,0.0005087430960525,0.0499999999999999,0.296213632210851,8
2019-02-08,-0.0008794189512956,0.0499999999999999,0.265653401180133,7
2019-02-11,0.0005859955316027,0,0.265653401180133,7
2019-02-12,-0.0009764870783357,0,0.265653401180133,7
2019-02-13,-0.0001544858294855,0,0.265653401180133,7
2019-02-14,-7.89531830249929e-05,0,0.265653401180133,7
2019-02-15,-0.0008137007220716,0,0.265653401180133,7
2019-02-19,-0.0015907191555357,0.05,0.315653401180133,8
2019-02-20,-0.0005955834583143,0.05,0.265653401180133,7
2019-02-21,-0.00035036873846,0,0.265653401180133,7
2019-02-22,-0.0014627385157943,0.0999999999999999,0.243878951867824,7
2019-02-25,0.0001422961657434,0.05,0.193878951867824,6
2019-02-26,0.0005507163089246,0,0.193878951867824,6
2019-02-27,0.0013244412228916,0,0.193878951867824,6
2019-02-28,0.0002684031184911,0,0.193878951867824,6
2019-03-01,2.28103547273991e-05,0,0.193878951867824,6
2019-03-04,-0.0006944167392456,0,0.193878951867824,6
2019-03-05,0.0006722713525642,0,0.193878951867824,6
2019-03-06,0.0004730672235775,0,0.193878951867824,6
2019-03-07,5.48483449179171e-05,0.05,0.143878951867824,5
2019-03-08,-0.0003634753940825,0,0.143878951867824,5
2019-03-11,-0.0005208596150199,0,0.143878951867824,5
2019-03-12,-0.0002767523762447,0.15,0.114747306584493,4
2019-03-13,-0.0004354201341078,0,0.114747306584493,4
2019-03-14,-0.0009473519613092,0,0.114747306584493,4
2019-03-15,-0.0003676983730961,0.2,0.0538096581354002,2
2019-03-18,0.0002396082609025,0,0.0538096581354002,2
2019-03-19,-6.96693195185869e-05,0,0.0538096581354002,2
2019-03-20,-7.56867369853469e-05,0,0.0538096581354002,2
2019-03-21,-8.51840113828443e-05,0.05,0.0822671452403787,3
2019-03-22,0.0002731361966752,0,0.0822671452403787,3
2019-03-25,0.0003219483234666,0,0.0822671452403787,3
2019-03-26,-4.75407331507687e-06,0,0.0822671452403787,3
2019-03-27,0.0006794853708752,0,0.0822671452403787,3
2019-03-28,-6.30575987574628e-05,0,0.0822671452403787,3
2019-03-29,-0.0008306553599434,0,0.0822671452403787,3
2019-04-01,0.0003085827639047,0,0.0822671452403787,3
2019-04-02,-0.0005234766570758,0,0.0822671452403787,3
2019-04-03,-0.0003688813567891,0,0.0822671452403787,3
2019-04-04,0.0003734159814184,0,0.0822671452403787,3
2019-04-05,-0.0003727704465205,0,0.0822671452403787,3
2019-04-08,6.43985673423246e-05,0,0.0822671452403787,3
2019-04-09,8.59201559867521e-06,0,0.0822671452403787,3
2019-04-10,0.0002169243043094,0,0.0822671452403787,3
2019-04-11,0.0004553205644218,0,0.0822671452403787,3
2019-04-12,0.0002214664016082,0,0.0822671452403787,3
2019-04-15,-5.18515071539489e-05,0,0.0822671452403787,3
2019-04-16,0.0006665393114582,0,0.0822671452403787,3
2019-04-17,0.0001977792271739,0.05,0.0542393977432956,2
2019-04-18,-0.0002912895178388,0,0.0542393977432956,2
2019-04-22,-4.74578599655596e-08,0,0.0542393977432956,2
2019-04-23,0.00034512721954,0,0.0542393977432956,2
2019-04-24,0.0001874251918687,0,0.0542393977432956,2
2019-04-25,0.000280305039416,0,0.0542393977432956,2
2019-04-26,-1.92446085614086e-05,0,0.0542393977432956,2
2019-04-29,0.0003483117871533,0,0.0542393977432956,2
2019-04-30,-0.0004716391920171,0.05,0.0824253241358319,3
2019-05-01,9.62132685235034e-05,0,0.0824253241358319,3
2019-05-02,6.14165074266032e-05,0,0.0824253241358319,3
2019-05-03,0.0004880375490188,0,0.0824253241358319,3
2019-05-06,0.0002460122924793,0,0.0824253241358319,3
2019-05-07,0.000308039345669,0,0.0824253241358319,3
2019-05-08,6.6461907204822e-06,0.05,0.0539678370308533,2
2019-05-09,4.53008934280252e-06,0,0.0539678370308533,2
2019-05-10,-0.0001138448095227,0,0.0539678370308533,2
2019-05-13,0.0003257058959474,0,0.0539678370308533,2
2019-05-14,3.74632325895486e-05,0.0499999999999999,0.0737774755139958,3
2019-05-15,0.0002880398207441,0,0.0737774755139958,3
2019-05-16,-0.0004912102225504,0,0.0737774755139958,3
2019-05-17,-1.67674937359595e-05,0,0.0737774755139958,3
2019-05-20,-0.0004884358545635,0,0.0737774755139958,3
2019-05-21,0.0001640846181801,0,0.0737774755139958,3
2019-05-22,-0.0003461154253694,0,0.0737774755139958,3
2019-05-23,0.0001558770450586,0,0.0737774755139958,3
2019-05-24,-6.42655339004183e-05,0,0.0737774755139958,3
2019-05-28,6.89828696528908e-05,0,0.0737774755139958,3
2019-05-29,-0.0001645388115416,0,0.0737774755139958,3
2019-05-30,0.000138937404583,0,0.0737774755139958,3
2019-05-31,0.0002682940768615,0,0.0737774755139958,3
2019-06-03,0.0002149911013057,0,0.0737774755139958,3
2019-06-04,-0.0003798426305879,0.1,0.127788471209099,5
2019-06-05,-0.0002280091922538,0,0.127788471209099,5
2019-06-06,-0.0001653356136037,0,0.127788471209099,5
2019-06-07,0.0002004714261826,0,0.127788471209099,5
2019-06-10,-4.41888749836786e-05,0.05,0.0993309841041208,4
2019-06-11,0.000142601105458,0.0499999999999999,0.0795213456209784,3
2019-06-12,-0.0001005507264383,0,0.0795213456209784,3
2019-06-13,0.0002458426065598,0,0.0795213456209784,3
2019-06-14,-0.0005678071414482,0,0.0795213456209784,3
2019-06-17,0.0006576839237979,0,0.0795213456209784,3
2019-06-18,0.0003472466009052,0,0.0795213456209784,3
2019-06-19,0.0006210774742317,0,0.0795213456209784,3
2019-06-20,0.0002056256220169,0,0.0795213456209784,3
2019-06-21,0.0001389659917608,0,0.0795213456209784,3
2019-06-24,0.0004433041916404,0.05,0.107549093118062,4
2019-06-25,-0.0003523244573914,0,0.107549093118062,4
2019-06-26,0.0007077384384598,0,0.107549093118062,4
2019-06-27,-0.0005503965331513,0,0.107549093118062,4
2019-06-28,-0.0003127267982631,0,0.107549093118062,4
2019-07-01,-0.0004354488007938,0,0.107549093118062,4
2019-07-02,0.000168860059074,0,0.107549093118062,4
2019-07-03,-0.0005669956489306,0,0.107549093118062,4
2019-07-05,0.0003859433030367,0,0.107549093118062,4
2019-07-08,0.0001088995784034,0,0.107549093118062,4
2019-07-09,-0.0006785183139673,0.2,0.107549093118062,4
2019-07-10,0,0,0,0
2019-07-11,0,0,0,0
2019-07-12,0,0,0,0
2019-07-15,0,0,0,0
2019-07-16,0,0,0,0
2019-07-17,0,0,0,0
2019-07-18,-0.0004864719510524,0.0999999999999999,0.0416938976123727,2
2019-07-19,4.37619953403979e-05,0,0.0416938976123727,2
2019-07-22,-0.0001323580268331,0,0.0416938976123727,2
2019-07-23,0.0001699746992726,0,0.0416938976123727,2
2019-07-24,0.0001093318662708,0.05,0.0757569361040496,3
2019-07-25,0.0005570814504398,0,0.0757569361040496,3
2019-07-26,-4.28306340867698e-06,0,0.0757569361040496,3
2019-07-29,-0.0003363828220502,0,0.0757569361040496,3
2019-07-30,0.0003859945107587,0,0.0757569361040496,3
2019-07-31,0.0010369419951703,0.05,0.0973526194669045,4
2019-08-01,-0.0008065506665172,0,0.0973526194669045,4
2019-08-02,6.30939982091334e-05,0.05,0.131212921846741,5
2019-08-05,-0.0011980215701066,0,0.131212921846741,5
2019-08-06,0.0001876967886305,0.1,0.183686968648775,7
2019-08-07,-0.0014338952052276,0,0.183686968648775,7
2019-08-08,0.000422263014422,0.1,0.169715152314475,7
2019-08-09,0.0004181513933266,0,0.169715152314475,7
2019-08-12,-0.000278307168168,0,0.169715152314475,7
2019-08-13,0.0008451440606192,0.1,0.209190262629458,9
2019-08-14,-0.0020104968562984,0,0.209190262629458,9
2019-08-15,-0.0002476651940372,0.15,0.227809595602199,10
2019-08-16,0.0012672134230072,0,0.227809595602199,10
2019-08-19,0.0006309951393431,0,0.227809595602199,10
2019-08-20,-0.0019354210575358,0,0.227809595602199,10
2019-08-21,0.0008848586088173,0,0.227809595602199,10
2019-08-22,5.18539418315068e-05,0,0.227809595602199,10
2019-08-23,-0.0032950384698332,0,0.227809595602199,10
2019-08-26,-8.0987868121054e-05,0.0499999999999999,0.204339086936436,9
2019-08-27,-0.0010913421869261,0.05,0.170276048444759,8
2019-08-28,0.0004370488166883,0.05,0.153414224912854,7
2019-08-29,0.0006477612417646,0,0.153414224912854,7
2019-08-30,6.85516250951558e-05,0,0.153414224912854,7
2019-09-03,0.000491339219802,0,0.153414224912854,7
2019-09-04,0.0001469655580666,0,0.153414224912854,7
2019-09-05,0.0007072193205294,0,0.153414224912854,7
2019-09-06,0.0005988544756835,0,0.153414224912854,7
2019-09-09,0.0016102950162105,0.0499999999999999,0.188609690621542,8
2019-09-10,0.0002452668859133,0.15,0.125292081382649,5
2019-09-11,-0.0002723742592292,0.05,0.105892901457332,4
2019-09-12,-0.0003256342709242,0.05,0.145652796588007,5
2019-09-13,-0.0006697599080019,0,0.145652796588007,5
2019-09-16,0.001564321959022,0,0.145652796588007,5
2019-09-17,-0.0013569914873336,0.05,0.116649258451736,4
2019-09-18,0.0003750555354437,0,0.116649258451736,4
2019-09-19,-0.0008637966223545,0,0.116649258451736,4
2019-09-20,4.73235868293077e-05,0,0.116649258451736,4
2019-09-23,-0.0001100322187178,0,0.116649258451736,4
2019-09-24,-0.0006419671519198,0,0.116649258451736,4
2019-09-25,0.0002093939775011,0,0.116649258451736,4
2019-09-26,-0.0004342975935151,0.05,0.136376400257469,5
2019-09-27,0.0011781978733449,0,0.136376400257469,5
2019-09-30,-0.0001228282775868,0,0.136376400257469,5
2019-10-01,-0.0002038288912395,0,0.136376400257469,5
2019-10-02,0.0003379480490958,0.05,0.158284505181958,6
2019-10-03,0.0003933813149793,0,0.158284505181958,6
2019-10-04,-0.0008991964564245,0,0.158284505181958,6
2019-10-07,0.0002133243761592,0.05,0.118524610051283,5
2019-10-08,-0.000750100288484,0,0.118524610051283,5
2019-10-09,-0.0001952950579242,0.05,0.1379237899766,6
2019-10-10,0.0002660814919812,0,0.1379237899766,6
2019-10-11,0.0002543045521348,0,0.1379237899766,6
2019-10-14,0.0002797544427195,0,0.1379237899766,6
2019-10-15,0.0004349544346539,0,0.1379237899766,6
2019-10-16,-7.76396529380415e-05,0.0499999999999999,0.102728324267912,5
2019-10-17,0.0003615991261806,0,0.102728324267912,5
2019-10-18,-0.0001999795869599,0,0.102728324267912,5
2019-10-21,0.0003904654913627,0.05,0.083329144342595,4
2019-10-22,0.0005633099815055,0.0499999999999999,0.0580605594579659,3
2019-10-23,-9.65202960811778e-05,0.05,0.0854472726748877,4
2019-10-24,-0.0002166332337402,0,0.0854472726748877,4
2019-10-25,-0.0006376352125736,0,0.0854472726748877,4
2019-10-28,0.0004916427629537,0,0.0854472726748877,4
2019-10-29,-1.82821378931337e-05,0,0.0854472726748877,4
2019-10-30,1.25259073142178e-06,0.05,0.13304267386673,5
2019-10-31,-3.77114587572579e-06,0.05,0.162687460442757,6
2019-11-01,-4.52182471694449e-06,0,0.162687460442757,6
2019-11-04,0.0009038963312129,0.05,0.142960318637024,5
2019-11-05,0.0004165650142702,0,0.142960318637024,5
2019-11-06,-0.0003516028141837,0,0.142960318637024,5
2019-11-07,0.000320724080175,0,0.142960318637024,5
2019-11-08,-0.0008392846475314,0,0.142960318637024,5
2019-11-11,0.0002181817313046,0,0.142960318637024,5
2019-11-12,-0.0006665402737761,0,0.142960318637024,5
2019-11-13,-0.0002323789983304,0,0.142960318637024,5
2019-11-14,0.0002575126796842,0,0.142960318637024,5
2019-11-15,-0.0011040125525073,0,0.142960318637024,5
2019-11-18,9.51036737456611e-06,0.0499999999999999,0.175902924535338,6
2019-11-19,-0.0018321660153175,0,0.175902924535338,6
2019-11-20,-4.28700792650888e-05,0.05,0.146258137959311,5
2019-11-21,-0.0001348278148477,0,0.146258137959311,5
2019-11-22,-0.0001928300473155,0,0.146258137959311,5
2019-11-25,-0.0002022709485065,0.05,0.0986627367674685,4
2019-11-26,-0.0001981473803477,0.0499999999999999,0.0657201308691547,3
2019-11-27,3.28571423914494e-05,0,0.0657201308691547,3
2019-11-29,-0.0004948022841634,0.05,0.0959929890634217,4
2019-12-02,-9.43833969800748e-06,0,0.0959929890634217,4
2019-12-03,-0.0004323488726085,0,0.0959929890634217,4
2019-12-04,9.2825946598862e-06,0,0.0959929890634217,4
2019-12-05,0.0002420061177167,0,0.0959929890634217,4
2019-12-06,0.0001932781475146,0,0.0959929890634217,4
2019-12-09,0.0002381571459452,0,0.0959929890634217,4
2019-12-10,-0.0003344248008832,0,0.0959929890634217,4
2019-12-11,-0.0001485336888864,0,0.0959929890634217,4
2019-12-12,-0.0001562412762245,0.05,0.124996527199693,5
2019-12-13,-0.0002498410099805,0,0.124996527199693,5
2019-12-16,0.0001519027955012,0,0.124996527199693,5
2019-12-17,0.00054637555277,0.05,0.153400843836838,6
2019-12-18,0.0001122733029155,0,0.153400843836838,6
2019-12-19,8.93033674971251e-05,0,0.153400843836838,6
2019-12-20,0.0002045509228469,0,0.153400843836838,6
2019-12-23,-0.0009824382300334,0,0.153400843836838,6
2019-12-24,-0.0004964092216184,0,0.153400843836838,6
2019-12-26,0.0001639675624283,0,0.153400843836838,6
2019-12-27,0.0001772790743433,0,0.153400843836838,6
2019-12-30,-1.39280783072895e-05,0,0.153400843836838,6
2019-12-31,0.0001907917759558,0,0.153400843836838,6
2020-01-02,-0.0004737824572278,0,0.153400843836838,6
2020-01-03,0.0006403172740766,0,0.153400843836838,6
2020-01-06,-0.0003521883814186,0,0.153400843836838,6
2020-01-07,-0.0004419354796156,0.3,0.153400843836838,6
2020-01-08,0,0,0,0
2020-01-09,0,0,0,0
2020-01-10,-9.93540733110081e-05,0.05,0.0159730423487783,1
2020-01-13,0.0002399880765157,0,0.0159730423487783,1
2020-01-14,0.0014607732406935,0.15,0.11154895307961,4
2020-01-15,0.0009674911133974,0,0.11154895307961,4
2020-01-16,-0.000161401718659,0.05,0.141211342296282,5
2020-01-17,-0.0006642436713482,0,0.141211342296282,5
2020-01-21,0.0020558718082361,0.0499999999999999,0.170802959424876,6
2020-01-22,-0.0005270057629102,0.0499999999999999,0.142873445608607,5
2020-01-23,0.0002597865363507,0,0.142873445608607,5
2020-01-24,-8.1634863600623e-06,0,0.142873445608607,5
2020-01-27,0.0017337703905668,0.1,0.128968278315943,5
2020-01-28,-0.0002144367065429,0.1,0.0798278054406058,3
2020-01-29,-3.57621424845775e-05,0,0.0798278054406058,3
2020-01-30,6.74449982319455e-05,0,0.0798278054406058,3
2020-01-31,0.0012104448777366,0,0.0798278054406058,3
2020-02-03,-0.0007914782677231,0.0999999999999999,0.0157572219240079,1
2020-02-04,0,0.05,0,0
2020-02-05,0,0,0,0
2020-02-06,0,0,0,0
2020-02-07,0,0,0,0
2020-02-10,0,0,0,0
2020-02-11,0,0,0,0
2020-02-12,0,0,0,0
2020-02-13,-0.0005287395828787,0.3,0.143321852427869,6
2020-02-14,-0.0010650332912046,0.0999999999999999,0.187685160481869,8
2020-02-18,0.0007469547718698,0.1,0.231616738347874,10
2020-02-19,0.0027215595144793,0,0.231616738347874,10
2020-02-20,-0.0018439920686221,0,0.231616738347874,10
2020-02-21,0.0002643284722539,0,0.231616738347874,10
2020-02-24,0.0027570750447191,0,0.231616738347874,10
2020-02-25,0.0036987802146383,0.0999999999999999,0.250355499997777,10
2020-02-26,0.0006337854583331,0.35,0.211129816853231,7
2020-02-27,0.0020353058627336,0.0499999999999999,0.168624458160908,6
2020-02-28,-0.0036887563331808,0.6,0.232742557532273,8
2020-03-02,-4.37738380697453e-05,0.4,0.0673453911029815,2
2020-03-03,-0.0001128967583654,0,0.0673453911029815,2
2020-03-04,4.6984815579791e-05,0,0.0673453911029815,2
2020-03-05,-0.0001346042159712,0,0.0673453911029815,2
2020-03-06,-9.43706457144452e-05,0.15,0.079896105240111,3
2020-03-09,-0.0027921587654126,0.0499999999999999,0.0954171388521072,4
2020-03-10,0.0015202549116234,0.2,0.0888451059852759,4
2020-03-11,-0.0021695142303203,0,0.0888451059852759,4
2020-03-12,-0.0023412289307593,0.1,0.0381160685757765,2
2020-03-13,0.0039011282967028,0.15,0.0168208227694233,1
2020-03-16,0,0.0499999999999999,0,0
2020-03-17,0.0017273299450212,0.0499999999999999,0.0168208227694233,1
2020-03-18,-0.002316185092933,0,0.0168208227694233,1
2020-03-19,0,0.0499999999999999,0,0
2020-03-20,0,0,0,0
2020-03-23,0,0,0,0
2020-03-24,0,0,0,0
2020-03-25,0,0,0,0
2020-03-26,0,0,0,0
2020-03-27,0,0,0,0
2020-03-30,0,0,0,0
2020-03-31,0,0,0,0
2020-04-01,0,0,0,0
2020-04-02,0,0,0,0
2020-04-03,0,0,0,0
2020-04-06,0,0,0,0
2020-04-07,0,0,0,0
2020-04-08,0,0,0,0
2020-04-09,0,0,0,0
2020-04-13,0,0,0,0
2020-04-14,0,0,0,0
2020-04-15,0,0,0,0
2020-04-16,0,0,0,0
2020-04-17,0,0,0,0
2020-04-20,0,0,0,0
2020-04-21,0,0,0,0
2020-04-22,0,0,0,0
2020-04-23,0,0,0,0
2020-04-24,0,0,0,0
2020-04-27,0,0,0,0
2020-04-28,0,0,0,0
2020-04-29,0,0,0,0
2020-04-30,0,0,0,0
2020-05-01,0,0,0,0
2020-05-04,0,0,0,0
2020-05-05,0,0,0,0
2020-05-06,0,0,0,0
2020-05-07,0,0,0,0
2020-05-08,0,0,0,0
2020-05-11,0,0,0,0
2020-05-12,0,0,0,0
2020-05-13,0,0,0,0
2020-05-14,0,0,0,0
2020-05-15,0,0,0,0
2020-05-18,0,0,0,0
2020-05-19,0,0,0,0
2020-05-20,0,0,0,0
2020-05-21,0,0,0,0
2020-05-22,0,0,0,0
2020-05-26,0,0,0,0
2020-05-27,0,0,0,0
2020-05-28,0,0,0,0
2020-05-29,0,0,0,0
2020-06-01,0,0,0,0
2020-06-02,0,0,0,0
2020-06-03,0,0,0,0
2020-06-04,0,0,0,0
2020-06-05,0,0,0,0
2020-06-08,0,0,0,0
2020-06-09,0,0,0,0
2020-06-10,0,0,0,0
2020-06-11,0,0,0,0
2020-06-12,0,0,0,0
2020-06-15,0,0,0,0
2020-06-16,0,0,0,0
2020-06-17,0,0,0,0
2020-06-18,0,0,0,0
2020-06-19,0,0,0,0
2020-06-22,0,0,0,0
2020-06-23,0,0,0,0
2020-06-24,0,0,0,0
2020-06-25,0,0,0,0
2020-06-26,0,0,0,0
2020-06-29,0,0,0,0
2020-06-30,0,0,0,0
2020-07-01,0,0,0,0
2020-07-02,0,0,0,0
2020-07-06,0,0,0,0
2020-07-07,0,0,0,0
2020-07-08,0,0,0,0
2020-07-09,0,0,0,0
2020-07-10,0.0027558422899757,0.15,0.07989797463419,3
2020-07-13,0.0018646419454971,0,0.07989797463419,3
2020-07-14,-0.001231837920352,0.1,0.14197693946605,5
2020-07-15,0.0029053622517003,0.05,0.151772828329022,6
2020-07-16,0.0020366484262028,0,0.151772828329022,6
2020-07-17,-0.0023779456135948,0,0.151772828329022,6
2020-07-20,-0.0027589609079115,0,0.151772828329022,6
2020-07-21,-0.0021008692117674,0.15,0.254785122644315,9
2020-07-22,-0.0093665509032839,0.2,0.327269316609275,11
2020-07-23,0.002129270869359,0.15,0.239142504397959,8
2020-07-24,-0.0009309059372483,0.05,0.213343691628521,7
2020-07-27,-0.0032088148508132,0.1,0.182730390189805,5
2020-07-28,-0.0008434140592276,0.05,0.132730390189805,4
2020-07-29,0.0007530887556949,0,0.132730390189805,4
2020-07-30,-0.0002289717511668,0.05,0.182730390189805,5
2020-07-31,-0.0003491391178525,0.1,0.177672002201315,5
2020-08-03,0.0008564228301687,0,0.177672002201315,5
2020-08-04,-0.0010688244043189,0,0.177672002201315,5
2020-08-05,0.0007798127022767,0.0499999999999999,0.227672002201315,6
2020-08-06,-0.0002479278320958,0,0.227672002201315,6
2020-08-07,0.00201460128917,0,0.227672002201315,6
2020-08-10,0.000728991359183,0.05,0.204099161864753,5
2020-08-11,0.0015872097880395,0.05,0.181633584834288,4
2020-08-12,-0.000232032978019,0,0.181633584834288,4
2020-08-13,0.0009844024793263,0,0.181633584834288,4
2020-08-14,0.0004066946548098,0,0.181633584834288,4
2020-08-17,-0.0008328964264791,0,0.181633584834288,4
2020-08-18,-0.0007919214768854,0,0.181633584834288,4
2020-08-19,0.0012568497666627,0,0.181633584834288,4
2020-08-20,-0.0008142329902766,0,0.181633584834288,4
2020-08-21,-0.0005182944667212,0,0.181633584834288,4
2020-08-24,0.0002113205908924,0,0.181633584834288,4
2020-08-25,0.0004908350851315,0,0.181633584834288,4
2020-08-26,0.0001684137245346,0,0.181633584834288,4
2020-08-27,0.0009154459377732,0,0.181633584834288,4
2020-08-28,-0.0004466315175053,0.0499999999999999,0.131633584834288,3
2020-08-31,-0.0003042621323937,0,0.131633584834288,3
2020-09-01,-0.0001342124483271,0,0.131633584834288,3
2020-09-02,-0.0004826195457191,0,0.131633584834288,3
2020-09-03,0.0005742264750923,0,0.131633584834288,3
2020-09-04,0.001070914153197,0,0.131633584834288,3
2020-09-08,-0.0002429597751968,0,0.131633584834288,3
2020-09-09,-0.0005356400124617,0,0.131633584834288,3
2020-09-10,8.02939636094027e-05,0,0.131633584834288,3
2020-09-11,0.00021250461004,0,0.131633584834288,3
2020-09-14,-0.0002776818873618,0,0.131633584834288,3
2020-09-15,-0.0008377178551627,0,0.131633584834288,3
2020-09-16,-9.58312857043266e-05,0.05,0.164852209936436,4
2020-09-17,0.0009439702133832,0,0.164852209936436,4
2020-09-18,0.0012889402900843,0,0.164852209936436,4
2020-09-21,0.0003926298730016,0,0.164852209936436,4
2020-09-22,-0.0016566232108375,0,0.164852209936436,4
2020-09-23,0.0015284785138736,0.05,0.187317786966901,5
2020-09-24,-0.0008104921955142,0,0.187317786966901,5
2020-09-25,-0.0002448434729813,0,0.187317786966901,5
2020-09-28,0.0016498191262233,0,0.187317786966901,5
2020-09-29,-0.0001148349591929,0,0.187317786966901,5
2020-09-30,0.0002316357639924,0,0.187317786966901,5
2020-10-01,-0.0008229140191304,0,0.187317786966901,5
2020-10-02,0.0013037023184274,0,0.187317786966901,5
2020-10-05,0.0011940331429272,0.05,0.164852209936436,4
2020-10-06,0.0002457561598471,0,0.164852209936436,4
2020-10-07,0.0009515116452026,0,0.164852209936436,4
2020-10-08,-0.0008525597219872,0,0.164852209936436,4
2020-10-09,1.18819589131081e-05,0.05,0.186220981611383,5
2020-10-12,0.0001033343105296,0,0.186220981611383,5
2020-10-13,-0.0002474681218216,0,0.186220981611383,5
2020-10-14,0.0003235814221359,0,0.186220981611383,5
2020-10-15,5.2244288639603e-05,0,0.186220981611383,5
2020-10-16,0.0007383126262844,0,0.186220981611383,5
2020-10-19,0.0011350741433854,0,0.186220981611383,5
2020-10-20,0.0004565433857485,0,0.186220981611383,5
2020-10-21,0.0005893705106587,0,0.186220981611383,5
2020-10-22,0.0014776088680227,0,0.186220981611383,5
2020-10-23,1.075243122653e-05,0.1,0.121368771674948,3
2020-10-26,0.0005394467022553,0.05,0.148903194644482,4
2020-10-27,-9.52359298401155e-06,0,0.148903194644482,4
2020-10-28,-0.0005605554769525,0,0.148903194644482,4
2020-10-29,-0.0002117545638279,0,0.148903194644482,4
2020-10-30,-0.000628581916509,0.05,0.127534422969535,3
2020-11-02,-0.0009122735564366,0,0.127534422969535,3
2020-11-03,-0.0004732852325597,0,0.127534422969535,3
2020-11-04,-0.0004946901405569,0.05,0.1,2
2020-11-05,-0.0002781089294213,0.05,0.125798812769437,3
2020-11-06,0.0005087630552504,0,0.125798812769437,3
2020-11-09,-0.0001694816878947,0,0.125798812769437,3
2020-11-10,0.0013835995001235,0.0499999999999999,0.152472701335362,4
2020-11-11,0.0001507832132823,0,0.152472701335362,4
2020-11-12,0.0001461541183176,0,0.152472701335362,4
2020-11-13,0.0002143173919035,0,0.152472701335362,4
2020-11-16,-0.0002525483866916,0,0.152472701335362,4
2020-11-17,-0.0002442207066765,0,0.152472701335362,4
2020-11-18,-0.0004125100522762,0,0.152472701335362,4
2020-11-19,-0.0005072998078969,0,0.152472701335362,4
2020-11-20,-0.0005059077149761,0,0.152472701335362,4
2020-11-23,-0.0003459139189926,0,0.152472701335362,4
2020-11-24,-0.0006352149880214,0,0.152472701335362,4
2020-11-25,9.6196627712303e-06,0.0499999999999999,0.125798812769437,3
2020-11-27,-0.0009471156767257,0,0.125798812769437,3
2020-11-30,0.0007646777258351,0,0.125798812769437,3
2020-12-01,0.0002512301986521,0,0.125798812769437,3
2020-12-02,-4.21169085667862e-05,0,0.125798812769437,3
2020-12-03,-0.0001748035110946,0,0.125798812769437,3
2020-12-04,0.0003547050195443,0,0.125798812769437,3
2020-12-07,-2.43952099326953e-05,0,0.125798812769437,3
2020-12-08,0.0002110802113905,0.05,0.0757988127694371,2
2020-12-09,0.0002983460711984,0,0.0757988127694371,2
2020-12-10,-0.0001625098115447,0.05,0.05,1
2020-12-11,-4.37852495026822e-05,0,0.05,1
2020-12-14,1.58415192832821e-05,0,0.05,1
2020-12-15,-4.9034900253734e-05,0,0.05,1
2020-12-16,9.5248350830601e-06,0,0.05,1
2020-12-17,-2.07066251144799e-05,0,0.05,1
2020-12-18,7.42935008835868e-06,0,0.05,1
2020-12-21,4.45067046448167e-05,0,0.05,1
2020-12-22,-3.96884870113996e-05,0,0.05,1
2020-12-23,-3.77931079003135e-06,0,0.05,1
2020-12-24,-5.42115337265427e-05,0,0.05,1
2020-12-28,9.58936239154709e-06,0,0.05,1
2020-12-29,-1.85034620495981e-05,0,0.05,1
2020-12-30,-3.56423759279811e-05,0,0.05,1
2020-12-31,-4.21506874776938e-05,0,0.05,1
2021-01-04,9.50724111603151e-05,0,0.05,1
2021-01-05,-3.64463412055805e-05,0,0.05,1
2021-01-06,-0.0024773358495417,0.25,0.0851477900635644,3
2021-01-07,0,0,0,0
2021-01-08,-5.13577790940777e-05,0.05,0.0098559584362735,1
2021-01-11,0.0005734827722932,0.1,0.0691814133655085,3
2021-01-12,-0.0004795932285136,0,0.0691814133655085,3
2021-01-13,0.0017672264654559,0.2,0.133048397199737,7
2021-01-14,-0.0025337316967723,0,0.133048397199737,7
2021-01-15,0.0021120646611713,0,0.133048397199737,7
2021-01-19,-0.0014314452396946,0,0.133048397199737,7
2021-01-20,-0.002442617787431,0.2,0.26157768470021,11
2021-01-21,0.0010958441686869,0.2,0.265351482718169,11
2021-01-22,4.40259065340755e-06,0.05,0.247944680053741,10
2021-01-25,-0.0038112200828948,0,0.247944680053741,10
2021-01-26,0.00047172264804,0.15,0.152888872502957,7
2021-01-27,0.0030880776957341,0.05,0.136050057535742,6
2021-01-28,0.0006470253790448,0.0999999999999999,0.140321765178812,6
2021-01-29,-0.0005372659477484,0.05,0.103489778903986,5
2021-02-01,-0.0008181762190122,0,0.103489778903986,5
2021-02-02,0.0002514637037301,0,0.103489778903986,5
2021-02-03,-0.0008927379295018,0,0.103489778903986,5
2021-02-04,0.0009292345996033,0.05,0.11433702723923,6
2021-02-05,-0.0007914816171713,0.05,0.14275267912371,7
2021-02-08,3.05818010321692e-05,0.05,0.132896720687436,6
2021-02-09,-0.0009865979413501,0,0.132896720687436,6
2021-02-10,-0.0003618638165187,0,0.132896720687436,6
2021-02-11,-0.0012256766010625,0,0.132896720687436,6
2021-02-12,0.0004987023694646,0.05,0.11063887436103,5
2021-02-16,-0.0009114855465524,0,0.11063887436103,5
2021-02-17,-0.0005430730664389,0,0.11063887436103,5
2021-02-18,0.0005022745486933,0.15,0.0884036122246868,4
2021-02-19,-0.0004473387218203,0,0.0884036122246868,4
2021-02-22,0.0016043770195951,0,0.0884036122246868,4
2021-02-23,-0.0001163464229002,0.1,0.0599879603402065,4
2021-02-24,0.0006698296453316,0,0.0599879603402065,4
2021-02-25,-0.0009514548013734,0.05,0.0231559740653799,3
2021-02-26,0.001103427628719,0,0.0231559740653799,3
2021-03-01,-0.0007478586088815,0.0499999999999999,0.0557815039142102,4
2021-03-02,0.0006518200655614,0,0.0557815039142102,4
2021-03-03,-0.0007338609910727,0,0.0557815039142102,4
2021-03-04,-0.0002111423573853,0,0.0557815039142102,4
2021-03-05,0.0005942974064007,0,0.0557815039142102,4
2021-03-08,-0.0022805687769997,0,0.0557815039142102,4
2021-03-09,0.0014104538495141,0.15,0.0811988910718905,5
2021-03-10,-0.0003253191220553,0,0.0811988910718905,5
2021-03-11,0.0002229189534716,0.05,0.0680308773467171,4
2021-03-12,-0.001867272612459,0,0.0680308773467171,4
2021-03-15,-6.96544606224394e-06,0.05,0.0571836290114731,3
2021-03-16,0.0002066019147989,0.05,0.089776826347045,4
2021-03-17,0.0002645713095538,0,0.089776826347045,4
2021-03-18,-0.0007349606746228,0,0.089776826347045,4
2021-03-19,0.0021500009537663,0,0.089776826347045,4
2021-03-22,-0.000309333334264,0,0.089776826347045,4
2021-03-23,0.0004688200087095,0,0.089776826347045,4
2021-03-24,-0.0011349889993263,0,0.089776826347045,4
2021-03-25,-0.0007736655902052,0,0.089776826347045,4
2021-03-26,-0.0017230327886803,0,0.089776826347045,4
2021-03-29,0.0001865422312985,0,0.089776826347045,4
2021-03-30,0.0004317843530675,0,0.089776826347045,4
2021-03-31,0.0013939375304086,0,0.089776826347045,4
2021-04-01,-0.0012764843905019,0,0.089776826347045,4
2021-04-05,0.0009114922570105,0,0.089776826347045,4
2021-04-06,0.0004926206177636,0,0.089776826347045,4
2021-04-07,-4.25118783374022e-05,0,0.089776826347045,4
2021-04-08,0.0013631704379149,0,0.089776826347045,4
2021-04-09,-0.0008870390187337,0,0.089776826347045,4
2021-04-12,-0.0004827701637496,0,0.089776826347045,4
2021-04-13,0.0005355489676837,0,0.089776826347045,4
2021-04-14,0.0005977045593572,0,0.089776826347045,4
2021-04-15,0.0001247050370131,0,0.089776826347045,4
2021-04-16,-0.0002297854271553,0,0.089776826347045,4
2021-04-19,-0.000200982061894,0,0.089776826347045,4
2021-04-20,-0.0004227619649201,0,0.089776826347045,4
2021-04-21,-0.0005753595854758,0,0.089776826347045,4
2021-04-22,0.0005271798656823,0.0499999999999999,0.0571512964982147,3
2021-04-23,-0.0003086182306036,0,0.0571512964982147,3
2021-04-26,-6.9198044239254e-05,0,0.0571512964982147,3
2021-04-27,-0.0006142287012123,0,0.0571512964982147,3
2021-04-28,0.0005795342336876,0,0.0571512964982147,3
2021-04-29,-0.000380567649154,0,0.0571512964982147,3
2021-04-30,-0.0003000518018635,0,0.0571512964982147,3
2021-05-03,-0.0003225388330381,0,0.0571512964982147,3
2021-05-04,-0.0003977883410457,0,0.0571512964982147,3
2021-05-05,0.0003514021187283,0,0.0571512964982147,3
2021-05-06,0.0002949877389048,0,0.0571512964982147,3
2021-05-07,-0.000169088771249,0,0.0571512964982147,3
2021-05-10,-0.0006723003147518,0,0.0571512964982147,3
2021-05-11,0.0001787178772217,0.05,0.0325931973355719,2
2021-05-12,-0.0006991807526202,0.05,0.0541775454510915,3
2021-05-13,8.1967299216666e-05,0,0.0541775454510915,3
2021-05-14,0.0004580355398991,0,0.0541775454510915,3
2021-05-17,-0.0002955404173849,0,0.0541775454510915,3
2021-05-18,-9.67200310040672e-05,0,0.0541775454510915,3
2021-05-19,6.28394537190802e-06,0,0.0541775454510915,3
2021-05-20,0.0003981512831304,0,0.0541775454510915,3
2021-05-21,-0.0001350007044059,0,0.0541775454510915,3
2021-05-24,0.000144832244702,0,0.0541775454510915,3
2021-05-25,1.43847308233615e-06,0,0.0541775454510915,3
2021-05-26,0.0001397740285571,0,0.0541775454510915,3
2021-05-27,-6.05769132209502e-05,0,0.0541775454510915,3
2021-05-28,0.0001931378080813,0,0.0541775454510915,3
2021-06-01,-0.0003030091848401,0,0.0541775454510915,3
2021-06-02,0.0003814936320506,0,0.0541775454510915,3
2021-06-03,-0.000247486856745,0,0.0541775454510915,3
2021-06-04,0.0010264643944289,0,0.0541775454510915,3
2021-06-07,-9.19687388382345e-05,0,0.0541775454510915,3
2021-06-08,-0.0002072397643933,0,0.0541775454510915,3
2021-06-09,0.0003929844179226,0,0.0541775454510915,3
2021-06-10,0.0003787862845363,0,0.0541775454510915,3
2021-06-11,-0.0001136706329742,0.05,0.0325931973355719,2
2021-06-14,-0.0001506750927122,0,0.0325931973355719,2
2021-06-15,0.0004441064193076,0.0999999999999999,0.0835496734371269,4
2021-06-16,0.0001047312720479,0,0.0835496734371269,4
2021-06-17,3.02280181965515e-05,0,0.0835496734371269,4
2021-06-18,0.000878605114572,0,0.0835496734371269,4
2021-06-21,-0.0008648076127668,0,0.0835496734371269,4
2021-06-22,0.0002813957734089,0,0.0835496734371269,4
2021-06-23,0.0002056726936751,0,0.0835496734371269,4
2021-06-24,0.000298960552883,0.05,0.111965325321607,5
2021-06-25,-0.0006717362238889,0,0.111965325321607,5
2021-06-28,0.0001241798426594,0,0.111965325321607,5
2021-06-29,-0.0003291279618962,0,0.111965325321607,5
2021-06-30,0.0002830873877512,0,0.111965325321607,5
2021-07-01,-0.0002196320610404,0,0.111965325321607,5
2021-07-02,1.21139864090232e-05,0,0.111965325321607,5
2021-07-06,-0.0010581926119221,0,0.111965325321607,5
2021-07-07,0.0002281044955635,0.05,0.0835496734371269,4
2021-07-08,6.2890412664026e-06,0.2,0.0835496734371269,3
2021-07-09,0,0,0,0
2021-07-12,0,0,0,0
2021-07-13,0,0,0,0
2021-07-14,-0.0004456215981941,0.1,0.062329081796747,2
2021-07-15,0.0001395186003177,0,0.062329081796747,2
2021-07-16,5.27934605362728e-05,0,0.062329081796747,2
2021-07-19,-2.17232587936289e-05,0.15,0.159569612011909,5
2021-07-20,0.0006688215680861,0.05,0.159569612011909,6
2021-07-21,0.000978687975712,0,0.159569612011909,6
2021-07-22,-0.0010808708004958,0,0.159569612011909,6
2021-07-23,-0.0012290516314481,0,0.159569612011909,6
2021-07-26,0.0006432896109085,0.05,0.192075683046518,7
2021-07-27,-1.47608553324877e-05,0,0.192075683046518,7
2021-07-28,0.0010133769686695,0,0.192075683046518,7
2021-07-29,0.0019548601899707,0,0.192075683046518,7
2021-07-30,-0.001308035803976,0.05,0.158386147895736,6
2021-08-02,0.0002151865170193,0,0.158386147895736,6
2021-08-03,0.0003512010985402,0,0.158386147895736,6
2021-08-04,-0.00111131168154,0,0.158386147895736,6
2021-08-05,0.0002635590132052,0,0.158386147895736,6
2021-08-06,-0.0013512136439618,0,0.158386147895736,6
2021-08-09,-0.0010626865540088,0,0.158386147895736,6
2021-08-10,-6.03384192880678e-05,0.15,0.140446339897188,7
2021-08-11,0.0014737027187735,0,0.140446339897188,7
2021-08-12,-0.0020122979917276,0,0.140446339897188,7
2021-08-13,0.0013677694052049,0,0.140446339897188,7
2021-08-16,-0.0005403791106645,0,0.140446339897188,7
2021-08-17,-0.0010288946652263,0.05,0.116134614872289,6
2021-08-18,-0.0005964950787748,0.1,0.125387100036051,6
2021-08-19,-0.0033714493074024,0.0499999999999999,0.125387100036051,7
2021-08-20,-0.0008324067541355,0.05,0.125387100036051,6
2021-08-23,0.0036900637842935,0.0499999999999999,0.154943247657193,7
2021-08-24,0.0014674502762536,0,0.154943247657193,7
2021-08-25,-0.0005104151430515,0,0.154943247657193,7
2021-08-26,-0.0011217636425706,0,0.154943247657193,7
2021-08-27,0.0033540913467051,0,0.154943247657193,7
2021-08-30,-0.0016619509796488,0,0.154943247657193,7
2021-08-31,-3.54216676052946e-05,0.05,0.116925890885345,6
2021-09-01,0.0003258324662531,0,0.116925890885345,6
2021-09-02,-0.0007764626385816,0,0.116925890885345,6
2021-09-03,0.0036575743563946,0,0.116925890885345,6
2021-09-07,-0.0018360067636499,0,0.116925890885345,6
2021-09-08,-0.0018162699347657,0,0.116925890885345,6
2021-09-09,0.000897046424298,0,0.116925890885345,6
2021-09-10,-0.0005958241462569,0,0.116925890885345,6
2021-09-13,0.0006808340083716,0.1,0.0507302846999559,4
2021-09-14,0.0006193087729108,0,0.0507302846999559,4
2021-09-15,-0.0001719974235383,0,0.0507302846999559,4
2021-09-16,-0.0044859707166075,0.0499999999999999,0.0211741370788132,3
2021-09-17,-0.0029643096435723,0.1,0.0642906717071583,5
2021-09-20,-0.0008775487302615,0.05,0.0873877880177678,6
2021-09-21,0.0010095951199866,0.05,0.121077323168549,7
2021-09-22,0.0007301601882665,0,0.121077323168549,7
2021-09-23,-0.0015369264455863,0,0.121077323168549,7
2021-09-24,-0.0013417341025064,0,0.121077323168549,7
2021-09-27,0.0021322219960134,0.0499999999999999,0.141727345191445,8
2021-09-28,-0.0011705236344707,0.05,0.141727345191445,9
2021-09-29,-0.0067383256305767,0.05,0.105375888843417,8
2021-09-30,0.0032794031346048,0.1,0.0842017517646038,6
2021-10-01,0.0001739216396571,0,0.0842017517646038,6
2021-10-04,0.0006468377901313,0,0.0842017517646038,6
2021-10-05,5.67958019739687e-05,0.0499999999999999,0.104645604143461,7
2021-10-06,0.0010259837867651,0.0499999999999999,0.0839955821205655,6
2021-10-07,0.0004569291772011,0,0.0839955821205655,6
2021-10-08,9.7647762903831e-05,0,0.0839955821205655,6
2021-10-11,-0.0002174923821626,0,0.0839955821205655,6
2021-10-12,0.0014596413646496,0,0.0839955821205655,6
2021-10-13,0.0034452009965802,0,0.0839955821205655,6
2021-10-14,0.00267558187352,0,0.0839955821205655,6
2021-10-15,-0.0011072860503207,0,0.0839955821205655,6
2021-10-18,-0.0005022886922325,0.05,0.060898465809956,5
2021-10-19,0.0013708346512545,0.05,0.0895477595766919,6
2021-10-20,0.0019650193902496,0,0.0895477595766919,6
2021-10-21,-0.0006207631064309,0,0.0895477595766919,6
2021-10-22,0.0008049574364755,0,0.0895477595766919,6
2021-10-25,0.0015032839090306,0,0.0895477595766919,6
2021-10-26,-0.0014027147124858,0,0.0895477595766919,6
2021-10-27,-0.0010480588631816,0,0.0895477595766919,6
2021-10-28,-0.0006593510933598,0,0.0895477595766919,6
2021-10-29,-0.0022825447530295,0,0.0895477595766919,6
2021-11-01,0.0005427470395584,0,0.0895477595766919,6
2021-11-02,-0.0015219306230797,0.05,0.060898465809956,5
2021-11-03,0.0019699122984819,0.05,0.0272089306591748,4
2021-11-04,-0.0002412361930755,0.0499999999999999,0.0067650782803175,3
2021-11-05,0.0022348990091214,0,0.0067650782803175,3
2021-11-08,0.0009543546573265,0,0.0067650782803175,3
2021-11-09,0.00023929045042,0,0.0067650782803175,3
2021-11-10,0.001076494273371,0.0499999999999999,0.0067650782803175,2
2021-11-11,0.0015472851599637,0,0.0067650782803175,2
2021-11-12,0.0002837386841714,0,0.0067650782803175,2
2021-11-15,-0.0003887163377704,0.05,0.0067650782803175,1
2021-11-16,-0.0005313975928368,0,0.0067650782803175,1
2021-11-17,0.0004990388649624,0,0.0067650782803175,1
2021-11-18,-0.0003516680022146,0,0.0067650782803175,1
2021-11-19,-0.0001314501944825,0,0.0067650782803175,1
2021-11-22,-0.0008510705973552,0.05,0.029862194590927,2
2021-11-23,-0.0009796152538621,0,0.029862194590927,2
2021-11-24,-0.0004753908486615,0,0.029862194590927,2
2021-11-26,-0.001463719847182,0.05,0.0412613476349269,3
2021-11-29,-0.0002179673980692,0,0.0412613476349269,3
2021-11-30,-8.50901165183035e-05,0,0.0412613476349269,3
2021-12-01,-0.0008214484235923,0,0.0412613476349269,3
2021-12-02,-0.0004595312233905,0.1,0.0412613476349269,5
2021-12-03,0.0001919536848622,0,0.0412613476349269,5
2021-12-06,0.0004632970373112,0,0.0412613476349269,5
2021-12-07,0.0024589699446276,0,0.0412613476349269,5
2021-12-08,0.0006149940990953,0,0.0412613476349269,5
2021-12-09,-0.003711301754841,0,0.0412613476349269,5
2021-12-10,-0.0002474104071499,0,0.0412613476349269,5
2021-12-13,0.001106856478167,0,0.0412613476349269,5
2021-12-14,-0.0017559577069768,0,0.0412613476349269,5
2021-12-15,5.83644444473977e-05,0,0.0412613476349269,5
2021-12-16,0.0049234171495407,0.0499999999999999,0.0708174952560696,6
2021-12-17,9.58636704228457e-05,0,0.0708174952560696,6
2021-12-20,-0.0002576409604298,0,0.0708174952560696,6
2021-12-21,0.0009521520720409,0,0.0708174952560696,6
2021-12-22,0.0016803009766393,0,0.0708174952560696,6
2021-12-23,0.0008738044139345,0,0.0708174952560696,6
2021-12-27,0.0003237853872995,0,0.0708174952560696,6
2021-12-28,-0.0008050299553481,0.05,0.103323566290678,7
2021-12-29,-0.0001594905660375,0,0.103323566290678,7
2021-12-30,0.0016585225573558,0,0.103323566290678,7
2021-12-31,0.0006731734312256,0,0.103323566290678,7
2022-01-03,-0.0020659674382954,0,0.103323566290678,7
2022-01-04,0.00054402792973,0,0.103323566290678,7
2022-01-05,-0.0017725025051114,0.35,0.0919244132466778,6
2022-01-06,0,0,0,0
2022-01-07,-0.0004906834418088,0.0499999999999999,0,1
2022-01-10,-0.0003502802155062,0.05,0.0059796282122433,2
2022-01-11,0.0008557882039105,0.05,0.0059796282122433,3
2022-01-12,-0.0009245128982688,0,0.0059796282122433,3
2022-01-13,-0.0011909591629298,0,0.0059796282122433,3
2022-01-14,0.0008674586988447,0.0999999999999999,0.0059796282122433,5
2022-01-18,-0.006533652680004,0,0.0059796282122433,5
2022-01-19,-0.00428617480912,0.5,0.013848784794444,7
2022-01-20,-0.0045109195921303,0.15,0.023625984767393,6
2022-01-21,-0.0039295208630577,0.05,0.023625984767393,5
2022-01-24,-0.0001242090341285,0.25,0.0097771999729489,2
2022-01-25,-0.0016336763124563,0.15,0.0097771999729489,5
2022-01-26,-0.0021816731499332,0.15,0.0378765598569161,6
2022-01-27,-0.0031191964502232,0,0.0378765598569161,6
2022-01-28,0.0021208031068935,0.1,0.0378765598569161,4
2022-01-31,0.004821178586345,0,0.0378765598569161,4
2022-02-01,0.0012435868426425,0,0.0378765598569161,4
2022-02-02,0.0001997326306104,0.05,0,3
2022-02-03,-0.0022595677983489,0,0,3
2022-02-04,0.0006349759891866,0,0,3
2022-02-07,-0.0005009097239414,0,0,3
2022-02-08,0.0014253638409726,0,0,3
2022-02-09,0.0024120481442408,0.05,0.0191475607613228,4
2022-02-10,-0.0004891184148677,0.15,0.0191475607613228,1
2022-02-11,-0.0005452794513387,0.0499999999999999,0.0248968359567403,2
2022-02-14,-0.000151587304558,0.05,0.0057492751954174,1
2022-02-15,0.0027561762107123,0.15,0.0057492751954174,4
2022-02-16,0.0007659461100592,0,0.0057492751954174,4
2022-02-17,-0.0020361216251644,0,0.0057492751954174,4
2022-02-18,-0.0016225656506075,0,0.0057492751954174,4
2022-02-22,-0.0022042569858108,0,0.0057492751954174,4
2022-02-23,-0.001489756424327,0.0499999999999999,0.0057492751954174,3
2022-02-24,-0.0006985399981664,0.05,0.0436258350523336,4
2022-02-25,0.0001873216426668,0.1,0.0436258350523336,2
2022-02-28,-0.0002923265484174,0,0.0436258350523336,2
2022-03-01,-0.0004568192063092,0.0499999999999999,0.0378765598569161,1
2022-03-02,0,0.05,0,0
2022-03-03,0,0,0,0
2022-03-04,0,0,0,0
2022-03-07,0,0,0,0
2022-03-08,0,0,0,0
2022-03-09,0,0,0,0
2022-03-10,0,0,0,0
2022-03-11,0.0001016839919356,0.0499999999999999,0.0057492751954174,1
2022-03-14,-0.0003785349601991,0,0.0057492751954174,1
2022-03-15,0,0.0499999999999999,0,0
2022-03-16,0,0,0,0
2022-03-17,0,0,0,0
2022-03-18,0,0,0,0
2022-03-21,0,0,0,0
2022-03-22,0,0,0,0
2022-03-23,0,0,0,0
2022-03-24,0,0,0,0
2022-03-25,0,0,0,0
2022-03-28,0,0,0,0
2022-03-29,0,0,0,0
2022-03-30,0,0,0,0
2022-03-31,0,0,0,0
2022-04-01,0,0,0,0
2022-04-04,0,0,0,0
2022-04-05,0,0,0,0
2022-04-06,0,0,0,0
2022-04-07,0,0,0,0
2022-04-08,0,0,0,0
2022-04-11,0,0,0,0
2022-04-12,0,0,0,0
2022-04-13,0,0,0,0
2022-04-14,0,0,0,0
2022-04-18,0,0,0,0
2022-04-19,0,0,0,0
2022-04-20,0,0,0,0
2022-04-21,0,0,0,0
2022-04-22,0,0,0,0
2022-04-25,0,0,0,0
2022-04-26,0,0,0,0
2022-04-27,0,0,0,0
2022-04-28,0,0,0,0
2022-04-29,0,0,0,0
2022-05-02,0,0,0,0
2022-05-03,0,0,0,0
2022-05-04,0,0,0,0
2022-05-05,0,0,0,0
2022-05-06,0,0,0,0
2022-05-09,0,0,0,0
2022-05-10,0,0,0,0
2022-05-11,0,0,0,0
2022-05-12,0,0,0,0
2022-05-13,0,0,0,0
2022-05-16,0,0,0,0
2022-05-17,0,0,0,0
2022-05-18,0,0,0,0
2022-05-19,0,0,0,0
2022-05-20,0,0,0,0
2022-05-23,0,0,0,0
2022-05-24,0,0,0,0
2022-05-25,0,0,0,0
2022-05-26,0,0,0,0
2022-05-27,0,0,0,0
2022-05-31,0,0,0,0
2022-06-01,0,0,0,0
2022-06-02,0,0,0,0
2022-06-03,0,0,0,0
2022-06-06,0,0,0,0
2022-06-07,0,0,0,0
2022-06-08,0,0,0,0
2022-06-09,0,0,0,0
2022-06-10,0,0,0,0
2022-06-13,0,0,0,0
2022-06-14,0,0,0,0
2022-06-15,0,0,0,0
2022-06-16,0,0,0,0
2022-06-17,0,0,0,0
2022-06-21,0,0,0,0
2022-06-22,0,0,0,0
2022-06-23,0,0,0,0
2022-06-24,0,0,0,0
2022-06-27,0,0,0,0
2022-06-28,0,0,0,0
2022-06-29,0,0,0,0
2022-06-30,0,0,0,0
2022-07-01,0,0,0,0
2022-07-05,0,0,0,0
2022-07-06,0,0,0,0
2022-07-07,0,0,0,0
2022-07-08,0,0,0,0
2022-07-11,0,0,0,0
2022-07-12,-0.000285842586483,0.15,0.0757306403544598,3
2022-07-13,-0.0004834325216249,0.05,0.106382726685294,4
2022-07-14,-0.0006140555857006,0.05,0.133625444379764,5
2022-07-15,0.0009066095690453,0,0.133625444379764,5
2022-07-18,0.0010803762708979,0,0.133625444379764,5
2022-07-19,0.0029834969648181,0,0.133625444379764,5
2022-07-20,-0.0006348129710052,0,0.133625444379764,5
2022-07-21,-0.0005365766529568,0,0.133625444379764,5
2022-07-22,-0.0016975939024156,0,0.133625444379764,5
2022-07-25,0.0012357250900096,0,0.133625444379764,5
2022-07-26,-0.0014220502246603,0,0.133625444379764,5
2022-07-27,0.0019820992135696,0,0.133625444379764,5
2022-07-28,-0.0006431311989535,0.0499999999999999,0.165055949214933,6
2022-07-29,0.000951646971667,0,0.165055949214933,6
2022-08-01,-0.0001103739327909,0.0499999999999999,0.145469342976174,5
2022-08-02,0.0010118731072517,0.15,0.174324428181153,6
2022-08-03,0.0002632570149765,0,0.174324428181153,6
2022-08-04,0.000410464422245,0,0.174324428181153,6
2022-08-05,0.0016218546155843,0,0.174324428181153,6
2022-08-08,-0.0003856593449392,0,0.174324428181153,6
2022-08-09,-0.0002383264960347,0,0.174324428181153,6
2022-08-10,0.0009446933700647,0,0.174324428181153,6
2022-08-11,0.0016037091332938,0.05,0.152543294349254,5
2022-08-12,-0.0005388786007856,0.15,0.175731366760002,6
2022-08-15,-0.0009763175893223,0.15,0.204105486488171,7
2022-08-16,0.0008926328620466,0,0.204105486488171,7
2022-08-17,0.0009777449017405,0.05,0.225741548303933,8
2022-08-18,-0.0006098892508867,0,0.225741548303933,8
2022-08-19,0.0009842456777592,0.05,0.251256702808511,9
2022-08-22,0.0015603676529871,0,0.251256702808511,9
2022-08-23,-0.0005738096725838,0,0.251256702808511,9
2022-08-24,-0.0012773987123477,0.0499999999999999,0.280640505308007,10
2022-08-25,-0.0007523650231799,0,0.280640505308007,10
2022-08-26,0.003375197974708,0,0.280640505308007,10
2022-08-29,0.0008292739841769,0.1,0.280785577324144,10
2022-08-30,0.0021434426529984,0,0.280785577324144,10
2022-08-31,-2.64282103205622e-06,0.05,0.268845793951586,9
2022-09-01,-0.0003128758282935,0,0.268845793951586,9
2022-09-02,0.0003091450662567,0,0.268845793951586,9
2022-09-06,0.0010950360533945,0,0.268845793951586,9
2022-09-07,0.0002792441473066,0.05,0.218845793951586,8
2022-09-08,-0.0010973332543678,0.05,0.246088511646056,9
2022-09-09,0.0005275291111959,0.05,0.220573357141478,8
2022-09-12,-0.0001887659014353,0.1,0.243946226430977,10
2022-09-13,0.0052536146477453,0.25,0.269980397690872,11
2022-09-14,-0.0005994895250579,0.0499999999999999,0.240596595191375,10
2022-09-15,0.0006902630225945,0,0.240596595191375,10
2022-09-16,0.0007860876027764,0,0.240596595191375,10
2022-09-19,-0.0008102963526702,0.0499999999999999,0.240596595191375,11
2022-09-20,9.56364866130896e-05,0.05,0.190596595191375,10
2022-09-21,0.0009599726857587,0.05,0.212377729023274,11
2022-09-22,0.0001111897898067,0.1,0.214564220632164,11
2022-09-23,-0.0028996307677772,0.0499999999999999,0.183133715796995,10
2022-09-26,-0.0024442183489552,0.2,0.134200513888106,8
2022-09-27,-0.0005278107880246,0,0.134200513888106,8
2022-09-28,0.0021671230848269,0.15,0.0997603678058496,5
2022-09-29,-0.000162605379468,0,0.0997603678058496,5
2022-09-30,-0.0001494547021398,0.1,0.152944593391744,7
2022-10-03,0.0019775126816358,0,0.152944593391744,7
2022-10-04,0.0032141580390234,0.05,0.152944593391744,6
2022-10-05,0.0002977109997467,0.05,0.125701875697274,5
2022-10-06,-0.0005480712799628,0.05,0.143101990327143,6
2022-10-07,-0.0004796625179195,0,0.143101990327143,6
2022-10-10,-0.0002145401879139,0,0.143101990327143,6
2022-10-11,-0.0014107424084758,0,0.143101990327143,6
2022-10-12,-0.0001625838027778,0,0.143101990327143,6
2022-10-13,0.0008954415083849,0,0.143101990327143,6
2022-10-14,0.0001237982638775,0,0.143101990327143,6
2022-10-17,0.001701144427299,0,0.143101990327143,6
2022-10-18,-0.000540491859072,0.0499999999999999,0.170254058404133,7
2022-10-19,-0.000387146693652,0.1,0.156507355620835,7
2022-10-20,0.0015246754331886,0.0499999999999999,0.137939212032017,6
2022-10-21,-0.000220699044569,0.0499999999999999,0.115407072776956,5
2022-10-24,-0.0027193551311025,0.15,0.144757836022306,6
2022-10-25,-0.0010738670499452,0.15,0.146989570444813,5
2022-10-26,-0.0003703750724764,0,0.146989570444813,5
2022-10-27,0.0009707853273835,0,0.146989570444813,5
2022-10-28,-0.0026658040557848,0,0.146989570444813,5
2022-10-31,0.0001579811799169,0.1,0.0753535086290504,3
2022-11-01,0.0004736999224612,0.0499999999999999,0.10678401346422,4
2022-11-02,0.00059915875412,0,0.10678401346422,4
2022-11-03,0.000396181413834,0,0.10678401346422,4
2022-11-04,-0.0006147708567858,0,0.10678401346422,4
2022-11-07,-0.0004737002230957,0.05,0.0761319271333857,3
2022-11-08,-0.0001520211217746,0,0.0761319271333857,3
2022-11-09,0.0015254737250963,0.0499999999999999,0.106545320894626,4
2022-11-10,-0.0025010967652885,0,0.106545320894626,4
2022-11-11,-0.0006878900809301,0.05,0.0792440132262792,3
2022-11-14,0.0005085289496642,0.1,0.117638395248007,5
2022-11-15,0.000611048504029,0,0.117638395248007,5
2022-11-16,0.0011342781488024,0,0.117638395248007,5
2022-11-17,-0.0003565595757649,0,0.117638395248007,5
2022-11-18,-0.0006296153002472,0,0.117638395248007,5
2022-11-21,0.000680549528029,0.05,0.100238280618138,4
2022-11-22,-0.0001649979560313,0,0.100238280618138,4
2022-11-23,7.18447635258043e-05,0,0.100238280618138,4
2022-11-25,-0.0005566365954063,0,0.100238280618138,4
2022-11-28,0.001172598933178,0,0.100238280618138,4
2022-11-29,-0.0005148805234964,0.0499999999999999,0.0688077757829687,3
2022-11-30,-0.0003066671099547,0,0.0688077757829687,3
2022-12-01,0.000775388221352,0,0.0688077757829687,3
2022-12-02,0.0005073166261699,0,0.0688077757829687,3
2022-12-05,0.0002342663112719,0,0.0688077757829687,3
2022-12-06,0.0007908002916651,0.05,0.0460504934774392,2
2022-12-07,0.0007060827415555,0,0.0460504934774392,2
2022-12-08,-0.0004529049925903,0,0.0460504934774392,2
2022-12-09,-0.0007883838984446,0,0.0460504934774392,2
2022-12-12,-9.60119338366989e-05,0,0.0460504934774392,2
2022-12-13,-0.0001919063731097,0,0.0460504934774392,2
2022-12-14,0.0002168469681253,0,0.0460504934774392,2
2022-12-15,0.0014194390633776,0,0.0460504934774392,2
2022-12-16,0.000125132708978,0,0.0460504934774392,2
2022-12-19,-0.0005335509297452,0,0.0460504934774392,2
2022-12-20,-0.0007501986582305,0,0.0460504934774392,2
2022-12-21,-0.0003952135630251,0,0.0460504934774392,2
2022-12-22,0.0003968433024125,0,0.0460504934774392,2
2022-12-23,-0.0005936443457625,0,0.0460504934774392,2
2022-12-27,-0.000771719962704,0,0.0460504934774392,2
2022-12-28,0.0002634962855411,0,0.0460504934774392,2
2022-12-29,-0.0003812387413472,0,0.0460504934774392,2
2022-12-30,0.0001508005764506,0,0.0460504934774392,2
2023-01-03,0.0001085539350057,0,0.0460504934774392,2
2023-01-04,-0.0003200578619306,0,0.0460504934774392,2
2023-01-05,0.000432823244944,0,0.0460504934774392,2
2023-01-06,-0.0003710831816067,0.1,0.0460504934774392,2
2023-01-09,0,0,0,0
2023-01-10,0,0,0,0
2023-01-11,0.0002462735605264,0.0499999999999999,0.0277162657547395,1
2023-01-12,0.0003028190432896,0,0.0277162657547395,1
2023-01-13,-0.0003912536104456,0,0.0277162657547395,1
2023-01-17,1.03224801333608e-05,0,0.0277162657547395,1
2023-01-18,0.0007110526639502,0.0499999999999999,0.0650101719508055,2
2023-01-19,-0.000612160276589,0,0.0650101719508055,2
2023-01-20,-0.0005029737773248,0,0.0650101719508055,2
2023-01-23,-0.0003827321024592,0,0.0650101719508055,2
2023-01-24,0.000610763097912,0.0999999999999999,0.0979239031372306,4
2023-01-25,0.000111707688755,0,0.0979239031372306,4
2023-01-26,-0.0006763877863346,0.05,0.120230564749075,5
2023-01-27,-0.0001066940900211,0.05,0.126290968282533,6
2023-01-30,0.0009552761215563,0,0.126290968282533,6
2023-01-31,0.0007725420579749,0,0.126290968282533,6
2023-02-01,2.05361888540821e-05,0,0.126290968282533,6
2023-02-02,0.0009287395000222,0,0.126290968282533,6
2023-02-03,0.0005277006736124,0.0999999999999999,0.173476201567132,8
2023-02-06,0.0008991080811529,0.0499999999999999,0.191928733440752,9
2023-02-07,-0.00025764451135,0,0.191928733440752,9
2023-02-08,0.002156058707816,0.15,0.25626318585202,12
2023-02-09,-0.0010497881896649,0,0.25626318585202,12
2023-02-10,-0.0005133567574999,0,0.25626318585202,12
2023-02-13,-0.001083370562222,0.0499999999999999,0.2378106539784,11
2023-02-14,-0.0008589933936981,0,0.2378106539784,11
2023-02-15,-0.0008900965778126,0.1,0.268590063810727,13
2023-02-16,0.0007275696528829,0.1,0.329897169033256,15
2023-02-17,0.0032186232542858,0,0.329897169033256,15
2023-02-21,0.0018152681709193,0,0.329897169033256,15
2023-02-22,0.0014162563648256,0,0.329897169033256,15
2023-02-23,-0.0007389368953749,0,0.329897169033256,15
2023-02-24,0.0019774892665834,0,0.329897169033256,15
2023-02-27,-0.0008615803816188,0,0.329897169033256,15
2023-02-28,0.0016557712715907,0,0.329897169033256,15
2023-03-01,-0.0027587839736374,0,0.329897169033256,15
2023-03-02,-0.0031178179246203,0,0.329897169033256,15
2023-03-03,-0.0002994372943831,0,0.329897169033256,15
2023-03-06,-0.0011109470074333,0,0.329897169033256,15
2023-03-07,0.0030723630115936,0,0.329897169033256,15
2023-03-08,-0.0022138053412442,0,0.329897169033256,15
2023-03-09,0.0048899040468423,0.05,0.307590507421411,14
2023-03-10,0.0094758858313558,0,0.307590507421411,14
2023-03-13,0.0002106839852696,0.5,0.0880947432591687,6
2023-03-14,-0.0024029148482328,0,0.0880947432591687,6
2023-03-15,0.0004913114327394,0,0.0880947432591687,6
2023-03-16,-0.0020652957375378,0.05,0.0820343397257109,5
2023-03-17,0.0001259208244581,0,0.0820343397257109,5
2023-03-20,-0.0004476746270169,0.0499999999999999,0.0576002790656998,4
2023-03-21,-0.0011201245330699,0,0.0576002790656998,4
2023-03-22,0.0013270963784717,0.0499999999999999,0.0891477471920796,5
2023-03-23,-0.0009138704050307,0,0.0891477471920796,5
2023-03-24,0.0001631736820248,0,0.0891477471920796,5
2023-03-27,-0.0001095430840403,0,0.0891477471920796,5
2023-03-28,0.0005154986299915,0,0.0891477471920796,5
2023-03-29,-0.0014322316840886,0,0.0891477471920796,5
2023-03-30,-0.0007621116891029,0.05,0.116652479327005,6
2023-03-31,0.0004664932733454,0,0.116652479327005,6
2023-04-03,0.0014089322583167,0,0.116652479327005,6
2023-04-04,0.0005495305994925,0,0.116652479327005,6
2023-04-05,0.0014430860060457,0,0.116652479327005,6
2023-04-06,-0.0003299652038436,0,0.116652479327005,6
2023-04-10,-0.0014304610661967,0.0499999999999999,0.0851050112006249,5
2023-04-11,0.0011613014890774,0,0.0851050112006249,5
2023-04-12,0.0007392911767352,0,0.0851050112006249,5
2023-04-13,-0.0013461092331348,0,0.0851050112006249,5
2023-04-14,-0.0006132834606885,0,0.0851050112006249,5
2023-04-17,-0.0005195892669901,0,0.0851050112006249,5
2023-04-18,0.0001326585829064,0.1,0.130151474740257,7
2023-04-19,-0.0003091496447018,0,0.130151474740257,7
2023-04-20,0.0012546005368315,0,0.130151474740257,7
2023-04-21,-0.0001062527803409,0,0.130151474740257,7
2023-04-24,0.0014942862292214,0,0.130151474740257,7
2023-04-25,0.0036104437636273,0,0.130151474740257,7
2023-04-26,-0.0029550612456047,0,0.130151474740257,7
2023-04-27,-0.004194773165444,0,0.130151474740257,7
2023-04-28,0.0010231339561,0,0.130151474740257,7
2023-05-01,-0.002840661819555,0,0.130151474740257,7
2023-05-02,0.0025991806564689,0.1,0.13776727805694,7
2023-05-03,0.0021074177423521,0,0.13776727805694,7
2023-05-04,0.0003456911598638,0,0.13776727805694,7
2023-05-05,-0.0024757517871675,0,0.13776727805694,7
2023-05-08,-0.0014254000277764,0,0.13776727805694,7
2023-05-09,0.0007392875298365,0,0.13776727805694,7
2023-05-10,4.8850220009122e-05,0,0.13776727805694,7
2023-05-11,0.0001515769389758,0,0.13776727805694,7
2023-05-12,-0.0010839297162009,0,0.13776727805694,7
2023-05-15,-0.0007449652170387,0,0.13776727805694,7
2023-05-16,-0.0010926065708507,0,0.13776727805694,7
2023-05-17,-0.0015167422846016,0,0.13776727805694,7
2023-05-18,-0.0033057902116739,0.1,0.127688171187194,7
2023-05-19,-0.0001724698435126,0.15,0.11805063894756,6
2023-05-22,1.22713105381508e-05,0,0.11805063894756,6
2023-05-23,0.0025067343098397,0.0499999999999999,0.1457669047023,7
2023-05-24,5.68074897630298e-05,0,0.1457669047023,7
2023-05-25,-0.0031990720604573,0,0.1457669047023,7
2023-05-26,-0.0008194503202781,0.05,0.13002949857955,6
2023-05-30,-0.000122463886071,0.05,0.100720441162668,5
2023-05-31,0.0008601599280824,0,0.100720441162668,5
2023-06-01,-0.0001961916701802,0,0.100720441162668,5
2023-06-02,-0.0015204981418188,0,0.100720441162668,5
2023-06-05,4.60701213780805e-05,0.05,0.083294815897489,4
2023-06-06,0.0001954755023297,0,0.083294815897489,4
2023-06-07,-0.0002423133811621,0,0.083294815897489,4
2023-06-08,9.7166940829933e-05,0,0.083294815897489,4
2023-06-09,-0.0006481936571389,0,0.083294815897489,4
2023-06-12,-0.0006914386746285,0,0.083294815897489,4
2023-06-13,-0.000414948838267,0,0.083294815897489,4
2023-06-14,-0.0002973498454558,0.15,0.0457314883754242,3
2023-06-15,0.0008958651576538,0.0499999999999999,0.0606299969411647,4
2023-06-16,-3.49718666984878e-06,0,0.0606299969411647,4
2023-06-20,0.0011998573206113,0,0.0606299969411647,4
2023-06-21,0.0008184378865796,0,0.0606299969411647,4
2023-06-22,-0.0011459271139136,0,0.0606299969411647,4
2023-06-23,0.0006985492742298,0,0.0606299969411647,4
2023-06-26,-0.0004005438255257,0,0.0606299969411647,4
2023-06-27,-0.0014388247326854,0,0.0606299969411647,4
2023-06-28,0.0008079671988666,0,0.0606299969411647,4
2023-06-29,-0.0009385878295838,0,0.0606299969411647,4
2023-06-30,0.0003342275686688,0,0.0606299969411647,4
2023-07-03,-0.0010336772129782,0,0.0606299969411647,4
2023-07-05,5.85704254590941e-05,0,0.0606299969411647,4
2023-07-06,9.53612301446678e-05,0,0.0606299969411647,4
2023-07-07,-0.0005642809635868,0,0.0606299969411647,4
2023-07-10,0.0008265415376374,0,0.0606299969411647,4
2023-07-11,-5.02112251154193e-05,0.2,0.0606299969411647,4
2023-07-12,0,0,0,0
2023-07-13,0,0,0,0
2023-07-14,0,0,0,0
2023-07-17,0,0,0,0
2023-07-18,0,0,0,0
2023-07-19,0,0,0,0
2023-07-20,0.0001231770781842,0.0499999999999999,0.0499999999999999,1
2023-07-21,-0.0001931744580854,0,0.0499999999999999,1
2023-07-24,-0.0007295772208318,0,0.0499999999999999,1
2023-07-25,-0.000678123616891,0.1,0.126731744965565,3
2023-07-26,0.0003759869199371,0,0.126731744965565,3
2023-07-27,-0.0002475582799751,0,0.126731744965565,3
2023-07-28,-0.0008499104943538,0.0499999999999999,0.147653939348356,4
2023-07-31,-0.0012386814757146,0.1,0.247653939348356,6
2023-08-01,0.0005463952364599,0.0499999999999999,0.297653939348356,7
2023-08-02,0.0044632127370774,0,0.297653939348356,7
2023-08-03,-0.0030680907796562,0,0.297653939348356,7
2023-08-04,-0.0006499428293921,0,0.297653939348356,7
2023-08-07,-0.0012032891445965,0,0.297653939348356,7
2023-08-08,0.0008010264480326,0.05,0.31493756983462,8
2023-08-09,-0.0014022088846947,0,0.31493756983462,8
2023-08-10,0.0019828230771005,0,0.31493756983462,8
2023-08-11,0.0001998568481808,0,0.31493756983462,8
2023-08-14,0.0009039468576504,0,0.31493756983462,8
2023-08-15,0.0035301044770501,0,0.31493756983462,8
2023-08-16,0.0021471627885837,0,0.31493756983462,8
2023-08-17,-0.0003187769478386,0.05,0.26493756983462,7
2023-08-18,-0.0011512172666426,0,0.26493756983462,7
2023-08-21,0.0008769591241674,0,0.26493756983462,7
2023-08-22,0.0008024610272384,0,0.26493756983462,7
2023-08-23,0.0006101872726875,0,0.26493756983462,7
2023-08-24,0.0003509165910938,0,0.26493756983462,7
2023-08-25,-0.0019217032092698,0,0.26493756983462,7
2023-08-28,-0.0004355989562861,0,0.26493756983462,7
2023-08-29,-0.0024854912246046,0,0.26493756983462,7
2023-08-30,-0.0006720963729823,0,0.26493756983462,7
2023-08-31,-0.0020116064240238,0,0.26493756983462,7
2023-09-01,-0.003297911239615,0,0.26493756983462,7
2023-09-05,-0.0015803511718294,0.2,0.357018572623558,9
2023-09-06,-0.0012339003481347,0,0.357018572623558,9
2023-09-07,0.0009181879442225,0,0.357018572623558,9
2023-09-08,-0.0005282029621983,0,0.357018572623558,9
2023-09-11,-0.0015695749090772,0,0.357018572623558,9
2023-09-12,-0.0016526109128613,0.05,0.383282628256859,10
2023-09-13,-0.0005506665129053,0.1,0.383282628256859,10
2023-09-14,-0.004072124281662,0.0499999999999999,0.433282628256859,11
2023-09-15,0.0001181358878544,0.15,0.383282628256859,10
2023-09-18,-0.0008122073319421,0,0.383282628256859,10
2023-09-19,-0.0001032245332678,0,0.383282628256859,10
2023-09-20,0.0018077032613072,0,0.383282628256859,10
2023-09-21,0.0008087403628467,0.0499999999999999,0.383282628256859,11
2023-09-22,-0.0015314001444045,0.0499999999999999,0.397735645457145,12
2023-09-25,-0.0008378855183752,0,0.397735645457145,12
2023-09-26,0.0033026840617066,0.05,0.380452014970881,11
2023-09-27,-0.0006422751437865,0,0.380452014970881,11
2023-09-28,0.0004440469726663,0,0.380452014970881,11
2023-09-29,0.0020219999427934,0,0.380452014970881,11
2023-10-02,0.0001689801664051,0,0.380452014970881,11
2023-10-03,0.0006312840799529,0,0.380452014970881,11
2023-10-04,0.0063714934475836,0.0999999999999999,0.338505558160193,11
2023-10-05,0.0042779737335164,0.15,0.188505558160193,8
2023-10-06,-0.0013582086089366,0,0.188505558160193,8
2023-10-09,-0.0024500240271783,0,0.188505558160193,8
2023-10-10,0.0001003605536561,0,0.188505558160193,8
2023-10-11,-2.15655135614901e-05,0,0.188505558160193,8
2023-10-12,-0.0032391474038365,0,0.188505558160193,8
2023-10-13,-0.0023400243605218,0.0499999999999999,0.188505558160193,7
2023-10-16,-0.0001072941960409,0,0.188505558160193,7
2023-10-17,-0.0007006643097047,0,0.188505558160193,7
2023-10-18,-0.001852656363355,0,0.188505558160193,7
2023-10-19,-0.0019716447338724,0.1,0.135509757561327,5
2023-10-20,0.0015599489066852,0.0499999999999999,0.185509757561327,6
2023-10-23,0.0011780976141057,0,0.185509757561327,6
2023-10-24,0.0013660725149982,0.0499999999999999,0.171056740361041,5
2023-10-25,-0.0014026427139008,0,0.171056740361041,5
2023-10-26,0.0021111082612132,0,0.171056740361041,5
2023-10-27,-0.0021772677928904,0,0.171056740361041,5
2023-10-30,0.0019331981812092,0,0.171056740361041,5
2023-10-31,0.0010503642685976,0,0.171056740361041,5
2023-11-01,0.0007857327952018,0,0.171056740361041,5
2023-11-02,-0.0012248372449252,0,0.171056740361041,5
2023-11-03,0.0008868345633708,0,0.171056740361041,5
2023-11-06,-0.0008261191600249,0,0.171056740361041,5
2023-11-07,0.0039597307046961,0,0.171056740361041,5
2023-11-08,0.0022050510242501,0,0.171056740361041,5
2023-11-09,-0.0001361975520809,0.1,0.113003197171729,3
2023-11-10,-0.0001693240062899,0.0499999999999999,0.0630031971717291,2
2023-11-13,-0.0005909576175945,0,0.0630031971717291,2
2023-11-14,0.000550559788741,0,0.0630031971717291,2
2023-11-15,5.83603415541787e-05,0,0.0630031971717291,2
2023-11-16,0.0013486076951105,0,0.0630031971717291,2
2023-11-17,5.71912927587408e-05,0.0499999999999999,0.020922194382791,1
2023-11-20,-0.0001434714041508,0,0.020922194382791,1
2023-11-21,0.0001395730576403,0,0.020922194382791,1
2023-11-22,0.000158764074517,0,0.020922194382791,1
2023-11-24,-0.0001597600965652,0,0.020922194382791,1
2023-11-27,0.0003206821746415,0,0.020922194382791,1
2023-11-28,0,0.0499999999999999,0,0
2023-11-29,-0.000668692945964,0.05,0.0346814916675782,1
2023-11-30,0.0002428959705335,0,0.0346814916675782,1
2023-12-01,-0.0005819491860112,0,0.0346814916675782,1
2023-12-04,-0.0002257878793066,0.05,0.0766279484782667,2
2023-12-05,-0.0004008826894433,0.05,0.0419464568106884,1
2023-12-06,-0.0001046358242462,0,0.0419464568106884,1
2023-12-07,1.39628215787073e-05,0,0.0419464568106884,1
2023-12-08,0.0001004862669465,0,0.0419464568106884,1
2023-12-11,2.62474333416223e-05,0,0.0419464568106884,1
2023-12-12,-7.13708628191259e-05,0,0.0419464568106884,1
2023-12-13,-0.0005323978979,0.0499999999999999,0.0498654540217503,2
2023-12-14,0.0003178987452533,0.05,0.0079189972110618,1
2023-12-15,0.0001990593149895,0,0.0079189972110618,1
2023-12-18,0.0003846859218826,0,0.0079189972110618,1
2023-12-19,0.000203202223314,0,0.0079189972110618,1
2023-12-20,-0.0003018318871324,0,0.0079189972110618,1
2023-12-21,0.0003934252311032,0.0499999999999999,0.0369968028282708,2
2023-12-22,-0.0001761284969787,0,0.0369968028282708,2
2023-12-26,0.0003980197800709,0,0.0369968028282708,2
2023-12-27,-0.00032426996309,0,0.0369968028282708,2
2023-12-28,-0.0001389181798725,0,0.0369968028282708,2
2023-12-29,-7.53326546807214e-06,0,0.0369968028282708,2
2024-01-02,-0.0004168163505481,0,0.0369968028282708,2
2024-01-03,0.0007497637134362,0,0.0369968028282708,2
2024-01-04,-0.0001740704331927,0,0.0369968028282708,2
2024-01-05,0.0002462666748276,0,0.0369968028282708,2
2024-01-08,-0.0008457270838162,0,0.0369968028282708,2
2024-01-09,5.14970336354193e-05,0.0999999999999999,0.0369968028282708,2
2024-01-10,0,0,0,0
2024-01-11,-0.0009096961085357,0.15,0.11011190680529,3
2024-01-12,-0.0014358573163242,0.15,0.219992935170929,6
2024-01-16,0.0003636140690956,0.1,0.216175713774788,6
2024-01-17,0.001132698479986,0,0.216175713774788,6
2024-01-18,-0.0009741411058731,0.05,0.176438075716062,5
2024-01-19,0.0003321475022738,0.0499999999999999,0.210249687260617,6
2024-01-22,-0.0024883563845293,0.05,0.239894195406359,7
2024-01-23,0.0016037766015346,0.0499999999999999,0.204811094170822,6
2024-01-24,-0.0001773510184205,0,0.204811094170822,6
2024-01-25,0.0007194910737095,0,0.204811094170822,6
2024-01-26,0.0010162103819133,0,0.204811094170822,6
2024-01-29,-0.0011529934404392,0.05,0.175108415342975,5
2024-01-30,-6.67208560060956e-05,0,0.175108415342975,5
2024-01-31,-0.0009621258192455,0,0.175108415342975,5
2024-02-01,-0.0004510175213141,0.05,0.135157318220398,4
2024-02-02,3.96394586091637e-05,0.05,0.154166320122599,5
2024-02-05,0.0005960731664987,0,0.154166320122599,5
2024-02-06,0.0005685398716242,0.15,0.23065856668635,8
2024-02-07,-0.000338132209019,0,0.23065856668635,8
2024-02-08,-0.0001721271366352,0,0.23065856668635,8
2024-02-09,-0.0001484589925231,0.05,0.201014058540609,7
2024-02-12,-0.0011099112793072,0,0.201014058540609,7
2024-02-13,-3.77643705421633e-05,0,0.201014058540609,7
2024-02-14,-0.0003599886021654,0,0.201014058540609,7
2024-02-15,-0.0003403414626178,0,0.201014058540609,7
2024-02-16,-0.0003856464053206,0,0.201014058540609,7
2024-02-20,-0.0002296645944421,0,0.201014058540609,7
2024-02-21,0.0008636513507786,0.0499999999999999,0.23802916825501,8
2024-02-22,-0.0015329946540857,0.05,0.219020166352808,7
2024-02-23,-0.0006742398166909,0.05,0.182165797830232,6
2024-02-26,-0.0008736207300169,0,0.182165797830232,6
2024-02-27,0.0003533722872846,0.15,0.168282114707355,5
2024-02-28,0.0006057336902632,0,0.168282114707355,5
2024-02-29,-0.0004552379546031,0,0.168282114707355,5
2024-03-01,-0.0015810331059553,0,0.168282114707355,5
2024-03-04,0.0007994564354225,0.05,0.13343528469983,4
2024-03-05,-0.0008134216219034,0,0.13343528469983,4
2024-03-06,-0.0007328697672826,0,0.13343528469983,4
2024-03-07,-6.69087125914511e-06,0.1,0.0667174961575827,2
2024-03-08,7.03499374791154e-06,0,0.0667174961575827,2
2024-03-11,-5.79607805070909e-05,0.0499999999999999,0.0809477311167029,3
2024-03-12,2.76258887221759e-05,0.0499999999999999,0.114285821351403,4
2024-03-13,0.0001598023138236,0,0.114285821351403,4
2024-03-14,-7.11809213324727e-05,0,0.114285821351403,4
2024-03-15,0.0003611481535777,0.0499999999999999,0.0804742098068476,3
2024-03-18,-0.0003409111524555,0,0.0804742098068476,3
2024-03-19,0.0002885974926321,0,0.0804742098068476,3
2024-03-20,-0.0001495795828896,0,0.0804742098068476,3
2024-03-21,0.0003536286100836,0,0.0804742098068476,3
2024-03-22,0.0001530506982503,0.05,0.0475683251938205,2
2024-03-25,-0.0002227635785025,0,0.0475683251938205,2
2024-03-26,5.35734907452006e-05,0,0.0475683251938205,2
2024-03-27,-0.0002122468198372,0,0.0475683251938205,2
2024-03-28,-0.0001614295465042,0,0.0475683251938205,2
2024-04-01,-0.0002526982450427,0,0.0475683251938205,2
2024-04-02,-0.0003470088080266,0.0499999999999999,0.0333380902347003,1
2024-04-03,-0.0004524800353003,0.05,0.0627013828722184,2
2024-04-04,0.0002772124915386,0.0499999999999999,0.0293632926375181,1
2024-04-05,-0.000282081674764,0,0.0293632926375181,1
2024-04-08,0.000135531091729,0,0.0293632926375181,1
2024-04-09,-0.0002726470443676,0,0.0293632926375181,1
2024-04-10,0.0001486777980806,0,0.0293632926375181,1
2024-04-11,-0.0001147284917581,0,0.0293632926375181,1
2024-04-12,0.0008355686146262,0.05,0.0622691772505452,2
2024-04-15,0.0004945064473924,0,0.0622691772505452,2
2024-04-16,1.57334786166577e-05,0,0.0622691772505452,2
2024-04-17,-0.0004666075163627,0,0.0622691772505452,2
2024-04-18,0.0001106112812687,0,0.0622691772505452,2
2024-04-19,-0.0001397090667904,0,0.0622691772505452,2
2024-04-22,-0.0003547686112066,0.1,0.0455516810929625,2
2024-04-23,0.0001197608947708,0,0.0455516810929625,2
2024-04-24,-0.0003097693640853,0,0.0455516810929625,2
2024-04-25,-9.98998396209476e-05,0,0.0455516810929625,2
2024-04-26,0.0002576179846218,0.0499999999999999,0.0293632926375181,1
2024-04-29,-0.0004278230422519,0,0.0293632926375181,1
2024-04-30,0.0005835616691062,0,0.0293632926375181,1
2024-05-01,-0.0001772323954341,0,0.0293632926375181,1
2024-05-02,-0.0001691097648252,0,0.0293632926375181,1
2024-05-03,-0.0002205974606044,0,0.0293632926375181,1
2024-05-06,-8.59774226208122e-05,0,0.0293632926375181,1
2024-05-07,0.0001219292073004,0.05,0.0546884714767329,2
2024-05-08,0.0001451928483657,0,0.0546884714767329,2
2024-05-09,-0.0002653300187283,0,0.0546884714767329,2
2024-05-10,-0.0001646194367911,0,0.0546884714767329,2
2024-05-13,0.0002816430394931,0,0.0546884714767329,2
2024-05-14,-0.000371248121659,0,0.0546884714767329,2
2024-05-15,0.0002154920591119,0,0.0546884714767329,2
2024-05-16,0.0002894517843723,0,0.0546884714767329,2
2024-05-17,-0.0002790594303575,0.05,0.08759435608976,3
2024-05-20,3.77029288938077e-05,0,0.08759435608976,3
2024-05-21,-3.05936482880861e-05,0,0.08759435608976,3
2024-05-22,0.0002002622583595,0,0.08759435608976,3
2024-05-23,1.1144112261468e-05,0.05,0.0546884714767329,2
2024-05-24,-8.37253757598718e-05,0,0.0546884714767329,2
2024-05-28,4.09583239565042e-05,0,0.0546884714767329,2
2024-05-29,0.0004369733893285,0,0.0546884714767329,2
2024-05-30,-0.0005906342502169,0.05,0.0799664371702528,3
2024-05-31,-0.0013011505698861,0,0.0799664371702528,3
2024-06-03,4.0508052450584e-05,0,0.0799664371702528,3
2024-06-04,-0.0001300909501084,0,0.0799664371702528,3
2024-06-05,-6.22117389460749e-05,0,0.0799664371702528,3
2024-06-06,0.0005760531613745,0,0.0799664371702528,3
2024-06-07,-0.0003845848757103,0,0.0799664371702528,3
2024-06-10,0.000577405797481,0.05,0.0546884714767329,2
2024-06-11,0.0002573399147529,0,0.0546884714767329,2
2024-06-12,9.24757134658614e-05,0,0.0546884714767329,2
2024-06-13,0.0005451079686235,0,0.0546884714767329,2
2024-06-14,0.0002715061217165,0.05,0.0253251788392147,1
2024-06-17,0,0.05,0,0
2024-06-18,0,0,0,0
2024-06-20,0,0,0,0
2024-06-21,0,0,0,0
2024-06-24,0,0,0,0
2024-06-25,0,0,0,0
2024-06-26,0,0,0,0
2024-06-27,0,0,0,0
2024-06-28,0,0,0,0
2024-07-01,0,0,0,0
2024-07-02,0,0,0,0
2024-07-03,0,0,0,0
2024-07-05,2.24269750537227e-05,0.05,0.0253251788392147,1
2024-07-08,9.91417591387371e-05,0,0.0253251788392147,1
2024-07-09,0.0002214335312138,0,0.0253251788392147,1
2024-07-10,-0.0001241481990043,0,0.0253251788392147,1
2024-07-11,0.0001013270297377,0.05,0.0253251788392147,1
2024-07-12,0,0,0,0
2024-07-15,-6.06222539521018e-05,0.15,0.0915246328101499,3
2024-07-16,4.2589256374381e-05,0,0.0915246328101499,3
2024-07-17,2.5488522536225e-05,0,0.0915246328101499,3
2024-07-18,6.09564564034781e-05,0,0.0915246328101499,3
2024-07-19,0.000155232317629,0,0.0915246328101499,3
2024-07-22,-0.0003077729887626,0.0499999999999999,0.112323190544467,4
2024-07-23,-0.000309646944712,0.15,0.152749965397533,7
2024-07-24,0.0010255880163358,0.1,0.174045394135851,9
2024-07-25,-0.0006619302671278,0.1,0.110662021632897,7
2024-07-26,7.14709885868988e-05,0.2,0.175471056891429,11
2024-07-29,0.0024627542412406,0,0.175471056891429,11
2024-07-30,-0.0005392012739563,0,0.175471056891429,11
2024-07-31,0.004406861372739,0.05,0.19559070910747,12
2024-08-01,0.0015811945883726,0.05,0.178956697787932,11
2024-08-02,-0.0008346763218149,0.15,0.240895845731871,12
2024-08-05,0.0001137267616488,0.35,0.174385905998398,9
2024-08-06,0.0002525629919855,0.15,0.163066479270639,8
2024-08-07,-0.0003511025627836,0,0.163066479270639,8
2024-08-08,0.0006072921785131,0,0.163066479270639,8
2024-08-09,0.000246555324602,0.1,0.173473796245156,8
2024-08-12,2.24720020108797e-05,0,0.173473796245156,8
2024-08-13,0.0011444609222532,0.0499999999999999,0.203348004412944,9
2024-08-14,-0.000467604021228,0,0.203348004412944,9
2024-08-15,0.0015685979463611,0,0.203348004412944,9
2024-08-16,0.0002065713011725,0,0.203348004412944,9
2024-08-19,-0.0005348925195552,0,0.203348004412944,9
2024-08-20,0.0002735656231983,0.05,0.183228352196903,8
2024-08-21,0.0002442689660917,0,0.183228352196903,8
2024-08-22,-0.0010611172781662,0,0.183228352196903,8
2024-08-23,-0.0002065838237974,0,0.183228352196903,8
2024-08-26,9.6278716739313e-05,0.05,0.166594340877364,7
2024-08-27,0.0001705459629194,0,0.166594340877364,7
2024-08-28,-0.0006551329889632,0,0.166594340877364,7
2024-08-29,-0.0005538822440083,0,0.166594340877364,7
2024-08-30,-0.000667249279348,0.05,0.126809896921656,6
2024-09-03,0.0004249603621108,0.1,0.129867246720236,6
2024-09-04,0.0005470377507981,0.0499999999999999,0.10172598641304,5
2024-09-05,0.0010980557856466,0.05,0.121845638629081,6
2024-09-06,-7.46116200421288e-05,0.1,0.195095726431698,8
2024-09-09,-0.0004079293065523,0.0499999999999999,0.174297168697381,7
2024-09-10,-2.51786132798356e-05,0,0.174297168697381,7
2024-09-11,-5.57216042527186e-05,0.15,0.175315137138355,6
2024-09-12,-6.94520143100496e-05,0,0.175315137138355,6
2024-09-13,0.0009330780951709,0,0.175315137138355,6
2024-09-16,6.39749697536392e-05,0.05,0.155005869246709,5
2024-09-17,0.0004752792367281,0,0.155005869246709,5
2024-09-18,0.0003732995987276,0,0.155005869246709,5
2024-09-19,0.0008380096296933,0,0.155005869246709,5
2024-09-20,-0.0008314249011092,0,0.155005869246709,5
2024-09-23,-0.0007234926439976,0.0499999999999999,0.121540225399801,4
2024-09-24,-0.0005660198099882,0.05,0.154906214080262,5
2024-09-25,-1.50114998292737e-05,0.05,0.134786561864221,4
2024-09-26,0.0004997589435103,0,0.134786561864221,4
2024-09-27,-6.14038178311529e-05,0,0.134786561864221,4
2024-09-30,0.0002371964401769,0,0.134786561864221,4
2024-10-01,-0.0009468549323624,0,0.134786561864221,4
2024-10-02,0.0005192318350275,0.05,0.174884610947092,5
2024-10-03,0.0008775284584557,0,0.174884610947092,5
2024-10-04,0.0013513523249129,0,0.174884610947092,5
2024-10-07,0.0005039950906923,0.05,0.134786561864221,4
2024-10-08,-0.0004565384013792,0,0.134786561864221,4
2024-10-09,-0.0003666518957632,0,0.134786561864221,4
2024-10-10,0.0005317318174123,0.05,0.154906214080262,5
2024-10-11,0.0008687824082728,0.05,0.126201642818579,4
2024-10-14,-9.03478690048225e-05,0.1,0.120362684851054,4
2024-10-15,0.0001530558737537,0,0.120362684851054,4
2024-10-16,-1.34626371885306e-05,0.05,0.100243032635013,3
2024-10-17,-0.0003470982644898,0,0.100243032635013,3
2024-10-18,1.34159908081577e-05,0,0.100243032635013,3
2024-10-21,-0.0001668572972273,0,0.100243032635013,3
2024-10-22,-0.0001911485181251,0,0.100243032635013,3
2024-10-23,0.0003842056824342,0,0.100243032635013,3
2024-10-24,-0.0004849520280697,0,0.100243032635013,3
2024-10-25,0.0001545379524708,0.05,0.0668770439545514,2
2024-10-28,0.0001185667231238,0,0.0668770439545514,2
2024-10-29,-9.6234417467553e-05,0.1,0.0438474369053123,2
2024-10-30,4.30027450238818e-06,0,0.0438474369053123,2
2024-10-31,0.0004507414728301,0.05,0.0540629929496035,3
2024-11-01,-0.0003918478515148,0,0.0540629929496035,3
2024-11-04,0.0007725505783563,0,0.0540629929496035,3
2024-11-05,-0.0001754642636077,0,0.0540629929496035,3
2024-11-06,-0.0044255967237446,0,0.0540629929496035,3
2024-11-07,0.0011160552993137,0.2,0.0212954287383173,1
2024-11-08,0.0003131026055552,0,0.0212954287383173,1
2024-11-11,-0.0008024290320041,0,0.0212954287383173,1
2024-11-12,0,0.05,0,0
2024-11-13,0,0,0,0
2024-11-14,0,0,0,0
2024-11-15,0,0,0,0
2024-11-18,0,0,0,0
2024-11-19,0,0,0,0
2024-11-20,0,0,0,0
2024-11-21,0,0,0,0
2024-11-22,0,0,0,0
2024-11-25,0,0,0,0
2024-11-26,0,0,0,0
2024-11-27,0,0,0,0
2024-11-29,0,0,0,0
2024-12-02,0,0,0,0
2024-12-03,0,0,0,0
2024-12-04,0,0,0,0
2024-12-05,0,0,0,0
2024-12-06,0,0,0,0
2024-12-09,0,0,0,0
2024-12-10,0,0,0,0
2024-12-11,0,0,0,0
2024-12-12,0,0,0,0
2024-12-13,0,0,0,0
2024-12-16,0,0,0,0
2024-12-17,0,0,0,0
2024-12-18,0,0,0,0
2024-12-19,0,0,0,0
2024-12-20,0,0,0,0
2024-12-23,0,0,0,0
2024-12-24,0,0,0,0
2024-12-26,0,0,0,0
2024-12-27,0,0,0,0
2024-12-30,0,0,0,0
2024-12-31,0,0,0,0
2025-01-02,0,0,0,0
2025-01-03,0,0,0,0
2025-01-06,0,0,0,0
2025-01-07,0,0,0,0
2025-01-08,0,0,0,0
2025-01-10,0,0,0,0
2025-01-13,0,0,0,0
2025-01-14,0.0002612669946694,0.1,0.0429278714710669,2
2025-01-15,0.0004857729903203,0.05,0.0740414063164815,3
2025-01-16,-0.0001839293403414,0,0.0740414063164815,3
2025-01-17,9.41537798941653e-05,0,0.0740414063164815,3
2025-01-21,0.0007382006050387,0,0.0740414063164815,3
2025-01-22,-0.0001273567610811,0,0.0740414063164815,3
2025-01-23,-0.0006002641808637,0.0499999999999999,0.109955509493844,4
2025-01-24,-0.0001751925877896,0.0499999999999999,0.137295257950186,5
2025-01-27,-0.0013390195918898,0,0.137295257950186,5
2025-01-28,-0.0001438945390486,0,0.137295257950186,5
2025-01-29,-0.0001659251381001,0,0.137295257950186,5
2025-01-30,0.0002358489105026,0.0499999999999999,0.101381154772824,4
2025-01-31,-0.0003003330844194,0,0.101381154772824,4
2025-02-03,-0.0004976487471522,0,0.101381154772824,4
2025-02-04,0.0006795572901226,0.0499999999999999,0.0740414063164815,3
2025-02-05,0.00068685851563,0,0.0740414063164815,3
2025-02-06,-0.0002616338277621,0,0.0740414063164815,3
2025-02-07,-0.0006048205178882,0,0.0740414063164815,3
2025-02-10,8.88543708201433e-06,0,0.0740414063164815,3
2025-02-11,-0.0006158267286556,0,0.0740414063164815,3
2025-02-12,-0.0001830803031228,0,0.0740414063164815,3
2025-02-13,0.0006135932988806,0,0.0740414063164815,3
2025-02-14,0.000201722669753,0,0.0740414063164815,3
2025-02-18,-9.31127461349161e-05,0,0.0740414063164815,3
2025-02-19,0.0003790394019647,0.1,0.15227907990249,5
2025-02-20,-4.15034633888193e-05,0,0.15227907990249,5
2025-02-21,3.89941011815191e-05,0,0.15227907990249,5
2025-02-24,-0.0001067421665023,0.0499999999999999,0.131593011817738,4
2025-02-25,-0.0008307743325207,0.05,0.148245772019519,5
2025-02-26,-9.74675385750604e-06,0,0.148245772019519,5
2025-02-27,-0.0004492812180769,0.05,0.126003968633204,4
2025-02-28,0.0011051293803521,0.0499999999999999,0.155312011855401,5
2025-03-03,-0.0031735853371395,0,0.155312011855401,5
2025-03-04,0.0007582732685805,0.1,0.107545716808205,3
2025-03-05,-0.0007074462478286,0,0.107545716808205,3
2025-03-06,0.0007009941828047,0.05,0.143447011694534,4
2025-03-07,-0.0006590599105527,0,0.143447011694534,4
2025-03-10,0.0015460571576585,0,0.143447011694534,4
2025-03-11,0.000176953090291,0,0.143447011694534,4
2025-03-12,-0.0019724582832997,0,0.143447011694534,4
2025-03-13,-0.00027515888101,0,0.143447011694534,4
2025-03-14,-0.0009864337614849,0,0.143447011694534,4
2025-03-17,-0.0007061157497805,0.05,0.180344508483317,5
2025-03-18,-0.0002313512330505,0.1,0.253501721313474,7
2025-03-19,-0.0018610852392027,0.05,0.216052055751916,6
2025-03-20,0.0007770577509291,0.2,0.298905913723525,8
2025-03-21,-0.0003633514217953,0.0499999999999999,0.269597870501328,7
2025-03-24,0.0012562296782938,0,0.269597870501328,7
2025-03-25,-0.0026310715327964,0,0.269597870501328,7
2025-03-26,0.0034589401332803,0,0.269597870501328,7
2025-03-27,0.0004963493578942,0,0.269597870501328,7
2025-03-28,0.005101452194199,0,0.269597870501328,7
2025-03-31,0.0018219612972585,0.1,0.254786592965523,7
2025-04-01,-0.0005325923752147,0.15,0.135282725756782,4
2025-04-02,0.0003420763903024,0.1,0.0727987916751114,2
2025-04-03,0.0020517788279459,0,0.0727987916751114,2
2025-04-04,-0.007556173573193,0.3,0.0643360566894648,4
2025-04-07,0.0011687589695925,0.5,0.0837132700045175,6
2025-04-08,0.0012622992515529,0.15,0.0573394534112953,3
2025-04-09,0.0042554820900219,0,0.0573394534112953,3
2025-04-10,-0.0005519412077666,0.05,0.0418569017273559,2
2025-04-11,0,0.1,0,0
2025-04-14,0,0,0,0
2025-04-15,0,0,0,0
2025-04-16,0.0001358939941243,0.05,0.0368974967887824,1
2025-04-17,-0.0006571416205308,0,0.0368974967887824,1
2025-04-21,-0.0001706287489907,0.05,0.0727987916751114,2
2025-04-22,-0.000760688582321,0,0.0727987916751114,2
2025-04-23,-6.04214248250047e-05,0.05,0.107316239991172,3
2025-04-24,-0.0005054793290029,0,0.107316239991172,3
2025-04-25,-0.0008822324157129,0,0.107316239991172,3
2025-04-28,-0.0008779045487994,0.05,0.0704187432023896,2
2025-04-29,-5.87619223162932e-05,0.05,0.0345174483160606,1
2025-04-30,0,0.05,0,0
2025-05-01,0,0,0,0
2025-05-02,0,0,0,0
2025-05-05,0,0,0,0
2025-05-06,0,0,0,0
2025-05-07,0,0,0,0
2025-05-08,0,0,0,0
2025-05-09,0,0,0,0
2025-05-12,0,0,0,0
2025-05-13,0,0,0,0
2025-05-14,0,0,0,0
2025-05-15,0,0,0,0
2025-05-16,0,0,0,0
2025-05-19,0,0,0,0
2025-05-20,0,0,0,0
2025-05-21,0,0,0,0
2025-05-22,0,0,0,0
2025-05-23,0,0,0,0
2025-05-27,0,0,0,0
2025-05-28,0,0,0,0
2025-05-29,0,0,0,0
2025-05-30,0,0,0,0
2025-06-02,0,0,0,0
2025-06-03,0,0,0,0
2025-06-04,0,0,0,0
2025-06-05,0,0,0,0
2025-06-06,0,0,0,0
2025-06-09,0,0,0,0
2025-06-10,0,0,0,0
2025-06-11,0,0,0,0
2025-06-12,0,0,0,0
2025-06-13,0,0,0,0
2025-06-16,0,0,0,0
2025-06-17,0,0,0,0
2025-06-18,0,0,0,0
2025-06-20,0,0,0,0
2025-06-23,0,0,0,0
2025-06-24,0,0,0,0
2025-06-25,0,0,0,0
2025-06-26,0,0,0,0
2025-06-27,0,0,0,0
2025-06-30,0,0,0,0
2025-07-01,0,0,0,0
2025-07-02,0,0,0,0
2025-07-03,0,0,0,0
2025-07-07,0,0,0,0
2025-07-08,0,0,0,0
2025-07-09,0,0,0,0
2025-07-10,0,0,0,0
2025-07-11,0,0,0,0
2025-07-14,0,0,0,0
2025-07-15,0,0,0,0
2025-07-16,0,0,0,0
2025-07-17,0,0,0,0
2025-07-18,0,0,0,0
2025-07-21,0,0,0,0
2025-07-22,0,0,0,0
2025-07-23,0,0,0,0
2025-07-24,-0.0001280644717393,0.0999999999999999,0.0589178688048468,2
2025-07-25,0.0006065890959291,0,0.0589178688048468,2
2025-07-28,0.0010360621823465,0,0.0589178688048468,2
2025-07-29,0.0003611934628185,0,0.0589178688048468,2
2025-07-30,-0.0003917275089373,0.1,0.143314776547142,4
2025-07-31,0.0008439889854998,0,0.143314776547142,4
2025-08-01,-1.22764043964012e-05,0.05,0.179237902456341,5
2025-08-04,-0.0005896958728514,0,0.179237902456341,5
2025-08-05,0.00048723809847,0,0.179237902456341,5
2025-08-06,-0.000359116432265,0,0.179237902456341,5
2025-08-07,-0.0002008226219992,0,0.179237902456341,5
2025-08-08,-0.0007940530587617,0,0.179237902456341,5
2025-08-11,-0.0001981936862066,0.15,0.271778042301028,8
2025-08-12,-0.0023258400138395,0.05,0.289611069676733,9
2025-08-13,0.000198628931136,0.0499999999999999,0.313313649995169,10
2025-08-14,0.0007344172448356,0,0.313313649995169,10
2025-08-15,-0.001738832533211,0,0.313313649995169,10
2025-08-18,-0.0004907729578924,0.0499999999999999,0.272234187082762,9
2025-08-19,5.72314277616875e-05,0,0.272234187082762,9
2025-08-20,0.0011822232292507,0,0.272234187082762,9
2025-08-21,0.0017279045212608,0.05,0.254401159707057,8
2025-08-22,-0.0028864428965316,0,0.254401159707057,8
2025-08-25,0.0005999434659763,0,0.254401159707057,8
2025-08-26,0.0013193414314578,0,0.254401159707057,8
2025-08-27,0.0006537280531933,0.05,0.204401159707056,7
2025-08-28,-0.0012487332705022,0,0.204401159707056,7
2025-08-29,0.0015461444305927,0.1,0.134081126055563,5
2025-09-02,0.0012194412052986,0.05,0.138855074906226,6
2025-09-03,0.0005099535507366,0,0.138855074906226,6
2025-09-04,-0.0018817715167078,0,0.138855074906226,6
2025-09-05,-0.0001974575575366,0,0.138855074906226,6
2025-09-08,-0.0028155917067932,0,0.138855074906226,6
2025-09-09,0.0015525886985843,0.05,0.105333687757625,5
2025-09-10,-0.0003739076889178,0,0.105333687757625,5
2025-09-11,-0.0008821914972212,0,0.105333687757625,5
2025-09-12,0.0005624851879508,0,0.105333687757625,5
2025-09-15,-0.0005129022982371,0,0.105333687757625,5
2025-09-16,0.0001677294221886,0,0.105333687757625,5
2025-09-17,0.0003427175951287,0,0.105333687757625,5
2025-09-18,0.0002541281237783,0,0.105333687757625,5
2025-09-19,0.0008617553212005,0.0499999999999999,0.0816311074391896,4
2025-09-22,-0.0003016905527975,0.05,0.0768571585885266,3
2025-09-23,0.0002393765314746,0,0.0768571585885266,3
2025-09-24,-6.39706426287961e-05,0,0.0768571585885266,3
2025-09-25,0.0003856805202966,0,0.0768571585885266,3
2025-09-26,0.0002235888721029,0,0.0768571585885266,3
2025-09-29,0.0001035006480131,0,0.0768571585885266,3
2025-09-30,0.0003690658067197,0,0.0768571585885266,3
2025-10-01,0.0001761473891664,0,0.0768571585885266,3
2025-10-02,4.73365276010589e-05,0,0.0768571585885266,3
2025-10-03,-0.0017689617608801,0.0499999999999999,0.103154578270091,4
2025-10-06,-0.0017922623054051,0,0.103154578270091,4
2025-10-07,-0.0001394802830117,0.1,0.0678414276708221,2
2025-10-08,7.45162127762422e-05,0,0.0678414276708221,2
2025-10-09,-0.0002765564875033,0.0499999999999999,0.0415440079892579,1
2025-10-10,0.001644091592135,0,0.0415440079892579,1
2025-10-13,0,0.0499999999999999,0,0
2025-10-14,0,0,0,0
2025-10-15,-4.78826659053038e-05,0.05,0.0151609270626887,1
2025-10-16,-0.0003769878240553,0,0.0151609270626887,1
2025-10-17,7.65113740667563e-05,0,0.0151609270626887,1
2025-10-20,-0.0002212303764718,0,0.0151609270626887,1
2025-10-21,-0.0001739925141578,0.0499999999999999,0.0567049350519466,2
2025-10-22,0.0014849122925212,0,0.0567049350519466,2
2025-10-23,0.001355305389311,0,0.0567049350519466,2
2025-10-24,-0.0002484353695529,0,0.0567049350519466,2
2025-10-27,-0.0010134453656341,0,0.0567049350519466,2
2025-10-28,-0.0008730143799643,0,0.0567049350519466,2
2025-10-29,0.0008932622522584,0,0.0567049350519466,2
2025-10-30,0.000607048931891,0,0.0567049350519466,2
2025-10-31,0.0002237145075006,0,0.0567049350519466,2
2025-11-03,-0.0001029587405755,0,0.0567049350519466,2
2025-11-04,-0.0001212199787619,0,0.0567049350519466,2
2025-11-05,-0.0003773452746752,0,0.0567049350519466,2
2025-11-06,0.0003031609311679,0,0.0567049350519466,2
2025-11-07,2.5744995858194e-05,0,0.0567049350519466,2
2025-11-10,0.0003460775780735,0,0.0567049350519466,2
2025-11-11,0.0004083708428131,0,0.0567049350519466,2
2025-11-12,-0.0015081073080671,0,0.0567049350519466,2
2025-11-13,0.00063452429842,0,0.0567049350519466,2
2025-11-14,0.0002684995822009,0,0.0567049350519466,2
2025-11-17,0.0008255508598434,0,0.0567049350519466,2
2025-11-18,0.0015182542469309,0,0.0567049350519466,2
2025-11-19,-0.0005746297314337,0,0.0567049350519466,2
2025-11-20,7.86001915682867e-05,0,0.0567049350519466,2
2025-11-21,-0.0017536583997073,0,0.0567049350519466,2
2025-11-24,0.0008485417007257,0,0.0567049350519466,2
2025-11-25,-0.0013774996287894,0,0.0567049350519466,2
2025-11-26,-0.0001005413609869,0,0.0567049350519466,2
2025-11-28,0.0008238549602037,0,0.0567049350519466,2
2025-12-01,0.0001415444507456,0,0.0567049350519466,2
2025-12-02,-0.0004487059604859,0,0.0567049350519466,2
2025-12-03,-0.0001151083153723,0,0.0567049350519466,2
2025-12-04,-6.03620802888606e-05,0,0.0567049350519466,2
2025-12-05,-7.18324879135625e-06,0,0.0567049350519466,2
2025-12-08,-0.0005661533642649,0,0.0567049350519466,2
2025-12-09,-0.0002315245834312,0,0.0567049350519466,2
2025-12-10,-2.74476361628001e-05,0,0.0567049350519466,2
2025-12-11,-0.0006353314161251,0,0.0567049350519466,2
2025-12-12,-2.30501580783426e-05,0,0.0567049350519466,2
2025-12-15,-0.0010107134431484,0.05,0.0888719076762411,3
2025-12-16,-7.90195461679636e-05,0,0.0888719076762411,3
2025-12-17,0.0014624116780461,0,0.0888719076762411,3
2025-12-18,-0.0003686996698063,0,0.0888719076762411,3
2025-12-19,0.0004148754201957,0,0.0888719076762411,3
2025-12-22,0.001209612828498,0,0.0888719076762411,3
2025-12-23,0.0001367870868042,0,0.0888719076762411,3
2025-12-24,-0.0003286211998034,0,0.0888719076762411,3
2025-12-26,-0.0006879036359775,0,0.0888719076762411,3
2025-12-29,0.000198299195939,0,0.0888719076762411,3
2025-12-30,0.0003517070849043,0,0.0888719076762411,3
2025-12-31,-8.64824631935777e-05,0,0.0888719076762411,3
2026-01-02,-0.0007795525237779,0,0.0888719076762411,3
2026-01-05,-0.0005381179579003,0,0.0888719076762411,3
2026-01-06,-0.0002597200447366,0.1,0.174287046315293,5
2026-01-07,0.0010027051388876,0,0.174287046315293,5
2026-01-08,0.0004934314993642,0.05,0.174287046315293,6
2026-01-09,-0.0006860414457645,0,0.174287046315293,6
2026-01-12,0.0004225143291892,0.15,0.211099163227809,7
2026-01-13,0.0006816790718348,0.45,0.251284662527165,8
2026-01-14,0,0,0,0
2026-01-15,0.0007172477248432,0.1,0.0737257605992087,2
2026-01-16,-5.60685829656382e-05,0.05,0.078754452612378,3
2026-01-20,-0.0004284796046454,0.15,0.172113856331426,6
2026-01-21,-0.000756686919126,0.1,0.248980232917519,8
2026-01-22,0.0011697872647567,0,0.248980232917519,8
2026-01-23,-0.0031648911119241,0.0499999999999999,0.264400351411895,9
2026-01-26,1.0810007495036e-05,0.1,0.190674590812686,7
2026-01-27,-0.0003320663709299,0.1,0.113808214226593,5
2026-01-28,0.000399119958684,0.05,0.149944289874165,6
2026-01-29,6.13914275842289e-05,0.1,0.0697193189025038,4
2026-01-30,-0.0002474559601573,0,0.0697193189025038,4
2026-02-02,-0.0009702239886891,0,0.0697193189025038,4
2026-02-03,-0.0007459055145616,0.05,0.0335832432549311,3
2026-02-04,-0.0001081221080564,0.0499999999999999,0.0181631247605549,2
2026-02-05,0.0008503045611614,0,0.0181631247605549,2
2026-02-06,-0.0007563595086718,0,0.0181631247605549,2
2026-02-09,-0.0003995939942399,0,0.0181631247605549,2
2026-02-10,0.00020074219657,0.05,0.0050286920131693,1
2026-02-11,0.0004608346868978,0.15,0.125687790859503,4
2026-02-12,0.0007479173142491,0,0.125687790859503,4
2026-02-13,-0.0012129222179684,0,0.125687790859503,4
2026-02-17,-0.0028382777287573,0.3,0.326850618317788,8
2026-02-18,0.0037227577856876,0,0.326850618317788,8
2026-02-19,0.0007965989411502,0,0.326850618317788,8
2026-02-20,-0.0019664151480868,0,0.326850618317788,8
2026-02-23,0.000360006308889,0,0.326850618317788,8
2026-02-24,-0.0005786834817754,0.05,0.339403608828215,9
2026-02-25,0.0014468424706811,0,0.339403608828215,9
2026-02-26,-0.0017193677043506,0,0.339403608828215,9
2026-02-27,-0.0007753614961135,0,0.339403608828215,9
2026-03-02,-0.0009789535143305,0,0.339403608828215,9
2026-03-03,5.16876043429161e-05,0.0499999999999999,0.369941128957122,10
2026-03-04,-0.0004585946332362,0,0.369941128957122,10
2026-03-05,0.0004266770105513,0,0.369941128957122,10
2026-03-06,0.0037301598444844,0.1,0.302900232378938,8
2026-03-09,-0.0008215185340223,0,0.302900232378938,8
2026-03-10,-0.0001028250615817,0.05,0.320838641427453,9
2026-03-11,0.0023176967606373,0,0.320838641427453,9
2026-03-12,0.0012012216658483,0.15,0.268363850066196,8
2026-03-13,-0.0004211162351955,0.05,0.227929722191525,7
2026-03-16,-0.001122201130839,0,0.227929722191525,7
2026-03-17,-0.0005708809152802,0,0.227929722191525,7
2026-03-18,0.0026855578859553,0,0.227929722191525,7
2026-03-19,0.0013542018724488,0,0.227929722191525,7
2026-03-20,0.0059876116422089,0.0499999999999999,0.247793289337219,8
2026-03-23,-0.000284960334112,0.1,0.217568318365557,8
2026-03-24,-0.000230783964113,0.1,0.142513185765311,6
2026-03-25,0.0001757011696105,0,0.142513185765311,6
2026-03-26,-0.0002794943709745,0,0.142513185765311,6
2026-03-27,-0.0005724644487263,0,0.142513185765311,6
2026-03-30,0.0006162478448639,0,0.142513185765311,6
2026-03-31,-8.72756391919493e-05,0,0.142513185765311,6
2026-04-01,-0.0001254573489534,0,0.142513185765311,6
2026-04-02,0.0003994307343316,0.1,0.0478801753433792,4
2026-04-06,7.92279737307253e-05,0,0.0478801753433792,4
2026-04-07,0.0002501115521398,0,0.0478801753433792,4
2026-04-08,0.0015757391439026,0.05,0.0299417662948635,3
2026-04-09,-0.0002052403033103,0.1,0.0601667372665253,3
2026-04-10,-0.0003511764550864,0,0.0601667372665253,3
2026-04-13,-0.0002145777565816,0.0499999999999999,0.0893540943553564,4
2026-04-14,-0.0004648882119728,0,0.0893540943553564,4
2026-04-15,-0.0003911323068956,0.2,0.270289008163375,8
2026-04-16,-0.0024994009958907,0,0.270289008163375,8
2026-04-17,-0.0028168955275962,0.05,0.235014530055713,7
2026-04-20,-0.0005395371685189,0.15,0.21034353795621,6
2026-04-21,0.0009913986584093,0.15,0.0698427520228629,3
2026-04-22,0.0003705199995583,0,0.0698427520228629,3
2026-04-23,1.10616852223433e-05,0.05,0.0248922591588632,2
2026-04-24,-0.0001028889472553,0,0.0248922591588632,2
2026-04-27,-0.0002889782256284,0,0.0248922591588632,2
2026-04-28,0.000357911198078,0,0.0248922591588632,2
2026-04-29,-0.0001811580301745,0,0.0248922591588632,2
2026-04-30,-6.90222530213484e-05,0,0.0248922591588632,2
2026-05-01,-0.0001127296432908,0,0.0248922591588632,2
2026-05-04,-0.0003099042997555,0,0.0248922591588632,2
2026-05-05,-4.16098776330186e-05,0,0.0248922591588632,2
2026-05-06,1.00920150805943e-06,0.0499999999999999,0.0050286920131693,1
2026-05-07,-3.82942800387744e-05,0,0.0050286920131693,1
2026-05-08,0.0001718808323147,0,0.0050286920131693,1
2026-05-11,-0.0001741284127841,0.05,0.0229671010616849,2
2026-05-12,0.0002980792775602,0,0.0229671010616849,2
2026-05-13,-0.000396510049285,0,0.0229671010616849,2
2026-05-14,0.0002638304488096,0,0.0229671010616849,2
2026-05-15,0.0001424997345826,0,0.0229671010616849,2
2026-05-18,0.0004540390733239,0,0.0229671010616849,2
2026-05-19,-0.0002859631498939,0,0.0229671010616849,2
2026-05-20,0.0001058127035941,0,0.0229671010616849,2
2026-05-21,-7.77901280858555e-05,0,0.0229671010616849,2
2026-05-22,6.71096934530707e-05,0,0.0229671010616849,2
2026-05-26,-0.0001657437792095,0,0.0229671010616849,2
2026-05-27,-0.0005299019141626,0,0.0229671010616849,2
2026-05-28,-0.0001773930982341,0,0.0229671010616849,2
2026-05-29,0.0004592198240409,0,0.0229671010616849,2
2026-06-01,0.0002071208303806,0,0.0229671010616849,2
2026-06-02,-0.0001062292154284,0,0.0229671010616849,2
2026-06-03,-0.0001974724020947,0,0.0229671010616849,2
2026-06-04,0.0008410314162604,0,0.0229671010616849,2
2026-06-05,0.0005466229404789,0,0.0229671010616849,2
2026-06-08,-4.53090597078302e-05,0.05,0.0050286920131693,1
2026-06-09,0.0002512479721941,0,0.0050286920131693,1
2026-06-10,5.52523259760829e-05,0,0.0050286920131693,1
2026-06-11,0.0001177371764513,0,0.0050286920131693,1
2026-06-12,-0.0001176653062903,0,0.0050286920131693,1
2026-06-15,0.0001515168352913,0.05,0.0499791848771689,2
2026-06-16,-0.0002446691592599,0,0.0499791848771689,2
2026-06-17,0.001024276776493,0,0.0499791848771689,2
2026-06-18,0.0002864633705021,0,0.0499791848771689,2
2026-06-22,-0.0006605292307449,0,0.0499791848771689,2
2026-06-23,-0.0004322729397222,0,0.0499791848771689,2
2026-06-24,0.0005106435486023,0.05,0.0820407758286533,3
2026-06-25,-7.27815304974078e-05,0.05,0.077012083815484,2
2026-06-26,-0.0007589042333092,0,0.077012083815484,2
2026-06-29,0.0003415490928747,0.05,0.0320615909514843,1
2026-06-30,9.01568390028692e-05,0,0.0320615909514843,1
2026-07-01,-0.0005758281252395,0,0.0320615909514843,1
2026-07-02,-0.0006389810233137,0,0.0320615909514843,1
2026-07-06,-0.0001634343944748,0,0.0320615909514843,1
2026-07-07,-4.28459397310796e-05,0,0.0320615909514843,1
2026-07-08,0.000298404857625,0,0.0320615909514843,1
2026-07-09,-9.13070715328982e-05,0,0.0320615909514843,1
2026-07-10,-3.82635255585031e-05,0,0.0320615909514843,1
2026-07-13,-0.000390790084009,0,0.0320615909514843,1
2026-07-14,0,0.05,0,0
2026-07-15,0,0,0,0
2026-07-16,0,0,0,0
