distance_m,0,1,2,3,4,5,6,7,8,9,10,11,12,13,14,15,16,17,18,19,20,21,22,23,24,25,26,27,28,29,30,31,32,33,34,35,36,37,38,39,40,41,42,43,44,45,46,47,48,49,50,51,52,53,54,55,56,57,58,59,60,61,62,63,64,65,66,67,68,69,70,71,72,73,74,75,76,77,78,79,80,81,82,83,84,85,86,87
0.0,0.0,0.0,0.0,0.0,0.0,0.0,0.0,0.0,0.0,0.0,0.0,0.0,0.0,0.0,0.0,0.0,0.0,0.0,0.0,0.0,0.0,0.0,0.0,0.0,0.0,0.0,0.0,0.0,0.0,0.0,0.0,0.0,0.0,0.0,0.0,0.0,0.0,0.0,0.0,0.0,0.0,0.0,0.0,0.0,0.0,0.0,0.0,0.0,0.0,0.0,0.0,0.0,0.0,0.0,0.0,0.0,0.0,0.0,0.0,0.0,0.0,0.0,0.0,0.0,0.0,0.0,0.0,0.0,0.0,0.0,0.0,0.0,0.0,0.0,0.0,0.0,0.0,0.0,0.0,0.0,0.0,0.0,0.0,0.0,0.0,0.0,0.0,0.0
25.0,0.3348,0.3319,0.3332,0.3317,0.3359,0.3373,0.3349,0.3309,0.3367,0.3425,0.335,0.3353,0.3388,0.3353,0.3347,0.3368,0.3335,0.3308,0.3316,0.3353,0.3356,0.3318,0.3325,0.3306,0.3348,0.331,0.3385,0.342,0.3354,0.3386,0.3372,0.3359,0.3361,0.3336,0.332,0.3339,0.3306,0.3338,0.3358,0.3307,0.3347,0.3313,0.3327,0.3327,0.3307,0.3293,0.335,0.3305,0.346,0.3336,0.3294,0.3321,0.3371,0.3337,0.3335,0.3323,0.3316,0.3345,0.3357,0.3336,0.3361,0.3358,0.3352,0.3341,0.3346,0.3386,0.3343,0.3297,0.3304,0.3365,0.3292,0.3289,0.3274,0.3268,0.334,0.3319,0.3332,0.3361,0.334,0.336,0.3407,0.3305,0.3303,0.3318,0.3306,0.337,0.3385,0.3336
50.0,0.661,0.6582,0.6582,0.6575,0.6642,0.6667,0.663,0.6563,0.6654,0.6775,0.6636,0.6644,0.6709,0.6652,0.6632,0.668,0.6628,0.6591,0.6579,0.6621,0.6656,0.6583,0.6544,0.6535,0.6631,0.6575,0.671,0.6784,0.6643,0.6694,0.6671,0.6647,0.6625,0.6594,0.659,0.6623,0.6563,0.6588,0.6607,0.6576,0.6611,0.659,0.656,0.6598,0.657,0.6516,0.6624,0.6558,0.6836,0.6597,0.6532,0.6571,0.6695,0.6609,0.6615,0.6569,0.6536,0.6637,0.6655,0.6628,0.6634,0.6642,0.6601,0.665,0.6633,0.6685,0.6597,0.6563,0.6568,0.6654,0.6551,0.652,0.6515,0.649,0.6626,0.6567,0.6612,0.6654,0.6644,0.6675,0.6719,0.6562,0.6552,0.657,0.6559,0.67,0.6711,0.6611
75.0,0.9817,0.9784,0.9782,0.9795,0.9885,0.9914,0.9856,0.9775,0.9901,1.0071,0.9879,0.9883,0.9951,0.9899,0.9867,0.9913,0.9856,0.979,0.9782,0.984,0.9888,0.9777,0.9724,0.9733,0.9853,0.9772,0.9952,1.0059,0.9894,0.9934,0.992,0.9888,0.9786,0.9805,0.9801,0.9852,0.9755,0.9771,0.9773,0.9761,0.9819,0.9786,0.9755,0.9795,0.9768,0.9684,0.9832,0.9748,1.0149,0.9786,0.9706,0.9762,0.9938,0.983,0.9838,0.9769,0.9642,0.9855,0.989,0.9866,0.9857,0.9886,0.9809,0.9897,0.985,0.9914,0.9828,0.9751,0.9776,0.9887,0.9741,0.9693,0.9707,0.9662,0.9835,0.9766,0.984,0.9913,0.9864,0.9972,0.9975,0.9799,0.9758,0.9775,0.9758,0.9975,0.9986,0.9841
100.0,1.2971,1.2938,1.2917,1.2938,1.306,1.3115,1.3008,1.2933,1.309,1.3311,1.3054,1.3073,1.3101,1.3086,1.3048,1.3091,1.3039,1.2942,1.2918,1.2999,1.3066,1.2934,1.2862,1.2885,1.302,1.2918,1.3151,1.326,1.3106,1.3135,1.3121,1.3085,1.2928,1.298,1.2951,1.3025,1.2903,1.2915,1.2906,1.2939,1.2999,1.2925,1.2893,1.2946,1.2911,1.2822,1.2988,1.2895,1.3415,1.295,1.285,1.2896,1.3144,1.3,1.3021,1.2932,1.274,1.3028,1.3072,1.304,1.3034,1.3067,1.296,1.3086,1.3014,1.3087,1.3011,1.2908,1.293,1.3098,1.2888,1.282,1.2843,1.2772,1.2998,1.291,1.2994,1.3092,1.3045,1.3167,1.3177,1.2964,1.2914,1.2929,1.2891,1.318,1.3219,1.304
125.0,1.6089,1.6052,1.6001,1.6041,1.6184,1.6278,1.6133,1.6038,1.6235,1.6499,1.6191,1.6221,1.6205,1.6212,1.619,1.6243,1.6171,1.6061,1.6022,1.6117,1.6215,1.606,1.5985,1.5998,1.6139,1.6027,1.6314,1.6416,1.6251,1.6299,1.6282,1.6232,1.6071,1.6119,1.6068,1.6161,1.6005,1.6014,1.6001,1.6057,1.6115,1.6044,1.6002,1.606,1.6023,1.5931,1.61,1.6025,1.663,1.6068,1.5966,1.6005,1.6291,1.6134,1.6153,1.6042,1.5854,1.6171,1.6195,1.6178,1.616,1.6207,1.6067,1.6222,1.6161,1.6223,1.613,1.6002,1.6043,1.6252,1.5986,1.5915,1.5934,1.5828,1.6119,1.5999,1.6119,1.6239,1.6182,1.6293,1.6347,1.6087,1.6006,1.6037,1.5998,1.6336,1.6397,1.6182
150.0,1.9158,1.9124,1.906,1.9108,1.9278,1.9405,1.9225,1.9103,1.9333,1.9662,1.9302,1.9329,1.93,1.9311,1.929,1.9339,1.9266,1.9145,1.9107,1.919,1.9303,1.9143,1.9079,1.908,1.9226,1.9098,1.9438,1.9536,1.9354,1.9413,1.9397,1.934,1.9179,1.9193,1.9146,1.928,1.9065,1.9065,1.9049,1.915,1.9197,1.9131,1.9074,1.9144,1.9099,1.8992,1.9178,1.9102,1.9795,1.914,1.9047,1.9069,1.9412,1.9221,1.924,1.9123,1.8948,1.926,1.9279,1.927,1.9245,1.9316,1.9143,1.9329,1.9257,1.9334,1.9224,1.9074,1.912,1.9348,1.9051,1.8965,1.8992,1.8848,1.9199,1.9049,1.92,1.934,1.9275,1.9396,1.9477,1.9164,1.9062,1.9111,1.9063,1.9457,1.9519,1.9295
175.0,2.2196,2.2151,2.2076,2.2119,2.2342,2.2465,2.2271,2.2127,2.2399,2.2778,2.2381,2.2405,2.2372,2.2369,2.2353,2.2388,2.2329,2.219,2.2171,2.2232,2.236,2.2187,2.2102,2.2131,2.2264,2.2141,2.2513,2.2611,2.2433,2.25,2.2481,2.2426,2.2264,2.2236,2.2183,2.2343,2.2096,2.2099,2.2073,2.2203,2.2243,2.2173,2.2113,2.2187,2.2134,2.202,2.221,2.2148,2.2902,2.2177,2.2084,2.2101,2.2496,2.228,2.231,2.2172,2.2008,2.233,2.2341,2.2328,2.23,2.239,2.2176,2.2403,2.2307,2.2403,2.227,2.2128,2.2166,2.2398,2.2087,2.1986,2.201,2.1851,2.2255,2.206,2.2218,2.24,2.2298,2.2503,2.2575,2.2217,2.21,2.2153,2.2095,2.2531,2.2609,2.2369
200.0,2.5199,2.5159,2.5067,2.5124,2.5372,2.5495,2.5291,2.5123,2.5446,2.5869,2.5439,2.545,2.543,2.5406,2.5394,2.5412,2.5367,2.5217,2.5192,2.5245,2.5387,2.5203,2.5101,2.5136,2.5286,2.5155,2.5544,2.5662,2.5485,2.5572,2.5532,2.5492,2.5314,2.5242,2.5181,2.5374,2.5104,2.5106,2.5065,2.5239,2.5266,2.5184,2.5113,2.5201,2.5144,2.5025,2.5225,2.5163,2.5973,2.5193,2.5096,2.5116,2.5554,2.5303,2.5362,2.5191,2.5033,2.5365,2.5374,2.5354,2.5329,2.5415,2.5193,2.5446,2.534,2.5448,2.5301,2.5154,2.5205,2.5418,2.5089,2.4981,2.4992,2.4835,2.5273,2.5059,2.5197,2.5426,2.5278,2.5591,2.5653,2.5246,2.5129,2.5182,2.5111,2.5584,2.5662,2.5411
225.0,2.8182,2.8146,2.8043,2.8093,2.8389,2.8514,2.829,2.8108,2.8471,2.892,2.8472,2.847,2.846,2.8425,2.8407,2.8417,2.8391,2.8214,2.819,2.8239,2.8377,2.8186,2.8086,2.8125,2.829,2.8138,2.8567,2.869,2.8501,2.8626,2.8563,2.8526,2.8343,2.8213,2.8156,2.8379,2.8081,2.8078,2.8014,2.8243,2.8263,2.817,2.8091,2.819,2.8127,2.8006,2.8215,2.815,2.9006,2.8172,2.808,2.8096,2.8585,2.8308,2.8378,2.8193,2.8047,2.8373,2.8377,2.8354,2.8328,2.8432,2.8185,2.8462,2.8341,2.8473,2.831,2.8161,2.8199,2.8407,2.807,2.7951,2.7955,2.7797,2.8274,2.8027,2.8182,2.8433,2.824,2.8639,2.871,2.8252,2.8129,2.8186,2.8104,2.8606,2.8705,2.8436
250.0,3.1148,3.1112,3.0994,3.1035,3.1384,3.1504,3.1266,3.1074,3.1465,3.196,3.1475,3.1462,3.147,3.1416,3.1409,3.1399,3.1395,3.1198,3.1178,3.1202,3.134,3.1144,3.1038,3.1092,3.1269,3.109,3.1585,3.1695,3.1503,3.1657,3.1575,3.1542,3.1341,3.117,3.1096,3.1362,3.1036,3.1022,3.0962,3.123,3.125,3.1131,3.1055,3.1164,3.1094,3.0972,3.1179,3.1119,3.2013,3.114,3.1042,3.1058,3.159,3.1298,3.1377,3.1359,3.1038,3.1359,3.1349,3.1329,3.1294,3.1437,3.1149,3.1458,3.1322,3.1474,3.13,3.1142,3.1154,3.137,3.1027,3.09,3.0898,3.0747,3.125,3.098,3.1161,3.1416,3.1183,3.1672,3.1746,3.1238,3.1096,3.1167,3.1067,3.1614,3.1727,3.1431
275.0,3.4081,3.4051,3.3926,3.3959,3.4359,3.447,3.4221,3.4021,3.4437,3.497,3.4453,3.4441,3.4443,3.4383,3.4378,3.4363,3.4375,3.4168,3.4142,3.4135,3.4288,3.4082,3.396,3.4037,3.4226,3.4027,3.4573,3.4671,3.4484,3.4668,3.4559,3.4548,3.4325,3.4101,3.402,3.4317,3.3983,3.3964,3.3886,3.4191,3.4196,3.4075,3.4001,3.4121,3.4047,3.3912,3.4133,3.4074,3.5003,3.4099,3.3999,3.4009,3.457,3.4263,3.4355,3.476,3.4009,3.4325,3.4295,3.4301,3.4244,3.4413,3.4096,3.4431,3.4281,3.4459,3.4271,3.4107,3.4085,3.432,3.3963,3.3835,3.3821,3.3677,3.4202,3.391,3.4118,3.4389,3.4111,3.4687,3.4699,3.4203,3.4041,3.4136,3.4031,3.4592,3.4716,3.4378
300.0,3.7011,3.6987,3.6842,3.6878,3.7313,3.7435,3.7139,3.6959,3.739,3.7971,3.7457,3.7406,3.744,3.7337,3.7352,3.7318,3.734,3.7122,3.7095,3.7071,3.7231,3.7042,3.6936,3.6959,3.7171,3.6957,3.7628,3.7653,3.7466,3.767,3.7517,3.7501,3.7275,3.7192,3.6946,3.735,3.6968,3.6896,3.6806,3.7124,3.7194,3.7004,3.6941,3.707,3.6991,3.6843,3.7069,3.7,3.7973,3.7012,3.6939,3.6949,3.7546,3.7218,3.7328,3.8451,3.699,3.7277,3.7224,3.7216,3.718,3.7352,3.7024,3.7417,3.7235,3.7429,3.7229,3.7091,3.7016,3.7245,3.6916,3.6762,3.6773,3.6601,3.7152,3.6829,3.7056,3.7336,3.7068,3.7688,3.7522,3.7147,3.6999,3.7053,3.6992,3.7566,3.7685,3.7446
325.0,4.0013,3.9913,3.993,4.0013,4.049,4.0352,4.0265,3.9929,4.0527,4.1087,4.0651,4.0483,4.0456,4.0415,4.0359,4.0561,4.0392,4.0075,4.0289,4.0532,4.04,4.0226,4.0229,4.0077,4.0131,3.9993,4.0981,4.07,4.0507,4.0803,4.0758,4.0678,4.0386,4.07,4.0017,4.0807,4.0312,3.9988,3.9916,4.0128,4.0405,3.9935,4.0041,4.0045,4.0004,3.9855,4.0075,4.0058,4.1409,4.016,4.009,3.9954,4.0558,4.0376,4.0318,4.2297,4.0273,4.0373,4.0321,4.0218,4.0137,4.0488,4.0427,4.043,4.0451,4.0438,4.0225,4.023,4.0175,4.0529,4.0237,4.0021,3.9893,3.9648,4.0172,4.0225,4.0152,4.0475,4.0412,4.0772,4.0416,4.0276,4.0169,4.0061,4.0256,4.0788,4.0732,4.0834
350.0,4.3444,4.3808,4.3723,4.3233,4.4096,4.4006,4.3663,4.3392,4.4121,4.5016,4.4422,4.4208,4.3733,4.4097,4.3749,4.4338,4.4055,4.3575,4.4165,4.4332,4.402,4.4024,4.4572,4.3624,4.3736,4.307,4.4886,4.4125,4.4698,4.4301,4.4709,4.4428,4.4319,4.4855,4.3966,4.4931,4.44,4.4015,4.4032,4.357,4.4328,4.3598,4.3323,4.3235,4.3459,4.3359,4.3667,4.4078,4.5164,4.4123,4.3515,4.3711,4.4136,4.4189,4.3604,4.6524,4.4123,4.4309,4.4068,4.384,4.3599,4.4633,4.4229,4.3666,4.4079,4.3977,4.3675,4.4001,4.3992,4.4485,4.4373,4.3917,4.3977,4.3252,4.3745,4.5251,4.3655,4.387,4.4217,4.4746,4.3723,4.4025,4.3999,4.3605,4.4337,4.4767,4.4405,4.5058
375.0,4.7781,4.8785,4.8467,4.7402,4.8639,4.8678,4.8171,4.8125,4.8358,4.9943,4.9144,4.8984,4.7896,4.8491,4.8256,4.9044,4.8795,4.8622,4.9221,4.9021,4.8677,4.89,4.9705,4.8112,4.8365,4.7958,5.0203,4.861,4.9871,4.8871,4.9812,4.9393,4.9176,5.0022,4.8746,5.0892,4.955,4.9044,4.8681,4.7907,4.9289,4.8242,4.7224,4.7901,4.7791,4.7886,4.8369,4.8954,4.9811,4.8784,4.8226,4.837,4.873,4.8897,4.7814,5.208,4.8926,4.8989,4.8791,4.8437,4.7842,4.9472,4.9854,4.7694,4.8676,4.8652,4.8267,4.8934,4.8891,4.9452,4.9192,4.89,4.9174,4.7819,4.8195,5.1135,4.8557,4.8013,4.8841,4.9717,4.8179,4.9032,4.8611,4.8115,4.9334,5.0019,4.9377,5.0579
400.0,5.3393,5.4762,5.4291,5.311,5.4714,5.4685,5.3728,5.4188,5.4055,5.6107,5.5004,5.4905,5.3202,5.4088,5.4003,5.4738,5.4353,5.4177,5.5117,5.5179,5.4471,5.4738,5.593,5.3747,5.4002,5.3643,5.6385,5.4396,5.5944,5.4773,5.5574,5.5215,5.4934,5.6144,5.4493,5.7655,5.5506,5.4888,5.4321,5.3665,5.5453,5.4017,5.2516,5.354,5.3271,5.3392,5.4019,5.4734,5.5253,5.4507,5.3843,5.3843,5.4514,5.4808,5.33,5.8554,5.5226,5.495,5.4451,5.5164,5.3379,5.5238,5.6176,5.3113,5.4548,5.4496,5.3846,5.4811,5.5105,5.555,5.5294,5.4802,5.5097,5.3601,5.3872,5.7397,5.4554,5.361,5.4958,5.6033,5.4164,5.4994,5.4236,5.3687,5.5277,5.6543,5.5447,5.69
425.0,5.9758,6.1066,6.0717,5.9692,6.1486,6.1348,6.0387,6.0846,6.0657,6.2768,6.1635,6.1492,5.9302,6.0483,6.0186,6.1324,6.0669,6.0706,6.1776,6.201,6.1111,6.1212,6.2464,6.0184,6.0318,5.9863,6.3234,6.1082,6.2534,6.1362,6.1969,6.1635,6.1484,6.2854,6.1011,6.4402,6.196,6.1277,6.0669,6.0208,6.2129,6.0412,5.8873,5.9941,5.9558,5.9463,6.0406,6.1179,6.1776,6.1056,6.0164,5.9993,6.1155,6.1169,5.9906,6.5247,6.1984,6.1448,6.1081,6.1756,5.968,6.1727,6.278,5.9326,6.0875,6.1137,5.9997,6.1292,6.1966,6.2194,6.1788,6.1244,6.1631,6.0046,6.0705,6.4147,6.1191,5.9958,6.1634,6.2885,6.124,6.1712,6.0711,6.006,6.1614,6.3743,6.236,6.3666
435.8,6.27,6.3874,6.3681,6.2637,6.447,6.4283,6.3331,6.3671,6.3954,6.5681,6.4462,6.4492,6.2062,6.3437,6.3008,6.4179,6.3455,6.3544,6.45,6.4931,6.4034,6.399,6.5203,6.3016,6.3168,6.2581,6.6198,6.409,6.5385,6.4294,6.4746,6.4496,6.4461,6.5683,6.39,6.7053,6.4721,6.3984,6.3381,6.313,6.4946,6.317,6.1789,6.2753,6.2406,6.2124,6.3289,6.4033,6.4686,6.3924,6.2933,6.2718,6.4007,6.4001,6.2938,6.7875,6.4843,6.4249,6.4136,6.4651,6.2583,6.4551,6.561,6.2163,6.3647,6.4011,6.2811,6.4087,6.4904,6.5047,6.4558,6.4,6.4408,6.2807,6.4085,6.6901,6.4056,6.2877,6.4606,6.5858,6.4382,6.4705,6.3584,6.2968,6.4375,6.6776,6.5285,6.6483
450.0,6.6407,6.7421,6.7408,6.64,6.8088,6.7885,6.6968,6.7056,6.841,6.9372,6.7925,6.8141,6.5802,6.706,6.668,6.7772,6.6851,6.7061,6.7833,6.8538,6.7636,6.7386,6.8541,6.6504,6.6703,6.5986,6.9838,6.7749,6.8835,6.7903,6.8293,6.8031,6.817,6.9158,6.7459,7.033,6.8121,6.737,6.6651,6.6776,6.847,6.6655,6.5437,6.6201,6.6008,6.552,6.6959,6.7616,6.8262,6.7382,6.6411,6.6085,6.7566,6.7604,6.6781,7.1104,6.8359,6.7689,6.7966,6.8123,6.6258,6.8086,6.9111,6.5714,6.6919,6.7525,6.6338,6.7567,6.8486,6.8563,6.7881,6.7374,6.7781,6.6328,6.8667,7.0325,6.7612,6.6599,6.8206,6.9424,6.8127,6.8303,6.722,6.6646,6.7692,7.039,6.8975,6.9918
475.0,7.2363,7.3076,7.3433,7.2184,7.3725,7.3429,7.2644,7.2583,7.5895,7.5129,7.3352,7.4087,7.2408,7.2918,7.261,7.3371,7.2491,7.2849,7.3198,7.423,7.3394,7.2966,7.3939,7.2139,7.2348,7.1491,7.5537,7.3435,7.4602,7.3576,7.4231,7.3922,7.4213,7.4859,7.3306,7.5938,7.4263,7.3148,7.222,7.2598,7.4165,7.2391,7.1235,7.1895,7.1861,7.1289,7.3033,7.3549,7.4149,7.3011,7.2098,7.1592,7.3391,7.3422,7.2903,7.6601,7.4087,7.3306,7.4067,7.3596,7.2114,7.386,7.4998,7.1596,7.2477,7.3177,7.2062,7.3196,7.4225,7.4254,7.3413,7.2929,7.3429,7.1988,7.6562,7.6044,7.3299,7.2593,7.3995,7.5185,7.4012,7.4113,7.303,7.2646,7.3267,7.6193,7.477,7.5526
500.0,7.8058,7.8876,7.9298,7.7753,7.9233,7.8881,7.8153,7.7967,8.3368,8.0874,7.8935,8.0002,7.867,7.8673,7.8485,7.9131,7.8224,7.8793,7.8901,7.97,7.8888,7.8487,7.9819,7.7746,7.7893,7.6902,8.1198,7.9004,8.033,7.9219,8.0149,7.9791,8.0002,8.0688,7.9033,8.223,8.1197,7.9111,7.9146,7.8339,7.9847,7.8088,7.6806,7.7615,7.7594,7.7067,7.9265,7.9737,8.0276,7.8985,7.8079,7.7586,7.8988,7.9056,7.9227,8.2786,8.0157,7.9096,7.9926,7.9317,7.7768,7.9728,8.1314,7.7376,7.8322,7.8806,7.7817,7.8874,8.0119,7.9923,7.9388,7.859,7.9126,7.7581,8.4497,8.2252,7.9315,7.8366,7.9637,8.0975,7.9742,8.0263,7.8954,7.8714,7.9134,8.1961,8.0479,8.1319
504.1,7.9045,7.9995,8.0379,7.872,8.0201,7.9847,7.9136,7.8957,8.4563,8.1867,7.9921,8.1045,7.9695,7.9679,7.9483,8.0249,7.9168,7.9779,7.9986,8.079,7.9863,7.9552,8.0939,7.8803,7.8987,7.7982,8.2192,7.9949,8.1439,8.0225,8.1243,8.0843,8.1047,8.175,8.0038,8.3412,8.2413,8.0228,8.0496,7.9351,8.0834,7.9084,7.7836,7.8639,7.8613,7.8103,8.0317,8.0861,8.1367,8.0067,7.9175,7.872,8.0006,8.0043,8.0492,8.3985,8.1214,8.0152,8.0992,8.0353,7.8768,8.0838,8.253,7.8336,7.9341,7.9745,7.88,7.9928,8.1175,8.0984,8.0504,7.9571,8.021,7.855,8.5694,8.3462,8.0486,7.9339,8.0602,8.2073,8.0813,8.1423,7.9975,7.9715,8.0202,8.3004,8.1511,8.2422
525.0,8.5147,8.6395,8.6504,8.4718,8.5821,8.5604,8.5378,8.5191,9.1059,8.8393,8.6212,8.7612,8.5493,8.5752,8.5735,8.6686,8.4801,8.6168,8.6438,8.7946,8.5735,8.5946,8.7651,8.5267,8.5356,8.4448,8.8667,8.604,8.7897,8.6036,8.7482,8.7551,8.7379,8.8207,8.625,9.0622,8.9498,8.6864,8.7481,8.5234,8.6858,8.524,8.3296,8.4775,8.4818,8.4692,8.6823,8.7548,8.7756,8.6629,8.558,8.5324,8.6079,8.5885,8.7099,9.0931,8.758,8.6388,8.7233,8.6838,8.4574,8.7212,8.9699,8.4077,8.5579,8.5355,8.4653,8.6182,8.7826,8.7669,8.7039,8.593,8.6784,8.4789,9.2052,9.0651,8.7058,8.4848,8.624,8.8655,8.707,8.8101,8.6004,8.5652,8.6295,8.9633,8.7462,8.9275
550.0,9.4422,9.5739,9.5798,9.3632,9.4887,9.4611,9.443,9.4676,10.0285,9.7969,9.5412,9.6973,9.4325,9.4738,9.464,9.6143,9.3908,9.5627,9.5707,9.8357,9.5008,9.5339,9.7543,9.4983,9.4946,9.4066,9.7927,9.5816,9.693,9.5026,9.6402,9.8147,9.6735,9.809,9.556,10.0505,9.964,9.6514,9.7295,9.4056,9.6509,9.4737,9.2084,9.4548,9.4038,9.4569,9.6162,9.7081,9.696,9.5959,9.4686,9.4849,9.4803,9.4525,9.5807,10.0538,9.6657,9.528,9.6579,9.6682,9.3385,9.6821,9.9431,9.3257,9.4837,9.427,9.3685,9.5688,9.7843,9.7605,9.6552,9.5618,9.6469,9.4251,10.1681,10.0758,9.6339,9.3271,9.519,9.8476,9.6159,9.7334,9.5071,9.4497,9.5834,9.9391,9.7001,9.9206
575.0,10.3914,10.5678,10.6192,10.3417,10.4806,10.4766,10.4411,10.436,11.0057,10.7708,10.4804,10.6561,10.4333,10.4431,10.4225,10.5991,10.388,10.5157,10.5168,10.782,10.4934,10.4877,10.6974,10.471,10.4982,10.3551,10.7725,10.5676,10.6457,10.506,10.6174,10.774,10.6523,10.7879,10.5289,10.9466,10.9232,10.5985,10.6358,10.4554,10.6446,10.4874,10.2353,10.4534,10.3841,10.4322,10.5894,10.7299,10.6781,10.5642,10.4371,10.4447,10.4257,10.4129,10.532,10.9255,10.616,10.4591,10.6483,10.6498,10.3426,10.6661,10.8577,10.3587,10.5037,10.4075,10.3968,10.5247,10.74,10.7088,10.5649,10.4955,10.5698,10.3676,11.2336,10.9831,10.6064,10.3881,10.5446,10.8461,10.5912,10.6773,10.5051,10.4415,10.6133,10.9189,10.7254,10.8288
600.0,11.2193,11.3695,11.4432,11.203,11.2738,11.3026,11.2625,11.1975,11.8228,11.5278,11.2523,11.4069,11.2944,11.2679,11.2523,11.3701,11.1968,11.2691,11.2546,11.5323,11.315,11.269,11.4271,11.248,11.2926,11.1394,11.5628,11.3719,11.4239,11.312,11.4022,11.5235,11.4333,11.5451,11.3373,11.656,11.6843,11.3475,11.3319,11.3693,11.4182,11.3064,11.0948,11.2512,11.1853,11.226,11.3756,11.469,11.4645,11.3528,11.1897,11.1786,11.1538,11.2313,11.3268,11.61,11.3901,11.2283,11.4089,11.382,11.1915,11.458,11.585,11.1598,11.3059,11.1949,11.2009,11.2508,11.4902,11.4471,11.3118,11.2155,11.2993,11.1149,12.0929,11.6993,11.4009,11.2657,11.3789,11.6474,11.3666,11.455,11.3209,11.2897,11.4435,11.6818,11.5185,11.5883
611.9,11.5438,11.6961,11.7732,11.5406,11.5815,11.6068,11.574,11.4917,12.1368,11.8269,11.569,11.703,11.6266,11.6044,11.5762,11.6624,11.5068,11.5656,11.5497,11.8279,11.6379,11.5786,11.7086,11.5538,11.5968,11.4443,11.8711,11.6825,11.721,11.629,11.7203,11.8241,11.7406,11.8421,11.6536,11.9384,11.9815,11.6358,11.6125,11.7265,11.7301,11.6158,11.4489,11.5546,11.498,11.5426,11.6807,11.7756,11.7843,11.6607,11.4942,11.4627,11.4775,11.5768,11.6502,11.8859,11.7006,11.524,11.7158,11.6692,11.527,11.7509,11.8693,11.4832,11.6217,11.498,11.5104,11.5423,11.7822,11.7485,11.6073,11.5255,11.5862,11.4063,12.4238,12.0217,11.7169,11.6044,11.7082,11.9685,11.6702,11.7555,11.6442,11.6177,11.7709,11.9874,11.8346,11.8858
625.0,11.8839,12.0156,12.1062,11.8684,11.8923,11.8946,11.8868,11.7988,12.4583,12.1502,11.8958,12.0039,11.9564,11.909,11.8862,11.9597,11.8105,11.8616,11.8411,12.1149,11.9653,11.8872,11.9946,11.854,11.9183,11.7422,12.1818,11.9837,12.0207,11.9391,12.0181,12.12,12.0459,12.1436,11.9658,12.2227,12.2745,11.9322,11.9049,12.0518,12.0381,11.9227,11.774,11.8297,11.8121,11.8472,11.9905,12.0801,12.1086,11.9668,11.8045,11.7623,11.8081,11.8992,11.9685,12.1697,12.0115,11.8302,12.0189,11.9663,11.857,12.0428,12.156,11.7944,11.9451,11.7945,11.8096,11.8443,12.0798,12.0462,11.8978,11.8156,11.8815,11.694,12.7625,12.3261,12.0344,11.9416,12.0395,12.2814,11.9664,12.0509,11.9605,11.9362,12.0789,12.2928,12.1464,12.1937
650.0,12.4579,12.5377,12.6599,12.4342,12.4254,12.3872,12.3954,12.3253,12.9828,12.6684,12.4277,12.5249,12.5245,12.3735,12.4169,12.4733,12.3323,12.3778,12.3503,12.6273,12.5067,12.3976,12.4713,12.3614,12.4328,12.25,12.703,12.5078,12.532,12.4652,12.5374,12.6408,12.5617,12.665,12.4876,12.7124,12.7826,12.4378,12.407,12.5862,12.5555,12.4438,12.3236,12.2898,12.3349,12.3631,12.5073,12.5936,12.6251,12.4761,12.323,12.2778,12.3808,12.4322,12.5034,12.657,12.5369,12.3512,12.5463,12.4875,12.3949,12.5431,12.6532,12.3222,12.5005,12.3218,12.3171,12.3451,12.5893,12.5503,12.407,12.316,12.3789,12.2032,13.3007,12.8358,12.5612,12.4984,12.5906,12.7993,12.4836,12.5801,12.4928,12.4889,12.6182,12.8102,12.6722,12.6987
675.0,12.9442,13.0239,13.15,12.9249,12.9008,12.8688,12.8866,12.8012,13.4603,13.1292,12.8963,12.9912,13.0046,12.818,12.8884,12.9323,12.805,12.8295,12.8114,13.0973,12.9846,12.8626,12.9261,12.8234,12.9056,12.7178,13.1712,12.9809,12.9852,12.9409,13.009,13.1025,13.033,13.1341,12.9575,13.1664,13.2481,12.8949,12.8656,13.0787,13.0258,12.9116,12.8072,12.7406,12.8126,12.8252,12.9636,13.0624,13.0887,12.9487,12.7833,12.736,12.8492,12.9146,12.9646,13.105,13.0069,12.8145,13.0208,12.9521,12.8854,13.0035,13.1083,12.7959,12.9764,12.795,12.7864,12.7997,13.0546,13.0166,12.8659,12.7669,12.8396,12.6656,13.7846,13.3076,13.042,12.9779,13.0747,13.2738,12.9558,13.0447,12.9652,12.9691,13.0902,13.2887,13.1521,13.169
700.0,13.3974,13.4561,13.5953,13.3665,13.3408,13.3116,13.3544,13.2346,13.8994,13.5631,13.3281,13.4335,13.4487,13.2768,13.3316,13.3623,13.2456,13.2599,13.2423,13.5247,13.4309,13.2956,13.3507,13.2523,13.3465,13.1524,13.6094,13.4286,13.4012,13.377,13.4496,13.5361,13.473,13.5595,13.4027,13.5882,13.6809,13.3304,13.2878,13.5209,13.4589,13.3465,13.257,13.1876,13.2534,13.2613,13.3968,13.4942,13.5165,13.3877,13.2122,13.1654,13.2844,13.3543,13.4044,13.5255,13.4501,13.2455,13.4563,13.3782,13.3337,13.4349,13.5366,13.2441,13.417,13.2276,13.2392,13.233,13.491,13.4489,13.2873,13.1933,13.272,13.09,14.2333,13.7483,13.472,13.4437,13.5201,13.7133,13.3989,13.4847,13.3917,13.4166,13.5358,13.7241,13.5927,13.5991
725.0,13.8208,13.8786,14.011,13.7935,13.7512,13.7272,13.7592,13.64,14.3169,13.9761,13.7454,13.8435,13.8711,13.7267,13.7549,13.7735,13.6575,13.6678,13.6483,13.9317,13.8486,13.7106,13.7567,13.6584,13.7643,13.5637,14.0237,13.8437,13.8181,13.7959,13.8693,13.9515,13.8886,13.9686,13.8093,13.9952,14.0881,13.7382,13.6895,13.9361,13.8741,13.7569,13.6752,13.6027,13.6655,13.6752,13.8043,13.9041,13.9232,13.7945,13.6233,13.5753,13.7003,13.7618,13.8181,13.9277,13.8653,13.6562,13.87,13.7872,13.7576,13.8433,13.9399,13.6688,13.8331,13.6333,13.6509,13.633,13.9022,13.8521,13.6883,13.5959,13.671,13.4991,14.6544,14.1604,13.8836,13.8905,13.9403,14.133,13.8245,13.903,13.7792,13.8287,13.9515,14.1393,14.0055,14.0013
750.0,14.2164,14.272,14.405,14.1965,14.1577,14.1236,14.1507,14.0289,14.7166,14.3713,14.1437,14.2392,14.2703,14.1369,14.1543,14.1675,14.054,14.0564,14.0369,14.3258,14.2486,14.11,14.1485,14.0525,14.1593,13.961,14.423,14.2371,14.2171,14.1934,14.2675,14.3457,14.2891,14.3628,14.2054,14.3876,14.4781,14.1282,14.0798,14.3333,14.2709,14.1543,14.0715,14.002,14.0609,14.067,14.1954,14.2905,14.3137,14.1835,14.0174,13.966,14.1003,14.1421,14.2169,14.3115,14.2587,14.0481,14.2654,14.1758,14.1601,14.2342,14.327,14.0671,14.2269,14.03,14.0462,14.0255,14.2944,14.2416,14.0779,13.9858,14.0605,13.8923,15.0536,14.5578,14.2743,14.3113,14.3381,14.5358,14.2196,14.3045,14.1641,14.2268,14.3501,14.5389,14.4006,14.3962
775.0,14.5964,14.6518,14.7842,14.5768,14.5374,14.5005,14.5292,14.4048,15.101,14.7561,14.5298,14.624,14.6552,14.5305,14.5392,14.5497,14.4379,14.4325,14.4133,14.7043,14.6329,14.492,14.5278,14.4302,14.5417,14.3444,14.8095,14.6191,14.5994,14.5808,14.6526,14.7269,14.674,14.7409,14.5834,14.7654,14.8533,14.5033,14.455,14.7153,14.6525,14.5352,14.4535,14.3843,14.4411,14.4464,14.5701,14.6684,14.6901,14.5594,14.3988,14.3438,14.4864,14.5174,14.5973,14.6888,14.644,14.4243,14.6498,14.5541,14.5457,14.6135,14.7011,14.4494,14.604,14.4118,14.4282,14.4037,14.6761,14.6191,14.4438,14.3626,14.4374,14.2708,15.4414,14.9304,14.6507,14.7099,14.7174,14.9245,14.6078,14.6928,14.5491,14.6154,14.7364,14.9241,14.7854,14.7767
800.0,14.9661,15.0186,15.1511,14.9449,14.9068,14.8681,14.8988,14.7758,15.4723,15.1307,14.902,14.9952,15.0297,14.9072,14.911,14.9206,14.8127,14.802,14.7819,15.0722,15.0046,14.861,14.8967,14.7999,14.9116,14.7162,15.183,14.9917,14.9739,14.9586,15.0252,15.0993,15.0464,15.1104,14.9534,15.1303,15.2181,14.8708,14.8211,15.0774,15.0288,14.9073,14.8256,14.7604,14.8128,14.8166,14.9375,15.0382,15.0537,14.9259,14.7659,14.7084,14.8601,14.8876,14.9699,15.0537,15.0167,14.7933,15.0206,14.9261,14.9193,14.9832,15.0658,14.8236,14.974,14.7837,14.7978,14.7705,15.0459,14.9866,14.8006,14.7289,14.8031,14.638,15.8154,15.2922,15.019,15.0797,15.0844,15.3015,14.9834,15.0676,14.9213,14.9939,15.11,15.2994,15.1594,15.1491
825.0,15.3283,15.3784,15.5092,15.303,15.267,15.2297,15.2596,15.1352,15.8368,15.4951,15.2648,15.3582,15.3938,15.2722,15.2748,15.2848,15.1793,15.1625,15.1445,15.4357,15.3696,15.2244,15.2569,15.1606,15.2753,15.0786,15.5502,15.36,15.3443,15.3185,15.3882,15.464,15.4095,15.47,15.3145,15.4866,15.5757,15.2312,15.1769,15.4354,15.3955,15.2705,15.1882,15.1241,15.1743,15.18,15.2956,15.3978,15.4107,15.285,15.1261,15.0654,15.2236,15.2509,15.3325,15.4098,15.3797,15.1541,15.3831,15.2895,15.285,15.3422,15.4231,15.1892,15.3352,15.1451,15.1603,15.1309,15.4024,15.3451,15.1574,15.0863,15.1611,14.9995,16.1791,15.6446,15.3791,15.4425,15.4445,15.6712,15.3497,15.4333,15.2867,15.3625,15.4731,15.6657,15.5248,15.5104
827.8,15.3681,15.4181,15.5486,15.3425,15.3065,15.2695,15.2993,15.1748,15.8766,15.535,15.3047,15.3983,15.4338,15.3121,15.3146,15.3247,15.2197,15.2021,15.1845,15.4757,15.4095,15.2642,15.2966,15.2005,15.3152,15.1183,15.5904,15.3998,15.3849,15.3581,15.4281,15.504,15.4492,15.5097,15.3538,15.5259,15.615,15.2705,15.2162,15.4752,15.4354,15.3104,15.2281,15.1646,15.2141,15.2199,15.3349,15.4372,15.4497,15.3244,15.1658,15.1047,15.2638,15.2908,15.3722,15.449,15.4193,15.1936,15.4228,15.3289,15.3252,15.3817,15.4626,15.2296,15.375,15.1849,15.2002,15.1709,15.4417,15.3846,15.1969,15.1254,15.2007,15.0389,16.2189,15.6829,15.4188,15.482,15.4839,15.7114,15.3895,15.4736,15.3268,15.4028,15.5129,15.7057,15.5649,15.5501
850.0,15.6831,15.7313,15.8639,15.6562,15.6192,15.5856,15.6159,15.4892,16.1937,15.8517,15.6217,15.7139,15.7498,15.6307,15.6313,15.6427,15.5383,15.5177,15.5036,15.7915,15.7257,15.5802,15.613,15.5149,15.6314,15.4355,15.9093,15.7173,15.7028,15.6721,15.7445,15.8243,15.7654,15.8251,15.6792,15.8408,15.9264,15.5851,15.5299,15.7938,15.7515,15.6282,15.5454,15.4817,15.5294,15.5362,15.6494,15.7519,15.7618,15.6363,15.4819,15.419,15.5813,15.6069,15.6868,15.7599,15.734,15.5085,15.74,15.6441,15.6449,15.6971,15.7773,15.55,15.6942,15.5027,15.5187,15.4898,15.7557,15.6998,15.5104,15.4366,15.514,15.3525,16.536,16.0026,15.7333,15.7977,15.8002,16.0343,15.7064,15.7928,15.6454,15.7217,15.8303,16.0261,15.8831,15.865
875.0,16.0533,16.1032,16.2381,16.0065,15.9764,15.9477,15.9909,15.8515,16.5537,16.2141,15.9994,16.0876,16.1141,15.9955,15.9894,16.0158,15.9197,15.8961,15.8753,16.1697,16.0931,15.9713,15.9802,15.8846,16.0033,15.7963,16.2788,16.0741,16.0681,16.0452,16.113,16.1953,16.1251,16.2064,16.0775,16.2028,16.2983,15.9587,15.9042,16.1488,16.1225,15.9916,15.9031,15.8564,15.8869,15.8948,16.0073,16.1325,16.124,16.0024,15.8426,15.772,15.9434,15.9753,16.0519,16.1568,16.1189,15.8698,16.1095,16.0056,16.0025,16.0918,16.1694,15.9103,16.0825,15.8723,15.8823,15.8562,16.1251,16.0589,15.8822,15.8031,15.8803,15.7077,16.9047,16.4339,16.0987,16.1589,16.1657,16.415,16.067,16.16,15.9995,16.085,16.1901,16.4191,16.2429,16.2468
900.0,16.4971,16.5746,16.7083,16.4438,16.3846,16.3703,16.4378,16.2644,16.99,16.6316,16.4513,16.5351,16.5434,16.4247,16.4122,16.4565,16.3567,16.3513,16.3138,16.6238,16.5291,16.4255,16.43,16.3316,16.4567,16.2142,16.7265,16.4838,16.4923,16.5027,16.5794,16.6527,16.5457,16.6577,16.5294,16.6596,16.7508,16.4586,16.3582,16.5859,16.5682,16.4375,16.3018,16.2812,16.3067,16.3169,16.4337,16.5875,16.5577,16.4511,16.2685,16.214,16.3768,16.4137,16.4903,16.624,16.5776,16.286,16.5421,16.4465,16.4125,16.654,16.6269,16.3209,16.5499,16.2955,16.3022,16.284,16.5686,16.4804,16.3241,16.2562,16.31,16.1121,17.3562,16.9111,16.5413,16.5727,16.5956,16.8516,16.4985,16.6044,16.3756,16.4814,16.6148,16.9073,16.6811,16.7144
925.0,17.0206,17.1184,17.2463,16.9605,16.8537,16.8688,16.9458,16.7538,17.4952,17.1596,16.9769,17.0346,17.0304,16.9105,16.8941,16.9953,16.8842,16.8954,16.8426,17.1785,17.0524,16.9422,16.9572,16.8805,17.0027,16.7317,17.2733,16.9621,17.0,17.0252,17.094,17.1875,17.0512,17.1665,17.0566,17.1829,17.2701,17.117,16.8932,17.1119,17.1034,16.9536,16.7978,16.8088,16.8145,16.8402,16.9302,17.0944,17.0789,16.9737,16.7694,16.7989,16.8872,16.9271,17.0108,17.1636,17.1132,16.7919,17.058,16.9476,16.9033,17.2246,17.164,16.8252,17.0924,16.8087,16.7899,16.7922,17.0945,16.9877,16.8336,16.7742,16.8269,16.5989,17.8964,17.4937,17.0681,17.0784,17.165,17.3679,16.9927,17.1288,16.8505,16.9676,17.1058,17.4799,17.2154,17.2443
950.0,17.5995,17.6912,17.8492,17.5202,17.4184,17.424,17.5294,17.3121,18.0541,17.7385,17.5433,17.5884,17.5765,17.4635,17.4369,17.5965,17.465,17.4902,17.4046,17.786,17.6329,17.5139,17.5376,17.4669,17.6107,17.3063,17.8624,17.5507,17.5809,17.6111,17.6605,17.7746,17.6273,17.7341,17.6383,17.7584,17.8352,17.697,17.476,17.716,17.6928,17.5416,17.3513,17.3829,17.3739,17.4095,17.482,17.6615,17.6449,17.5344,17.3306,17.3636,17.4664,17.4928,17.589,17.7495,17.6904,17.3714,17.6297,17.5127,17.4511,17.7952,17.7458,17.3908,17.6822,17.3678,17.3338,17.3684,17.6621,17.5589,17.4032,17.3505,17.4091,17.1519,18.4754,18.0898,17.6513,17.6445,17.7548,17.9335,17.5439,17.7128,17.3885,17.5066,17.6571,18.1033,17.8021,17.8163
975.0,18.2017,18.2645,18.4506,18.1036,18.0099,18.0027,18.1157,17.8826,18.6504,18.3288,18.1281,18.163,18.1562,18.0423,18.0001,18.1807,18.0435,18.0662,17.9761,18.3909,18.2243,18.0952,18.1289,18.039,18.2136,17.8895,18.464,18.1741,18.1771,18.2099,18.2417,18.3779,18.2246,18.3008,18.2103,18.3318,18.4032,18.2361,18.0275,18.3276,18.2833,18.1298,17.9493,17.9795,17.9787,17.9944,18.0633,18.2404,18.2284,18.1124,17.9019,17.9299,18.0636,18.0848,18.1796,18.3326,18.2787,17.9515,18.226,18.1013,18.0413,18.3884,18.3193,17.973,18.2689,17.9362,17.9017,17.9254,18.259,18.1383,17.9949,17.9389,17.9852,17.7116,19.0791,18.6512,18.2539,18.2455,18.3528,18.5034,18.118,18.3126,17.9865,18.0875,18.2395,18.7082,18.3975,18.389
1000.0,18.763,18.8009,18.9976,18.6567,18.5622,18.5586,18.6567,18.4249,19.224,18.8742,18.6672,18.7143,18.7221,18.5857,18.5473,18.7136,18.5835,18.5892,18.5112,18.9507,18.7814,18.635,18.6731,18.5587,18.7648,18.4269,19.0193,18.7449,18.742,18.7517,18.779,18.9254,18.7727,18.8477,18.7532,18.8562,18.9548,18.7283,18.5385,18.8917,18.8119,18.6709,18.5261,18.5257,18.5402,18.5373,18.6291,18.7673,18.7692,18.6563,18.4427,18.4448,18.6214,18.6363,18.7263,18.8522,18.8128,18.4917,18.7762,18.6241,18.608,18.9576,18.8497,18.513,18.8014,18.468,18.4399,18.4362,18.8126,18.6779,18.547,18.4842,18.5135,18.2442,19.6554,19.1674,18.8085,18.8281,18.9008,19.0363,18.646,18.8558,18.5465,18.6521,18.7892,19.2514,18.9488,18.9198
1025.0,19.2716,19.2993,19.4929,19.1693,19.063,19.0586,19.1456,18.9218,19.7471,19.3627,19.1554,19.221,19.2598,19.0944,19.0591,19.2103,19.0707,19.069,18.9911,19.4475,19.2819,19.1163,19.1625,19.0327,19.2507,18.9132,19.5213,19.2555,19.2505,19.247,19.2667,19.4068,19.2614,19.3324,19.2406,19.3276,19.4416,19.1904,19.0031,19.3929,19.2904,19.1597,19.0539,19.023,19.0523,19.0177,19.144,19.2498,19.2642,19.1419,18.9299,18.9155,19.1301,19.1276,19.2269,19.3356,19.3053,18.9914,19.2653,19.0844,19.1221,19.4644,19.323,19.0099,19.2841,18.9492,18.9258,18.9019,19.3022,19.1772,19.0317,18.9793,18.9969,18.7321,20.1683,19.6485,19.301,19.361,19.3927,19.5291,19.1287,19.346,19.0344,19.1447,19.2853,19.7282,19.4489,19.4052
1050.0,19.7591,19.7505,19.9654,19.6403,19.5329,19.5425,19.6154,19.3908,20.2197,19.8112,19.6198,19.6945,19.7588,19.5587,19.5369,19.6652,19.5232,19.5162,19.4339,19.9179,19.744,19.5702,19.6161,19.4775,19.6955,19.3595,19.9887,19.7321,19.7176,19.7011,19.7234,19.8705,19.7173,19.784,19.7019,19.7433,19.8917,19.6365,19.4395,19.8436,19.7469,19.6167,19.5432,19.4851,19.5207,19.4672,19.6127,19.7,19.7253,19.5954,19.3844,19.3555,19.6075,19.6023,19.7243,19.7754,19.7693,19.4436,19.7218,19.5464,19.5852,19.925,19.776,19.4793,19.7336,19.4026,19.3827,19.3481,19.7745,19.6384,19.4871,19.4243,19.4438,19.1855,20.642,20.1308,19.7639,19.8609,19.8551,19.9858,19.582,19.8028,19.4996,19.6007,19.7454,20.2004,19.9055,19.8591
1075.0,20.2467,20.1826,20.4154,20.1002,19.9694,19.986,20.0505,19.8277,20.6586,20.2341,20.0445,20.1374,20.25,20.0059,19.9709,20.0863,19.9511,19.9306,19.8542,20.3429,20.1788,19.9891,20.0388,19.8948,20.1238,19.7762,20.4328,20.1785,20.1639,20.1284,20.1569,20.2934,20.1552,20.2077,20.1152,20.1419,20.3156,20.0375,19.843,20.2716,20.1653,20.0456,19.9866,19.9084,19.9485,19.8921,20.0585,20.127,20.1661,20.0166,19.8063,19.7739,20.0522,20.0371,20.1513,20.1791,20.1882,19.861,20.1514,19.9669,20.0264,20.3505,20.1918,19.9166,20.1603,19.8441,19.8138,19.7616,20.2079,20.062,19.9086,19.8451,19.8594,19.6215,21.0895,20.5609,20.1861,20.3612,20.2854,20.4107,20.0118,20.2343,19.9551,20.0343,20.1711,20.625,20.3361,20.2625
1100.0,20.6714,20.6074,20.8272,20.5179,20.391,20.4009,20.453,20.2351,21.0696,20.6313,20.4432,20.5433,20.6609,20.4335,20.3879,20.4873,20.3551,20.3303,20.2492,20.7466,20.58,20.3878,20.4405,20.2935,20.5289,20.1725,20.8365,20.6168,20.5841,20.5386,20.563,20.6935,20.5914,20.612,20.5048,20.5371,20.7023,20.4218,20.2224,20.6721,20.5628,20.4455,20.4018,20.3048,20.3538,20.301,20.4651,20.5133,20.5793,20.4131,20.2034,20.1683,20.4559,20.4375,20.5432,20.5655,20.5785,20.2569,20.5578,20.3705,20.4329,20.7433,20.5807,20.3464,20.5706,20.2469,20.2189,20.1597,20.6153,20.4599,20.3044,20.246,20.2521,20.0081,21.5017,20.9856,20.5933,20.7834,20.6959,20.8182,20.4151,20.6411,20.3885,20.4503,20.5782,21.0222,20.7412,20.636
1125.0,21.0481,20.9987,21.2166,20.9367,20.7934,20.7957,20.8473,20.6295,21.4621,21.014,20.8177,20.9242,21.0479,20.8324,20.79,20.8677,20.7393,20.7092,20.6237,21.1304,20.9681,20.7726,20.8324,20.6743,20.9199,20.5504,21.2207,21.0341,21.001,20.9414,20.9519,21.082,20.9758,20.9907,20.8816,20.9125,21.0855,20.7915,20.5917,21.0512,20.9433,20.8331,20.8122,20.6885,20.7362,20.69,20.8474,20.8856,20.9671,20.7914,20.5844,20.5442,20.8591,20.8178,20.927,20.9347,20.9493,20.6323,20.9598,20.7583,20.8309,21.1245,20.953,20.7518,20.9637,20.6467,20.6042,20.5387,20.998,20.8414,20.6873,20.6237,20.6265,20.3865,21.8944,21.3922,20.9906,21.2019,21.0956,21.212,20.8018,21.0404,20.7973,20.8498,20.9783,21.4076,21.1302,21.0059
1150.0,21.4088,21.3663,21.5987,21.3576,21.1879,21.169,21.2287,21.0083,21.8405,21.3811,21.1804,21.289,21.4198,21.2064,21.1642,21.2303,21.1151,21.07,20.9858,21.4915,21.3383,21.1308,21.1929,21.032,21.2823,20.9137,21.5928,21.4387,21.3924,21.3243,21.3244,21.453,21.3468,21.3571,21.2413,21.2775,21.4436,21.1473,20.9471,21.417,21.3089,21.2033,21.2002,21.0525,21.1088,21.0645,21.2148,21.2477,21.3327,21.1542,20.9517,20.9027,21.2364,21.1852,21.2939,21.292,21.3088,20.9931,21.3363,21.1275,21.2099,21.4883,21.31,21.1381,21.3503,21.0262,20.9789,20.908,21.3648,21.2016,21.0577,20.9842,20.9924,20.753,22.2582,21.7593,21.3689,21.62,21.4687,21.5765,21.1682,21.408,21.1781,21.2328,21.3431,21.7835,21.5039,21.3692
1175.0,21.7608,21.715,21.9789,21.7328,21.5498,21.5287,21.6071,21.3662,22.2001,21.7346,21.5334,21.6432,21.7764,21.5661,21.5251,21.5839,21.4673,21.421,21.3364,21.8435,21.6929,21.4735,21.546,21.3814,21.6303,21.2636,21.9476,21.7987,21.7439,21.6873,21.6796,21.812,21.6968,21.7083,21.5889,21.6256,21.792,21.4886,21.2903,21.7711,21.6628,21.5554,21.5601,21.4044,21.4636,21.4194,21.5661,21.597,21.6824,21.505,21.3019,21.2527,21.6084,21.5398,21.6551,21.6407,21.6606,21.3462,21.6886,21.4759,21.5681,21.8424,21.6514,21.5011,21.7109,21.3785,21.3356,21.2607,21.7185,21.5523,21.4113,21.332,21.3416,21.1059,22.5984,22.1142,21.7226,21.9943,21.8264,21.9263,21.5201,21.7591,21.5494,21.5926,21.6947,22.1478,21.8605,21.7213
1184.6,21.8928,21.8475,22.1244,21.8622,21.6861,21.6622,21.7388,21.4968,22.3342,21.8676,21.6642,21.7765,21.9095,21.6999,21.6612,21.7166,21.6003,21.5508,21.4683,21.9747,21.8266,21.6044,21.6773,21.512,21.7624,21.3936,22.0801,21.9316,21.8758,21.82,21.812,21.9443,21.8291,21.8394,21.7208,21.7576,21.9242,21.6179,21.419,21.9044,21.7916,21.6873,21.6936,21.5364,21.5955,21.5518,21.6984,21.7281,21.8137,21.6369,21.4337,21.3835,21.7419,21.6722,21.7878,21.7717,21.7928,21.4798,21.8198,21.6072,21.7021,21.9755,21.7794,21.6379,21.8429,21.5107,21.4651,21.3949,21.8514,21.6848,21.5435,21.4626,21.4727,21.2373,22.7276,22.2402,21.8522,22.1239,21.9567,22.0592,21.6527,21.8929,21.6892,21.7307,21.8274,22.279,21.9939,21.8542
1200.0,22.1018,22.0555,22.3515,22.07,21.896,21.8736,21.9499,21.7037,22.5493,22.0803,21.8734,21.9875,22.1215,21.9112,21.873,21.9285,21.8122,21.7593,21.6782,22.1851,22.0382,21.8152,21.8862,21.7199,21.973,21.6015,22.2924,22.145,22.0867,22.0309,22.0229,22.1536,22.0418,22.0478,21.9314,21.9679,22.1353,21.8225,21.626,22.1182,21.9983,21.8972,21.9051,21.7474,21.8087,21.7648,21.9095,21.9359,22.0248,21.8483,21.643,21.591,21.9552,21.8826,21.9985,21.9795,22.0023,21.6925,22.0304,21.8168,21.9161,22.1877,21.9855,21.8497,22.0519,21.7213,21.6733,21.6048,22.0631,21.8973,21.7531,21.6704,21.6808,21.4492,22.9358,22.4426,22.0601,22.3318,22.165,22.2711,21.8645,22.1045,21.9034,21.9462,22.0387,22.4878,22.2066,22.0665
1225.0,22.4365,22.3857,22.6804,22.4005,22.2305,22.2055,22.2837,22.0355,22.8914,22.4189,22.2094,22.3267,22.4612,22.247,22.2127,22.2659,22.1497,22.0934,22.012,22.521,22.3738,22.1499,22.2185,22.0487,22.3078,21.9328,22.6333,22.4836,22.4216,22.3697,22.3592,22.4885,22.3754,22.3793,22.2636,22.3038,22.4671,22.1498,21.9596,22.4555,22.3315,22.2296,22.2422,22.0831,22.1463,22.1095,22.244,22.2675,22.3555,22.1791,21.9745,21.9204,22.2938,22.2194,22.3338,22.3121,22.3355,22.0299,22.3627,22.1533,22.255,22.5232,22.317,22.1851,22.3851,22.0563,22.007,21.9343,22.3981,22.2324,22.087,22.0014,22.0116,21.7848,23.2713,22.7628,22.3923,22.667,22.495,22.6073,22.2014,22.4394,22.2386,22.2853,22.3762,22.8235,22.5476,22.4035
1250.0,22.7653,22.7096,23.0026,22.7259,22.5596,22.5344,22.6112,22.3622,23.2228,22.7481,22.5401,22.6576,22.7928,22.5765,22.5443,22.5964,22.4818,22.4211,22.3389,22.8484,22.701,22.4754,22.5442,22.3733,22.6345,22.2602,22.9636,22.815,22.7505,22.7016,22.6883,22.8181,22.7033,22.7057,22.5882,22.6301,22.7914,22.4725,22.2828,22.7835,22.657,22.556,22.5728,22.4126,22.4733,22.436,22.5743,22.5915,22.678,22.4932,22.3017,22.2453,22.622,22.5486,22.6606,22.6385,22.6635,22.3573,22.6902,22.4826,22.5866,22.8526,22.6435,22.5143,22.7151,22.3858,22.3327,22.2596,22.7258,22.5588,22.4147,22.3289,22.334,22.1149,23.6001,23.0801,22.7162,22.9956,22.8213,22.9374,22.5301,22.7697,22.5667,22.618,22.7077,23.1542,22.8787,22.7338
1275.0,23.0846,23.0291,23.3207,23.0446,22.8812,22.855,22.9338,22.6851,23.5473,23.0725,22.8631,22.9821,23.1203,22.8999,22.8701,22.9206,22.8074,22.7428,22.6597,23.1714,23.0229,22.7956,22.8629,22.6932,22.9572,22.5814,23.2888,23.1389,23.0739,23.0265,23.013,23.1424,23.0255,23.0273,22.9078,22.9535,23.1095,22.7866,22.5983,23.1045,22.9769,22.8764,22.8972,22.7348,22.797,22.7551,22.898,22.9037,22.9938,22.8059,22.6228,22.5645,22.9464,22.8727,22.9824,22.9585,22.9861,22.6787,23.012,22.8044,22.9109,23.1755,22.9629,22.838,23.0348,22.7077,22.6543,22.5792,23.0483,22.8799,22.7375,22.6482,22.6528,22.4382,23.9252,23.3912,23.0341,23.319,23.1419,23.2623,22.8559,23.0944,22.8891,22.9423,23.0318,23.4775,23.2024,23.0569
1300.0,23.399,23.3427,23.633,23.3576,23.1979,23.1683,23.2524,22.9993,23.8693,23.3925,23.1804,23.3025,23.4416,23.2184,23.1914,23.2399,23.1271,23.0593,22.977,23.488,23.3391,23.1119,23.1762,23.0077,23.2727,22.8974,23.6103,23.4585,23.3917,23.3471,23.3316,23.4622,23.3441,23.3405,23.222,23.2695,23.4239,23.0983,22.9106,23.4214,23.2921,23.1925,23.2151,23.0532,23.1144,23.0702,23.2149,23.2093,23.3059,23.1186,22.9388,22.8793,23.2677,23.1899,23.2998,23.2733,23.3044,22.9955,23.3302,23.1188,23.2302,23.4938,23.2764,23.1568,23.3497,23.0257,22.9711,22.8944,23.3666,23.1948,23.0527,22.9643,22.9654,22.7548,24.2447,23.6982,23.3489,23.6367,23.4562,23.5838,23.175,23.414,23.2047,23.2639,23.3506,23.7961,23.5217,23.3742
1325.0,23.7111,23.6516,23.9416,23.6669,23.51,23.4754,23.5661,23.3095,24.1853,23.7093,23.4937,23.6179,23.7578,23.5327,23.5086,23.5542,23.4423,23.3727,23.29,23.7993,23.6504,23.4238,23.4864,23.3174,23.582,23.2087,23.9265,23.7725,23.7036,23.6631,23.6445,23.7761,23.6589,23.6468,23.5303,23.5818,23.7324,23.4054,23.2193,23.7337,23.6033,23.5031,23.5277,23.3666,23.426,23.383,23.5284,23.5148,23.6158,23.4295,23.2504,23.1901,23.5827,23.5024,23.6115,23.5847,23.6174,23.3095,23.6419,23.4309,23.5443,23.8081,23.587,23.4715,23.6623,23.3382,23.2834,23.2045,23.6769,23.5053,23.3643,23.2752,23.273,23.067,24.559,24.0019,23.6594,23.9506,23.7657,23.8999,23.4919,23.7276,23.5163,23.5784,23.6644,24.108,23.8357,23.6877
1350.0,24.0167,23.9567,24.2463,23.9714,23.8185,23.7796,23.876,23.6176,24.4967,24.0216,23.8045,23.9294,24.0691,23.8432,23.8209,23.8651,23.7544,23.6816,23.5981,24.1067,23.9591,23.7314,23.7937,23.6236,23.8911,23.5155,24.2401,24.0846,24.014,23.976,23.954,24.0875,23.97,23.9461,23.8367,23.8907,24.0398,23.7092,23.5245,24.0442,23.9119,23.811,23.8353,23.6765,23.7349,23.6917,23.8376,23.8217,23.9214,23.7367,23.5581,23.4966,23.8918,23.8132,23.9221,23.893,23.9271,23.6201,23.9525,23.7405,23.8545,24.1188,23.8942,23.7815,23.9704,23.6487,23.5911,23.5117,23.9851,23.8134,23.6727,23.5824,23.5802,23.3742,24.8683,24.3016,23.9655,24.2593,24.0721,24.2118,23.8077,24.0388,23.8253,23.8879,23.9746,24.4187,24.1462,23.9988
1375.0,24.3209,24.2602,24.548,24.2722,24.1234,24.0832,24.1821,23.9219,24.8057,24.3313,24.1135,24.2379,24.3777,24.1511,24.1302,24.1732,24.0626,23.9881,23.9038,24.4117,24.2645,24.0341,24.0981,23.9277,24.1954,23.8189,24.5494,24.3933,24.3211,24.2867,24.2615,24.3962,24.2782,24.2444,24.1395,24.1963,24.3428,24.0118,23.8265,24.3503,24.217,24.1152,24.1418,23.983,24.0412,23.9971,24.1424,24.124,24.2233,24.0407,23.8618,23.7996,24.199,24.1211,24.23,24.1984,24.2355,23.9269,24.2588,24.0464,24.1619,24.4267,24.1976,24.0892,24.2748,23.9559,23.8965,23.8165,24.2913,24.1185,23.977,23.8872,23.8834,23.6777,25.1751,24.599,24.2683,24.5653,24.3754,24.5213,24.118,24.3475,24.131,24.1949,24.2816,24.7259,24.4541,24.3076
1400.0,24.6228,24.5605,24.8483,24.572,24.4261,24.3866,24.4857,24.2246,25.1127,24.6403,24.4185,24.5454,24.6842,24.456,24.4379,24.4778,24.3685,24.2912,24.2076,24.7132,24.5669,24.3356,24.4005,24.2289,24.4969,24.1208,24.8575,24.6979,24.627,24.5959,24.5669,24.7021,24.5844,24.5434,24.4395,24.4998,24.643,24.3128,24.1262,24.6533,24.52,24.4186,24.4455,24.2866,24.3457,24.3007,24.4452,24.4248,24.522,24.3413,24.1634,24.1015,24.5057,24.4269,24.5356,24.502,24.5399,24.2319,24.5632,24.3487,24.4662,24.7312,24.4987,24.3945,24.5762,24.2611,24.1993,24.1193,24.5951,24.4197,24.28,24.1886,24.1839,23.9808,25.4785,24.8943,24.5681,24.87,24.6759,24.8281,24.4249,24.654,24.4342,24.4999,24.5858,25.0303,24.7588,24.613
1425.0,24.9223,24.8582,25.1466,24.8667,24.7272,24.6878,24.7882,24.5267,25.4172,24.9459,24.722,24.8506,24.9884,24.7588,24.7433,24.7804,24.6719,24.592,24.5086,25.0143,24.8676,24.6345,24.7001,24.5268,24.7979,24.4213,25.1635,25.002,24.9313,24.9032,24.8697,25.0066,24.8876,24.8428,24.7376,24.8017,24.9417,24.61,24.424,24.9552,24.821,24.7184,24.746,24.588,24.6469,24.6019,24.7452,24.7242,24.8191,24.6408,24.4642,24.4012,24.8113,24.7313,24.8388,24.8044,24.8428,24.5344,24.8665,24.6499,24.7696,25.0344,24.7984,24.6993,24.8759,24.5638,24.5001,24.4198,24.8963,24.7195,24.5802,24.4879,24.4832,24.2797,25.7805,25.1869,24.8664,25.1729,24.9732,25.1335,24.7314,24.9579,24.7362,24.8043,24.8878,25.3331,25.0627,24.9158
1450.0,25.2206,25.1549,25.4432,25.161,25.0261,24.9876,25.0886,24.8265,25.7203,25.2485,25.0228,25.1532,25.2903,25.0605,25.0459,25.0816,24.9738,24.891,24.808,25.3125,25.1659,24.9317,24.9978,24.8237,25.0974,24.7204,25.4673,25.304,25.2336,25.2082,25.1712,25.3099,25.1885,25.1406,25.0347,25.1011,25.2387,24.9055,24.7201,25.255,25.1194,25.0167,25.044,24.8881,24.9468,24.9006,25.0441,25.0225,25.1144,24.938,24.7629,24.6988,25.1149,25.0322,25.1404,25.1046,25.1444,24.8359,25.1676,24.9495,25.0715,25.3352,25.0966,25.0018,25.174,24.8643,24.8007,24.7191,25.195,25.0175,24.8771,24.784,24.7796,24.5755,26.0811,25.4794,25.1624,25.4731,25.2696,25.4373,25.0361,25.2601,25.0351,25.1067,25.188,25.6341,25.3652,25.2159
1475.0,25.5161,25.4479,25.739,25.4554,25.3248,25.2856,25.3879,25.1243,26.0212,25.5506,25.3222,25.4545,25.5906,25.3612,25.3469,25.3804,25.2737,25.1881,25.1061,25.6091,25.4631,25.2272,25.2936,25.1187,25.3958,25.0167,25.7701,25.6041,25.5342,25.5115,25.4704,25.6118,25.4887,25.4361,25.329,25.3985,25.533,25.1997,25.015,25.5527,25.4157,25.3128,25.3402,25.1861,25.2445,25.1969,25.3415,25.3194,25.4091,25.2337,25.0604,24.9954,25.4171,25.3324,25.4411,25.4041,25.4454,25.136,25.4659,25.2475,25.3712,25.6339,25.3919,25.301,25.4712,25.1629,25.0996,25.0163,25.4911,25.3124,25.1723,25.079,25.0739,24.8692,26.3791,25.7705,25.4563,25.7713,25.5642,25.7396,25.3389,25.5613,25.3326,25.4059,25.4862,25.9332,25.6658,25.515
1500.0,25.8104,25.7403,26.0335,25.7472,25.6225,25.5821,25.686,25.4217,26.3207,25.8506,25.6206,25.7529,25.8888,25.6609,25.6466,25.6778,25.5714,25.4851,25.4029,25.9043,25.7585,25.5211,25.5873,25.4108,25.6914,25.3115,26.0715,25.9029,25.8332,25.8135,25.7684,25.9119,25.7869,25.7302,25.6205,25.6954,25.8248,25.4928,25.3066,25.8493,25.7101,25.6074,25.6363,25.4817,25.5397,25.4931,25.6375,25.614,25.7016,25.5277,25.357,25.2904,25.7171,25.63,25.7407,25.7018,25.7439,25.4346,25.7632,25.5433,25.6688,25.9306,25.6861,25.5987,25.7663,25.46,25.3964,25.3134,25.7857,25.6058,25.4668,25.3742,25.3672,25.1616,26.6755,26.0604,25.7502,26.0687,25.8576,26.0395,25.6399,25.8599,25.6289,25.7038,25.7827,26.2318,25.9642,25.8126
1525.0,26.1034,26.0323,26.3263,26.0362,25.9174,25.8772,25.9824,25.7173,26.6181,26.149,25.9167,26.0503,26.1846,25.9576,25.9449,25.9734,25.8683,25.7799,25.6981,26.1976,26.0513,25.813,25.8793,25.7014,25.9856,25.6043,26.3713,26.1997,26.1301,26.1141,26.065,26.2101,26.0827,26.0231,25.9105,25.9887,26.116,25.7842,25.5973,26.1446,26.0027,25.8994,25.9305,25.7759,25.8338,25.7872,25.9314,25.9069,25.9914,25.8203,25.6518,25.5838,26.0167,25.9263,26.0374,25.997,26.0419,25.731,26.0581,25.8372,25.965,26.2249,25.9786,25.8952,26.0595,25.7555,25.6912,25.6083,26.0774,25.8983,25.7597,25.6666,25.6592,25.4532,26.9716,26.3488,26.0427,26.3632,26.1482,26.3374,25.9399,26.1562,25.9231,25.9998,26.0765,26.5271,26.2605,26.1083
1550.0,26.3929,26.3212,26.6173,26.3253,26.2109,26.1693,26.2763,26.0098,26.914,26.4451,26.2112,26.3467,26.479,26.2522,26.2414,26.2678,26.1632,26.073,25.9917,26.4893,26.3415,26.1036,26.1687,25.9913,26.2784,25.8952,26.6686,26.4942,26.4248,26.4124,26.3603,26.5076,26.3777,26.3141,26.1984,26.2805,26.405,26.0744,25.8869,26.437,26.2938,26.1895,26.2249,26.0689,26.1274,26.0784,26.2235,26.1981,26.2804,26.1104,25.9452,25.8756,26.3125,26.2205,26.3313,26.2904,26.3365,26.0254,26.352,26.1298,26.2573,26.518,26.2695,26.1911,26.3513,26.0494,25.9849,25.8995,26.3684,26.1877,26.0503,25.9556,25.9485,25.7437,27.2658,26.6352,26.3332,26.6568,26.4385,26.6338,26.2378,26.4508,26.2158,26.2944,26.3684,26.8218,26.5542,26.403
1575.0,26.6818,26.6037,26.9069,26.6127,26.5029,26.4602,26.5685,26.3009,27.2088,26.7393,26.5034,26.6407,26.7708,26.545,26.5359,26.5603,26.457,26.3649,26.2839,26.778,26.6303,26.3906,26.4547,26.2807,26.5676,26.1837,26.9637,26.7864,26.7175,26.709,26.6521,26.8025,26.671,26.6036,26.4852,26.5704,26.6941,26.362,26.1746,26.7273,26.5832,26.4781,26.5139,26.3595,26.4194,26.3676,26.5146,26.4885,26.5683,26.4,26.2371,26.1653,26.607,26.5124,26.6237,26.5819,26.6295,26.3177,26.6429,26.4206,26.5477,26.8103,26.5599,26.4853,26.6425,26.3417,26.2773,26.1894,26.6574,26.4757,26.3393,26.2436,26.2369,26.0321,27.5573,26.9202,26.6233,26.9491,26.7265,26.9288,26.5328,26.745,26.5083,26.5873,26.6594,27.1147,26.8462,26.6955
1581.8,26.7601,26.6796,26.985,26.6902,26.5815,26.5388,26.6476,26.3794,27.2884,26.8187,26.5822,26.7202,26.8494,26.624,26.6153,26.6393,26.5364,26.4438,26.3628,26.8559,26.7085,26.4682,26.532,26.3588,26.6457,26.2617,27.0433,26.8653,26.7965,26.7891,26.7308,26.882,26.7504,26.6817,26.5627,26.6485,26.7719,26.4395,26.2523,26.8058,26.6612,26.5559,26.5912,26.4381,26.4979,26.4456,26.5932,26.567,26.6458,26.4782,26.3158,26.2436,26.6866,26.5911,26.7028,26.6606,26.7086,26.3967,26.7212,26.4989,26.6262,26.889,26.638,26.5646,26.7212,26.4208,26.3561,26.2678,26.7356,26.5537,26.4172,26.3216,26.3147,26.1099,27.6359,26.9971,26.7016,27.0278,26.8045,27.0083,26.6125,26.8248,26.5876,26.6666,26.7378,27.1937,26.925,26.7744
1600.0,26.9702,26.8821,27.1951,26.8985,26.7925,26.7494,26.8603,26.5909,27.5013,27.0315,26.7941,26.9338,27.0608,26.8361,26.8284,26.8518,26.7498,26.6558,26.5751,27.0658,26.9175,26.6775,26.74,26.5678,26.8555,26.4716,27.2574,27.0776,27.0089,27.0046,26.9428,27.0959,26.9638,26.8912,26.7705,26.8575,26.9811,26.6479,26.4612,27.0162,26.8714,26.7651,26.7992,26.6498,26.7094,26.6553,26.8039,26.7776,26.8545,26.6873,26.5269,26.4534,26.9007,26.8029,26.9152,26.8717,26.921,26.6091,26.9319,26.7087,26.8371,27.1013,26.8479,26.7774,26.9323,26.6334,26.5682,26.4795,26.9451,26.7624,26.6266,26.5308,26.5318,26.3189,27.8472,27.2042,26.9111,27.2397,27.0144,27.2216,26.8267,27.0398,26.8005,26.8805,26.949,27.4055,27.1372,26.9856
1625.0,27.2566,27.1672,27.4828,27.1823,27.0817,27.038,27.1503,26.881,27.7915,27.3224,27.0824,27.2235,27.3496,27.1251,27.1201,27.1422,27.0416,26.9464,26.8646,27.3518,27.2034,26.9625,27.0244,26.8529,27.1422,26.7581,27.5503,27.3667,27.2984,27.2989,27.2331,27.3886,27.2538,27.1769,27.0546,27.1441,27.2668,26.9336,26.7461,27.303,27.1581,27.0506,27.0843,26.9376,26.9978,26.9415,27.0918,27.0659,27.1397,26.9739,26.816,26.7407,27.1921,27.0902,27.2051,27.161,27.2111,26.8979,27.2203,26.9957,27.1254,27.3905,27.1344,27.0692,27.2212,26.9245,26.8587,26.7694,27.2315,27.0469,26.9133,26.8164,26.8394,26.6051,28.1361,27.4882,27.1985,27.5293,27.3009,27.513,27.1194,27.3347,27.0884,27.1745,27.2382,27.6949,27.4278,27.275
1650.0,27.5406,27.4662,27.769,27.4652,27.3696,27.3255,27.4402,27.1691,28.0809,27.6127,27.3706,27.5176,27.6367,27.4141,27.4113,27.4313,27.3332,27.2365,27.1535,27.639,27.488,27.2449,27.3071,27.137,27.4268,27.0426,27.8411,27.658,27.5879,27.5924,27.5226,27.6801,27.5437,27.46,27.3411,27.4294,27.5517,27.2198,27.031,27.5905,27.4423,27.3351,27.3674,27.2234,27.2847,27.2268,27.3793,27.3533,27.4231,27.2583,27.1033,27.0281,27.4829,27.3801,27.4943,27.4489,27.499,27.1863,27.5082,27.2828,27.4131,27.681,27.4224,27.358,27.526,27.2147,27.1485,27.0585,27.5179,27.3323,27.1993,27.1019,27.1735,26.8913,28.4196,27.7759,27.4844,27.8172,27.5859,27.8056,27.4111,27.6302,27.3778,27.4708,27.5284,27.9916,27.7154,27.5642
1675.0,27.8561,27.7869,28.1005,27.756,27.6614,27.6184,27.735,27.4698,28.374,27.9053,27.6708,27.8353,27.9414,27.7131,27.7086,27.73,27.6229,27.5406,27.4465,27.9472,27.7832,27.5499,27.7323,27.4525,27.7436,27.3406,28.1517,27.9727,27.8901,27.9029,27.8236,27.986,27.8359,27.7653,27.6612,27.7407,27.8475,27.5208,27.3221,27.8791,27.746,27.627,27.6664,27.5121,27.5771,27.5215,27.6719,27.6636,27.7084,27.5783,27.4019,27.3239,27.7819,27.7587,27.7951,27.7479,27.8112,27.4834,27.7985,27.5783,27.6995,28.0137,27.7527,27.6615,27.8525,27.5089,27.4459,27.3602,27.8187,27.6285,27.498,27.4033,27.5216,27.1818,28.7128,28.1362,27.791,28.1344,27.8899,28.1016,27.7125,27.9288,27.674,27.7721,27.8259,28.3274,28.0255,27.8662
1700.0,28.2327,28.1825,28.4963,28.1184,28.0235,27.9669,28.1128,27.8409,28.7029,28.2603,28.0139,28.2104,28.3012,28.0551,28.043,28.0816,27.9696,27.9035,27.7947,28.3261,28.1398,27.9272,28.2929,27.8079,28.0956,27.6688,28.5349,28.3654,28.27,28.2821,28.1737,28.3541,28.1648,28.1184,28.0545,28.1088,28.189,27.8898,27.6511,28.203,28.1188,27.9363,27.9985,27.8308,27.9278,27.852,28.0081,28.031,28.0586,27.9486,27.7612,27.7082,28.1422,28.2579,28.1588,28.1062,28.1884,27.8393,28.1311,27.9249,28.0429,28.43,28.1464,28.0266,28.2532,27.8406,27.7883,27.7378,28.191,27.9851,27.8532,27.7777,27.8824,27.5662,29.0676,28.6574,28.1608,28.5127,28.2602,28.4575,28.0627,28.2681,28.0184,28.1245,28.1799,28.7275,28.3457,28.2255
1725.0,28.7702,28.7203,29.0279,28.6307,28.5848,28.3959,28.5766,28.3057,29.1312,28.7182,28.4575,28.6915,28.7531,28.5169,28.4682,28.5507,28.4262,28.3769,28.2417,28.7873,28.5903,28.3853,28.8888,28.2567,28.5495,28.1101,29.0193,28.9448,28.7313,28.7683,28.6014,28.8263,28.5927,28.5597,28.5572,28.5262,28.619,28.3878,28.1022,28.6141,28.611,28.4026,28.4097,28.2402,28.4206,28.3089,28.4336,28.5399,28.5239,28.4732,28.2367,28.2275,28.6144,28.7717,28.6283,28.6088,28.6893,28.3196,28.5572,28.383,28.4549,28.9631,28.6599,28.4845,28.7584,28.3281,28.2107,28.2331,28.681,28.4428,28.3292,28.2589,28.3859,28.0342,29.5521,29.3306,28.6663,29.0172,28.7255,28.9163,28.5317,28.7366,28.4672,28.5724,28.6189,29.2493,28.7842,28.7146
1750.0,29.4309,29.3747,29.7045,29.2665,29.3543,28.973,29.1649,28.9441,29.6838,29.3198,29.0476,29.314,29.3211,29.114,29.0365,29.1692,29.0271,29.0105,28.8354,29.4427,29.1778,28.9794,29.623,28.8711,29.1888,28.6707,29.6261,29.5694,29.3057,29.3789,29.1862,29.4043,29.169,29.1109,29.1929,29.0653,29.156,29.0115,28.7085,29.1688,29.2467,29.0385,28.9925,28.8245,29.0269,28.9171,28.9823,29.1647,29.1149,29.1114,28.8635,28.8685,29.2228,29.4216,29.2144,29.2434,29.3339,28.9325,29.1483,28.9706,28.9879,29.6376,29.2938,29.0954,29.3938,28.9398,28.7795,28.8736,29.299,29.0171,28.9402,28.852,28.999,28.6279,30.2123,30.1018,29.3352,29.6618,29.342,29.5406,29.1259,29.3462,29.0174,29.122,29.1888,29.9278,29.3418,29.3337
1775.0,30.1932,30.1352,30.4719,30.005,30.1139,29.6798,29.8975,29.6667,30.3911,30.059,29.756,30.0147,30.0327,29.8081,29.6913,29.9092,29.7319,29.7547,29.5362,30.1841,29.8854,29.7215,30.3845,29.5946,29.9497,29.361,30.3329,30.3102,30.0151,30.1056,29.8449,30.1196,29.8697,29.7991,29.913,29.7879,29.8483,29.7373,29.413,29.8711,29.9828,29.795,29.6751,29.5288,29.7416,29.6384,29.6598,29.8722,29.8039,29.8388,29.5618,29.6057,29.9339,30.1712,29.9281,29.9971,30.0609,29.6391,29.8581,29.6696,29.6589,30.409,30.0532,29.8293,30.1469,29.6582,29.4843,29.6051,30.0351,29.6923,29.6854,29.5591,29.7368,29.315,30.9814,30.8548,30.1211,30.3965,30.0729,30.2791,29.834,30.0871,29.7115,29.8181,29.897,30.6824,30.0351,30.0684
1800.0,30.9798,30.905,31.2294,30.7609,30.8556,30.4366,30.6332,30.3921,31.1648,30.8389,30.5126,30.7543,30.8037,30.5674,30.4338,30.6592,30.4883,30.4871,30.2993,30.933,30.6486,30.4766,31.0514,30.3409,30.7096,30.1002,31.081,31.0611,30.7729,30.8504,30.6049,30.8924,30.6438,30.544,30.6425,30.5358,30.5914,30.4724,30.1383,30.6499,30.7516,30.5535,30.4255,30.2803,30.4768,30.3989,30.4039,30.6307,30.5454,30.5702,30.3105,30.3364,30.696,30.9201,30.6865,30.7506,30.8077,30.3862,30.6121,30.4066,30.4095,31.1604,30.8061,30.5921,30.8827,30.4165,30.2429,30.3314,30.7842,30.4541,30.428,30.2847,30.4626,30.0627,31.7602,31.4882,30.8901,31.1462,30.8332,31.0766,30.6161,30.8615,30.4687,30.5898,30.683,31.4277,30.7876,30.8519
1825.0,31.6199,31.5477,31.8672,31.3868,31.4711,31.0856,31.2686,31.0199,31.8872,31.5298,31.2053,31.4153,31.492,31.2487,31.1413,31.3007,31.1323,31.0925,30.9789,31.5799,31.348,31.1498,31.6075,30.9988,31.3495,30.7889,31.7425,31.6777,31.4289,31.4866,31.2984,31.5357,31.316,31.2268,31.2811,31.1491,31.2604,31.1007,30.78,31.3778,31.4009,31.2126,31.1304,30.9587,31.1246,31.0641,31.1058,31.277,31.2058,31.1862,30.9524,30.9397,31.3669,31.5424,31.2673,31.3807,31.4227,31.0342,31.2884,31.0711,31.1203,31.8101,31.4329,31.2185,31.4878,31.0484,30.9123,30.9359,31.4496,31.1504,31.0626,30.9304,31.0902,30.7365,32.4091,32.0049,31.5483,31.7878,31.4681,31.7624,31.2952,31.5268,31.1743,31.2856,31.3836,32.0618,31.5046,31.5179
1850.0,32.1547,32.0858,32.4144,31.9124,31.9837,31.6329,31.8145,31.5649,32.4841,32.0869,31.7802,31.9783,32.0461,31.7977,31.7096,31.8421,31.681,31.5827,31.5332,32.1325,31.9317,31.708,32.0934,31.5482,31.886,31.3578,32.3001,32.1901,31.9605,32.0182,31.8796,32.0842,31.8681,31.7951,31.8425,31.6694,31.8229,31.6311,31.3186,31.9582,31.9523,31.7554,31.7171,31.5236,31.6813,31.6184,31.6807,31.8156,31.7614,31.7132,31.4938,31.4585,31.9113,32.0558,31.766,31.9045,31.9675,31.5791,31.8492,31.6307,31.7434,32.3256,31.9714,31.7567,32.0042,31.585,31.4531,31.4598,32.0155,31.722,31.6043,31.4589,31.6042,31.3041,32.9549,32.4772,32.0869,32.3392,32.0067,32.3118,31.8657,32.0719,31.7305,31.8612,31.9456,32.6021,32.0938,32.0588
1875.0,32.6357,32.5591,32.906,32.4016,32.4592,32.1301,32.3114,32.0549,32.9953,32.5773,32.2836,32.4698,32.5365,32.2882,32.2076,32.3196,32.1752,32.0331,32.0195,32.6236,32.4372,32.1984,32.5425,32.0341,32.3683,31.8528,32.7836,32.6601,32.4388,32.4952,32.3746,32.5738,32.3578,32.2899,32.3403,32.1608,32.3196,32.1057,31.7943,32.465,32.4411,32.2453,32.2367,32.0201,32.1723,32.1181,32.1857,32.3009,32.2533,32.1898,31.98,31.9362,32.4039,32.5245,32.2712,32.3695,32.44,32.0725,32.3335,32.1347,32.2901,32.792,32.4456,32.2503,32.4739,32.0644,31.9397,31.9287,32.5189,32.2159,32.0884,31.9399,32.0774,31.7999,33.4529,32.9232,32.5683,32.8166,32.4909,32.8104,32.3542,32.5595,32.221,32.3665,32.4391,33.0849,32.5956,32.5577
1876.2,32.6582,32.5814,32.9288,32.4241,32.4812,32.1531,32.3346,32.078,33.0187,32.6006,32.3072,32.4932,32.5596,32.3114,32.2312,32.3427,32.1981,32.0552,32.0423,32.6459,32.461,32.2208,32.5639,32.0567,32.3907,31.8762,32.8061,32.6826,32.4617,32.5175,32.3979,32.5969,32.3812,32.313,32.3633,32.1836,32.3426,32.128,31.8167,32.4885,32.4637,32.2683,32.2603,32.0426,32.1944,32.1398,32.2091,32.3239,32.2759,32.2122,32.0031,31.9586,32.4273,32.5467,32.2949,32.3922,32.4623,32.0962,32.3561,32.1572,32.3155,32.8143,32.4678,32.2734,32.496,32.0872,31.9625,31.951,32.5424,32.2386,32.1114,31.9626,32.1003,31.8232,33.477,32.9467,32.5906,32.8391,32.5145,32.8333,32.377,32.5829,32.2441,32.3897,32.4621,33.1076,32.6187,32.5816
1900.0,33.0855,32.9952,33.3547,32.8507,32.904,32.5854,32.7643,32.506,33.4662,33.0305,32.7753,32.9278,32.9989,32.7361,32.6646,32.771,32.6288,32.4777,32.4742,33.0733,32.9004,32.6453,33.001,32.4815,32.8149,32.3086,33.2362,33.099,32.8934,32.942,32.8317,33.0293,32.8128,32.7376,32.7915,32.6114,32.7717,32.5481,32.2447,32.9241,32.8909,32.6968,32.7098,32.4665,32.6141,32.5575,32.6477,32.7473,32.705,32.6374,32.4339,32.3819,32.8591,32.9685,32.7351,32.8082,32.8834,32.5207,32.7895,32.5854,32.7783,33.2399,32.8867,32.6995,32.9205,32.5135,32.3909,32.3727,32.9881,32.6698,32.5418,32.3852,32.5183,32.254,33.9169,33.4178,33.0107,33.2558,32.9515,33.2645,32.8097,33.0161,32.6761,32.8187,32.8949,33.5303,33.0567,33.0101
1925.0,33.5771,33.4915,33.8644,33.5637,33.4119,33.0391,33.2481,33.0014,33.9147,33.4776,33.311,33.4017,33.4714,33.212,33.1341,33.2257,33.088,32.9402,32.9481,33.5334,33.3466,33.0977,33.5495,32.9301,33.3033,32.7428,33.7039,33.58,33.3595,33.4181,33.2983,33.5494,33.2696,33.2087,33.3176,33.085,33.2211,33.0624,32.746,33.3737,33.3956,33.1518,33.1579,32.9139,33.0748,33.0125,33.0984,33.2112,33.1602,33.1286,32.8975,32.8849,33.3251,33.4943,33.2009,33.3166,33.3863,32.9822,33.2334,33.0554,33.237,33.7101,33.3961,33.148,33.4498,32.9656,32.8497,32.8468,33.4743,33.1272,33.0055,32.8433,32.9697,32.6973,34.3878,34.144,33.5086,33.734,33.4473,33.7424,33.2828,33.4995,33.1694,33.2714,33.368,34.0435,33.509,33.4709
1950.0,34.2242,34.2212,34.6056,34.4548,34.1557,33.6415,33.95,33.6714,34.4809,34.0604,33.9571,34.0603,34.0842,33.8876,33.7712,33.8459,33.6821,33.542,33.5994,34.1953,33.966,33.7584,34.4107,33.5373,33.9648,33.3615,34.3549,34.2878,34.0282,34.0888,33.9018,34.2645,33.8905,33.8512,34.0246,33.6925,33.8057,33.7805,33.4486,33.9816,34.085,33.7153,33.7625,33.4883,33.7128,33.6416,33.6912,33.8404,33.7581,33.7895,33.5457,33.5658,33.9435,34.1713,33.8251,34.0054,34.1025,33.6032,33.7971,33.6649,33.7959,34.4117,34.1108,33.825,34.2278,33.5938,33.4863,33.5576,34.1009,33.7337,33.6809,33.4363,33.6584,33.3033,35.0616,35.128,34.2079,34.391,34.2849,34.3956,33.9389,34.1208,33.8713,33.8295,33.9653,34.7488,34.0956,34.1085
1975.0,35.1676,35.2107,35.6234,35.5519,35.1976,34.4687,34.9117,34.6335,35.2977,34.9212,34.8784,35.0334,34.9861,34.8199,34.6715,34.7176,34.5617,34.4493,34.5275,35.1457,34.8792,34.708,35.5286,34.4463,34.9344,34.2043,35.3197,35.2452,34.9364,35.0312,34.7522,35.2063,34.759,34.7766,35.0659,34.5378,34.6721,34.8074,34.4308,34.8832,35.0284,34.6121,34.6377,34.3787,34.646,34.619,34.4967,34.7658,34.5997,34.7532,34.4692,34.5554,34.7982,35.1351,34.6841,34.9951,35.0901,34.4844,34.5869,34.5507,34.6098,35.3705,35.1144,34.737,35.2735,34.5797,34.3874,34.5068,35.0609,34.5934,34.6681,34.31,34.6388,34.1762,36.0431,36.2618,35.1976,35.4217,35.2993,35.378,34.8409,35.0548,34.7915,34.6327,34.8299,35.7324,34.9669,35.0156
2000.0,36.321,36.3549,36.7389,36.6204,36.312,35.6442,36.049,35.77,36.4084,36.074,35.9952,36.1999,36.116,35.9468,35.7899,35.853,35.7018,35.5795,35.6701,36.3322,36.0442,35.8763,36.5348,35.5973,36.0728,35.332,36.5444,36.4106,36.0572,36.18,35.8451,36.3366,35.8637,35.9583,36.1904,35.683,35.7921,35.9108,35.5713,36.0146,36.1958,35.7717,35.7809,35.4459,35.796,35.7643,35.5866,35.9075,35.7189,35.9126,35.5208,35.6867,35.921,36.269,35.8155,36.1585,36.2374,35.6214,35.7293,35.7016,35.8422,36.5769,36.2748,35.9047,36.4226,35.7133,35.5095,35.6444,36.2298,35.7824,35.8216,35.4337,35.7501,35.3084,37.2146,37.1852,36.3515,36.6406,36.454,36.5622,35.9914,36.2186,35.9298,35.7731,35.9687,36.8798,36.0744,36.1541
2025.0,37.2347,37.2219,37.6019,37.3995,37.176,36.6471,36.9704,36.6195,37.4544,37.1216,36.9844,37.1283,37.0988,36.9303,36.8027,36.8454,36.7023,36.5475,36.5994,37.3235,37.047,36.8175,37.3007,36.5591,36.9951,36.3575,37.5076,37.3148,36.9871,37.0948,36.878,37.3152,36.8516,36.932,37.0642,36.7076,36.7981,36.7646,36.4601,37.0534,37.1216,36.7618,36.7839,36.5035,36.7749,36.7332,36.6647,36.8736,36.7525,36.8159,36.4431,36.593,36.9495,37.141,36.8284,37.0433,37.1476,36.58,36.7882,36.6867,36.8629,37.491,37.1702,36.8513,37.2509,36.6457,36.4943,36.5314,37.1753,36.8121,36.7235,36.4152,36.6336,36.2808,38.171,37.8927,37.2479,37.538,37.3467,37.4747,36.947,37.1728,36.8679,36.8425,36.9533,37.8073,37.1331,37.171
2050.0,37.9213,37.8977,38.2485,38.006,37.8286,37.4004,37.6513,37.2675,38.2572,37.8849,37.7245,37.8328,37.8099,37.6727,37.5529,37.5953,37.4502,37.2591,37.2838,38.0398,37.7771,37.5187,37.895,37.2922,37.6986,37.0971,38.2148,38.009,37.6901,37.7883,37.6494,38.0141,37.6142,37.6629,37.7336,37.4344,37.5378,37.4073,37.1166,37.8225,37.8027,37.482,37.5033,37.3032,37.505,37.4446,37.4699,37.6093,37.5282,37.4454,37.1482,37.2522,37.7051,37.7899,37.5557,37.7299,37.8207,37.3241,37.5383,37.3753,37.6262,38.1925,37.8587,37.58,37.9131,37.3627,37.2144,37.1872,37.8966,37.5741,37.4095,37.1298,37.2936,36.9932,38.9077,38.4684,37.9419,38.2256,38.0348,38.1544,37.643,37.8939,37.5732,37.6428,37.6893,38.5195,37.925,37.9121
2075.0,38.4825,38.433,38.8048,38.5324,38.3692,37.9798,38.2077,37.8355,38.8535,38.4841,38.3019,38.3917,38.3835,38.2376,38.1388,38.1752,38.026,37.8252,37.8298,38.6187,38.3779,38.0737,38.4019,37.8795,38.2622,37.6748,38.7803,38.5662,38.248,38.3249,38.2265,38.584,38.2068,38.2471,38.279,38.0305,38.1014,37.9363,37.6467,38.4362,38.356,38.0618,38.0884,37.9009,38.0715,37.9943,38.0772,38.1825,38.1224,38.0093,37.72,37.8075,38.2957,38.3209,38.1401,38.2743,38.3784,37.8931,38.1353,37.9509,38.2157,38.7426,38.4006,38.1554,38.4661,37.9167,37.7677,37.715,38.4882,38.167,37.9575,37.6936,37.8392,37.5799,39.4935,38.9624,38.5021,38.7903,38.5864,38.7261,38.1994,38.4446,38.153,38.2531,38.2639,39.0717,38.5665,38.5107
2085.2,38.6895,38.6336,39.0121,38.7233,38.5711,38.191,38.4137,38.0452,39.0745,38.6948,38.5143,38.5992,38.5959,38.4464,38.3612,38.3983,38.2377,38.0325,38.0396,38.8294,38.5868,38.278,38.5961,38.0901,38.4657,37.8849,38.9909,38.7682,38.4526,38.5076,38.4338,38.7926,38.4158,38.4526,38.4802,38.2442,38.3136,38.1351,37.8455,38.6581,38.5651,38.2686,38.3057,38.1147,38.2759,38.1989,38.2991,38.3963,38.3345,38.2204,37.9328,38.0052,38.5026,38.5203,38.3535,38.4761,38.5844,38.0977,38.3479,38.1559,38.4297,38.948,38.6049,38.3703,38.669,38.1233,37.9756,37.9189,38.7009,38.3773,38.1609,37.9009,38.0384,37.794,39.7019,39.1646,38.7119,38.9985,38.7939,38.9332,38.4021,38.6554,38.3687,38.4716,38.4772,39.2808,38.7944,38.7253
2100.0,38.9713,38.922,39.3045,39.0096,38.8604,38.4841,38.6913,38.3389,39.3728,38.9911,38.7999,38.8982,38.8854,38.7375,38.6613,38.6994,38.5292,38.3175,38.3298,39.1207,38.8843,38.561,38.8913,38.3791,38.7502,38.1784,39.2792,39.0546,38.737,38.77,38.7313,39.0802,38.705,38.7426,38.7613,38.5357,38.6059,38.4173,38.124,38.9611,38.8561,38.5553,38.5964,38.4184,38.5642,38.4896,38.6054,38.6787,38.6362,38.5067,38.2233,38.2893,38.7986,38.8069,38.6436,38.7595,38.8743,38.3831,38.6437,38.4526,38.7217,39.2278,38.8882,38.6634,38.9567,38.4127,38.266,38.2026,38.9941,38.6733,38.4499,38.193,38.3212,38.0784,40.0011,39.4854,38.9967,39.2871,39.0772,39.2249,38.6723,38.9453,38.6571,38.7762,38.769,39.5725,39.0976,39.0139
2125.0,39.5026,39.4404,39.8316,39.5614,39.3782,38.9518,39.179,38.8211,39.8571,39.4956,39.3017,39.4451,39.3911,39.2459,39.1573,39.2158,39.0252,38.8121,38.8111,39.6367,39.3878,39.0844,39.4779,38.8847,39.261,38.6747,39.7973,39.5614,39.2339,39.2471,39.209,39.5648,39.1868,39.2447,39.2769,39.0153,39.0785,38.9463,38.6324,39.459,39.3665,39.0476,39.0826,38.9075,39.0417,38.9795,39.0927,39.1792,39.1324,39.0051,38.7153,38.7801,39.2943,39.3246,39.1344,39.2711,39.3857,38.8632,39.1273,38.9255,39.2055,39.7537,39.4189,39.1841,39.4931,38.9111,38.7464,38.7194,39.494,39.1834,38.9816,38.6964,38.8381,38.5639,40.4782,40.1092,39.5521,39.8041,39.5891,39.7468,39.1653,39.454,39.1727,39.2573,39.259,40.1206,39.582,39.5194
2150.0,40.1381,40.0378,40.5057,40.2334,40.002,39.5076,39.7841,39.383,40.4119,40.1041,39.8999,40.0635,39.9751,39.8367,39.7489,39.8193,39.6413,39.4146,39.3965,40.2742,40.0033,39.7213,40.1729,39.4872,39.8924,39.2549,40.4221,40.1726,39.8466,39.8191,39.755,40.1482,39.7631,39.8625,39.9144,39.5964,39.6146,39.5703,39.2301,40.0424,39.9705,39.6365,39.6585,39.4765,39.6184,39.5544,39.6499,39.7809,39.7251,39.5921,39.2785,39.3749,39.8782,39.9329,39.7285,39.886,39.9927,39.5004,39.6965,39.5126,39.756,40.3502,40.0288,39.8052,40.1209,39.5099,39.4013,39.3251,40.112,39.7944,39.6,39.2921,39.4412,39.1568,41.0675,40.8305,40.2517,40.4248,40.2147,40.3328,39.7327,40.0592,39.7633,39.805,39.8384,40.7669,40.139,40.1141
2175.0,40.8462,40.7307,41.2678,40.9644,40.6976,40.1378,40.4704,40.0437,41.0709,40.7897,40.5779,40.7497,40.6282,40.4843,40.3927,40.5024,40.3385,40.1022,40.0753,40.9866,40.7111,40.4135,40.8918,40.1889,40.5961,39.9357,41.1363,40.8612,40.5429,40.4939,40.4031,40.8339,40.4094,40.5524,40.6243,40.2686,40.2519,40.2589,39.8955,40.7229,40.6682,40.3144,40.3197,40.1376,40.3036,40.2054,40.3081,40.4501,40.3821,40.2703,39.9215,40.0465,40.5743,40.614,40.3989,40.5674,40.7,40.1834,40.3422,40.1909,40.4097,41.0275,40.7162,40.5157,40.8303,40.187,40.0854,40.0029,40.7885,40.4523,40.2749,39.9629,40.1117,39.8127,41.8319,41.5617,40.9506,41.1223,40.901,41.0223,40.3957,40.7538,40.4277,40.4542,40.4896,41.4956,40.796,40.8
2200.0,41.5579,41.4536,42.0,41.651,41.3866,40.8346,41.1649,40.7553,41.7867,41.5008,41.2674,41.4557,41.3141,41.1792,41.1038,41.2228,41.0498,40.8155,40.7889,41.6917,41.4251,41.0991,41.5283,40.8992,41.2927,40.6391,41.8374,41.5523,41.223,41.2033,41.0959,41.5501,41.0939,41.2446,41.3151,40.9707,40.9295,40.9315,40.5768,41.4571,41.3842,41.0145,41.0179,40.8224,41.016,40.8853,41.017,41.1504,41.0727,40.9757,40.6035,40.7228,41.3111,41.3007,41.1328,41.2577,41.4063,40.8752,41.0417,40.9098,41.1058,41.7113,41.4134,41.2339,41.5154,40.8859,40.7693,40.6684,41.4773,41.1213,40.9112,40.636,40.7812,40.4826,42.7055,42.2005,41.644,41.8292,41.6147,41.7272,41.0954,41.4757,41.1387,41.1631,41.1787,42.1936,41.5134,41.5045
2225.0,42.1841,42.0782,42.6435,42.2436,41.9992,41.4677,41.7902,41.3869,42.4588,42.1548,41.8949,42.0957,41.955,41.8262,41.7631,41.8656,41.6892,41.4426,41.4148,42.3268,42.0771,41.7007,42.084,41.5276,41.9099,41.2847,42.4633,42.1786,41.8208,41.8319,41.7301,42.1681,41.7302,41.8644,41.9325,41.6185,41.5635,41.5117,41.1919,42.127,42.0309,41.6393,41.6521,41.4462,41.679,41.5161,41.6923,41.7756,41.7089,41.595,41.2285,41.3119,41.9714,41.9034,41.7931,41.8914,42.0205,41.4851,41.7087,41.5474,41.7497,42.3256,42.0411,41.8625,42.0897,41.4978,41.3785,41.2553,42.1047,41.7583,41.5052,41.2494,41.3877,41.1003,43.4669,42.7351,42.247,42.4652,42.2571,42.3501,41.709,42.1158,41.7584,41.8121,41.8177,42.7933,42.1881,42.125
2250.0,42.729,42.6135,43.1793,42.7514,42.5309,42.0348,42.3113,41.9291,43.0507,42.719,42.4427,42.628,42.5173,42.3797,42.3246,42.4148,42.2402,41.9868,41.9497,42.8781,42.6489,42.2204,42.5476,42.0914,42.4414,41.8302,42.9999,42.702,42.3409,42.37,42.2977,42.7106,42.287,42.4149,42.4615,42.1754,42.1523,42.0213,41.7186,42.7005,42.6104,42.1916,42.1334,41.9974,42.231,42.0623,42.2653,42.3164,42.2676,42.1347,41.7771,41.8275,42.5199,42.4315,42.3531,42.4186,42.549,42.0264,42.285,42.1015,42.3025,42.8434,42.5717,42.4027,42.5961,42.015,41.9128,41.7591,42.661,42.3142,42.048,41.7958,41.9129,41.6508,44.0975,43.214,42.7585,43.0138,42.8225,42.8889,42.2411,42.6065,42.3181,42.3727,42.3703,43.311,42.7854,42.6566
2275.0,43.2101,43.1015,43.6664,43.2285,43.0139,42.5218,42.7478,42.4154,43.5628,43.2201,42.9271,43.1157,43.0076,42.8649,42.8182,42.9151,42.727,42.4703,42.4291,43.3673,43.1475,42.6907,42.9848,42.5629,42.9248,42.3327,43.4851,43.1702,42.8185,42.8472,42.7993,43.1801,42.7801,42.8993,42.9344,42.6577,42.6659,42.4847,42.1898,43.2041,43.1125,42.6642,42.5844,42.4936,42.7308,42.5365,42.7657,42.7741,42.7551,42.6115,42.2688,42.2987,43.0118,42.8998,42.8377,42.8786,43.0142,42.499,42.782,42.5953,42.8025,43.3073,43.0475,42.8796,43.0511,42.4833,42.3876,42.2216,43.1559,42.8014,42.5232,42.2717,42.3846,42.1378,44.6126,43.6488,43.2248,43.5157,43.32,43.3741,42.7255,43.0422,42.8128,42.8604,42.8535,43.7879,43.3083,43.1455
2300.0,43.6619,43.5414,44.1008,43.6533,43.4509,42.9771,43.1556,42.8715,44.0184,43.6758,43.3725,43.5663,43.4523,43.3095,43.272,43.3614,43.1729,42.9103,42.8708,43.8137,43.601,43.1238,43.4104,43.007,43.3662,42.7869,43.9283,43.6078,43.2541,43.3005,43.2534,43.6211,43.2264,43.3388,43.3681,43.1105,43.1381,42.9183,42.6244,43.6601,43.5646,43.0881,43.0327,42.9467,43.194,42.9783,43.2188,43.2083,43.1925,43.0518,42.7154,42.7334,43.4644,43.3369,43.2954,43.3177,43.4472,42.9454,43.2423,43.0463,43.247,43.7387,43.4856,43.328,43.4748,42.9226,42.8218,42.6473,43.6053,43.2508,42.9611,42.712,42.8199,42.5848,45.074,44.0655,43.6596,44.0002,43.7759,43.8244,43.1721,43.484,43.2659,43.311,43.3039,44.225,43.7732,43.5923
2325.0,44.0726,43.9582,44.5143,44.0641,43.867,43.4053,43.5693,43.2879,44.4543,44.1025,43.7942,43.9808,43.8728,43.7269,43.7019,43.7818,43.5925,43.3252,43.2842,44.2311,44.0245,43.531,43.8095,43.4225,43.7806,43.2063,44.3426,44.0185,43.6631,43.7199,43.6796,44.0418,43.6489,43.7537,43.7802,43.5349,43.566,43.3261,43.04,44.0875,43.989,43.5041,43.4558,43.3616,43.6219,43.3935,43.639,43.6355,43.6146,43.4664,43.1401,43.1453,43.8965,43.753,43.7219,43.7301,43.8667,43.3586,43.6717,43.4671,43.672,44.1456,43.9001,43.7455,43.8782,43.3331,43.2336,43.0552,44.0244,43.6736,43.3747,43.1286,43.23,43.0003,45.505,44.4563,44.0705,44.4166,44.2016,44.2418,43.5898,43.9122,43.6919,43.735,43.7262,44.6414,44.1998,44.0053
2350.0,44.4648,44.3525,44.9081,44.4583,44.2544,43.8216,43.9623,43.6863,44.8614,44.5079,44.1962,44.3784,44.2732,44.1226,44.1007,44.1834,43.9893,43.7227,43.6838,44.6314,44.4252,43.92,44.1936,43.8204,44.1748,43.61,44.7372,44.4102,44.0571,44.1152,44.0818,44.4394,44.0489,44.1481,44.1739,43.9359,43.9746,43.717,43.4326,44.4935,44.3919,43.9061,43.8534,43.7621,44.0272,43.7877,44.0386,44.032,44.0137,43.86,43.5486,43.5375,44.3285,44.1486,44.1296,44.1246,44.2597,43.7572,44.0747,43.8656,44.0764,44.5411,44.2918,44.1433,44.2667,43.7276,43.6289,43.4507,44.4245,44.0741,43.7712,43.5202,43.6189,43.3979,45.9076,44.8366,44.4743,44.815,44.5927,44.6374,43.9892,44.3167,44.0922,44.1366,44.1325,45.0453,44.6166,44.4027
2375.0,44.8468,44.7368,45.2826,44.8328,44.6333,44.2115,44.3406,44.0684,45.2516,44.8959,44.5766,44.7613,44.6535,44.5059,44.4886,44.5688,44.372,44.1031,44.0668,45.0141,44.8091,44.2969,44.5676,44.2048,44.556,43.996,45.1193,44.7914,44.4367,44.5014,44.4686,44.824,44.4347,44.5279,44.5538,44.3198,44.3614,44.0963,43.8076,44.88,44.781,44.2894,44.2402,44.1451,44.4126,44.1647,44.4236,44.4181,44.4005,44.2381,43.9335,43.9208,44.7195,44.5278,44.519,44.5018,44.643,44.1419,44.4635,44.2495,44.4632,44.9208,44.671,44.5294,44.6474,44.1137,44.0093,43.8272,44.8086,44.4558,44.149,43.9001,43.9975,43.7797,46.2967,45.2046,44.8656,45.1965,44.9749,45.0209,44.3764,44.7112,44.481,44.523,44.52,45.4336,45.0071,44.7901
2389.9,45.0695,44.9563,45.5021,45.0485,44.8526,44.4326,44.5628,44.2923,45.479,45.1223,44.7973,44.9876,44.876,44.7314,44.7143,44.7901,44.5941,44.3247,44.2884,45.2382,45.0305,44.5161,44.7862,44.427,44.7772,44.2199,45.3423,45.013,44.6582,44.7241,44.6928,45.0463,44.6585,44.7489,44.7741,44.5433,44.5867,44.3164,44.0286,45.1042,45.0062,44.511,44.4628,44.3668,44.6371,44.3865,44.6492,44.6417,44.6221,44.4606,44.1554,44.1458,44.9431,44.7471,44.75,44.7209,44.8645,44.3644,44.6902,44.4754,44.6876,45.1396,44.8932,44.7536,44.8747,44.3373,44.23,44.0495,45.0333,44.6795,44.3694,44.1219,44.2165,44.002,46.5241,45.4183,45.0829,45.4186,45.1942,45.244,44.6037,44.9389,44.7085,44.751,44.7433,45.656,45.2348,45.0101
2400.0,45.2172,45.1032,45.6487,45.1939,44.9989,44.5827,44.7108,44.4413,45.6293,45.2741,44.9451,45.1397,45.0257,44.8818,44.8658,44.939,44.743,44.4735,44.437,45.386,45.178,44.6638,44.9336,44.5755,44.9261,44.3694,45.4918,45.1605,44.807,44.8741,44.8457,45.1945,44.8094,44.8976,44.9198,44.693,44.7387,44.4641,44.177,45.2552,45.1563,44.6612,44.6123,44.5162,44.788,44.5357,44.799,44.7898,44.7707,44.608,44.3035,44.295,45.0928,44.8949,44.9046,44.8676,45.0127,44.5127,44.8432,44.6261,44.8383,45.2862,45.0405,44.9033,45.025,44.4871,44.3781,44.1968,45.1837,44.8301,44.5177,44.27,44.3641,44.1523,46.6763,45.5623,45.2297,45.5677,45.341,45.393,44.7535,45.0897,44.8632,44.9036,44.8923,45.8047,45.3852,45.1595
2425.0,45.5764,45.4602,46.0077,45.551,45.3554,44.9454,45.0726,44.8032,45.9965,45.6394,45.3057,45.5017,45.3895,45.2441,45.2376,45.3002,45.1077,44.8361,44.7975,45.7466,45.539,45.0219,45.2899,44.9375,45.288,44.7319,45.8555,45.5138,45.1649,45.2383,45.2099,45.5542,45.1753,45.2594,45.2763,45.0553,45.1031,44.8233,44.5421,45.6208,45.5206,45.0254,44.9776,44.8782,45.1522,44.8968,45.1619,45.1511,45.1287,44.9665,44.6668,44.6523,45.4562,45.2551,45.2654,45.224,45.3721,44.8726,45.2129,44.987,45.2012,45.644,45.3986,45.2667,45.3833,44.8463,44.7399,44.5537,45.549,45.1913,44.8779,44.6297,44.7218,44.5132,47.0422,45.9127,45.5843,45.9283,45.7003,45.7571,45.118,45.4578,45.2287,45.2709,45.2534,46.1651,45.7548,45.5227
2450.0,45.9277,45.8107,46.3571,45.9,45.7065,45.2959,45.4262,45.1565,46.353,45.9967,45.6594,45.8562,45.7435,45.5991,45.5948,45.6558,45.4636,45.1927,45.152,46.0999,45.8956,45.372,45.6403,45.2898,45.6406,45.0858,46.211,45.8601,45.5179,45.597,45.567,45.9093,45.534,45.612,45.6249,45.41,45.4604,45.1724,44.8954,45.9773,45.8757,45.3811,45.3323,45.2312,45.5077,45.2512,45.5149,45.5049,45.4817,45.3188,45.0219,45.0036,45.8126,45.6057,45.6208,45.5741,45.723,45.2232,45.5724,45.3409,45.5607,45.996,45.7491,45.6214,45.7343,45.2007,45.0934,44.9053,45.903,45.5445,45.2299,44.9821,45.0707,44.8665,47.4,46.2558,45.9297,46.2787,46.0487,46.1136,45.4752,45.8165,45.5856,45.6283,45.6087,46.5211,46.1137,45.8787
2475.0,46.2731,46.155,46.7008,46.2436,46.0502,45.6429,45.7729,45.503,46.7051,46.3484,46.0091,46.2042,46.0905,45.9481,45.944,46.0029,45.8143,45.5411,45.4996,46.447,46.2448,45.716,45.9839,45.637,45.9869,45.4337,46.5615,46.2058,45.8642,45.949,45.9172,46.2605,45.8846,45.962,45.9682,45.7567,45.8078,45.5163,45.242,46.3273,46.2289,45.7326,45.6805,45.5784,45.858,45.5966,45.8613,45.854,45.8284,45.664,45.372,45.3491,46.1641,45.9509,45.9695,45.9174,46.0699,45.5698,45.9221,45.6898,45.9109,46.3432,46.0925,45.9694,46.0778,45.5497,45.4419,45.2507,46.2494,45.8941,45.5742,45.3284,45.416,45.2114,47.7508,46.5931,46.2703,46.6245,46.3916,46.4643,45.8274,46.1693,45.9348,45.9797,45.9581,46.8691,46.4642,46.2279
2500.0,46.612,46.4954,47.0419,46.5807,46.3877,45.9854,46.1162,45.8432,47.0505,46.6945,46.3516,46.5476,46.4318,46.2934,46.2872,46.3459,46.1597,45.8849,45.843,46.7894,46.5866,46.0576,46.3226,45.9775,46.3293,45.7785,46.9062,46.5483,46.2052,46.2949,46.2613,46.6056,46.2305,46.3038,46.3079,46.0985,46.1508,45.8555,45.5815,46.6713,46.5731,46.0768,46.024,45.9205,46.2009,45.9393,46.202,46.1951,46.1683,46.0056,45.7155,45.688,46.5076,46.2898,46.3129,46.2547,46.4113,45.9107,46.2673,46.0326,46.2553,46.6848,46.4316,46.3124,46.4184,45.8924,45.7846,45.5928,46.591,46.2385,45.914,45.6685,45.7551,45.5512,48.0949,46.9275,46.6082,46.9632,46.7304,46.8107,46.173,46.518,46.2813,46.3256,46.3026,47.2098,46.8095,46.5713
2525.0,46.9614,46.83,47.3963,46.9295,46.7272,46.3245,46.4555,46.1805,47.395,47.038,46.6936,46.8892,46.7688,46.6397,46.6275,46.6871,46.5047,46.2253,46.1846,47.1326,46.9287,46.3928,46.6677,46.3137,46.6676,46.1151,47.2535,46.8894,46.5432,46.6414,46.6007,46.9492,46.5702,46.6381,46.6437,46.4367,46.4875,46.1968,45.9175,47.0077,46.9177,46.4139,46.3613,46.2539,46.5509,46.2781,46.5395,46.5364,46.505,46.3445,46.0558,46.0348,46.8482,46.6272,46.6529,46.5874,46.7627,46.2463,46.6067,46.3726,46.5937,47.0319,46.769,46.6575,46.7671,46.2315,46.1196,45.9469,46.9307,46.5809,46.255,46.0062,46.0925,45.8886,48.4448,47.2812,46.9515,47.3128,47.073,47.145,46.5132,46.8602,46.6224,46.6659,46.6418,47.5591,47.1512,46.9102
2550.0,47.3738,47.2196,47.8577,47.3558,47.132,46.687,46.8182,46.5439,47.7621,47.4003,47.05,47.2679,47.1284,47.0292,46.9858,47.0689,46.869,46.5747,46.5346,47.5306,47.3127,46.7635,47.1198,46.7012,47.0444,46.5481,47.6486,47.2896,46.9219,47.0292,46.9635,47.3326,46.9229,47.0059,47.0519,46.7875,46.8339,46.5767,46.29,47.3565,47.2954,46.7673,46.7026,46.6024,46.9155,46.6385,46.9124,46.9213,46.8668,46.7283,46.407,46.4382,47.213,47.023,47.0134,46.9681,47.1638,46.629,46.9738,46.7291,46.9511,47.4345,47.1704,47.0459,47.1652,46.6262,46.4902,46.3232,47.3164,46.9387,46.6583,46.351,46.4308,46.2476,48.8337,47.748,47.3554,47.6977,47.4792,47.5117,46.8785,47.2324,46.9848,47.0157,47.016,47.9736,47.5352,47.277
2575.0,47.9011,47.7037,48.4062,47.8943,47.6411,47.1143,47.3173,47.0101,48.2184,47.8788,47.5072,47.7588,47.5712,47.4555,47.4405,47.5464,47.3252,46.9944,46.9671,48.0657,47.7454,47.233,47.6607,47.1873,47.5316,47.1304,48.162,47.793,47.3966,47.5202,47.4295,47.8055,47.4065,47.4653,47.5398,47.2426,47.2607,47.0765,46.7604,47.8064,47.7484,47.2273,47.1212,47.0235,47.4095,47.0786,47.3817,47.3911,47.2884,47.2241,46.8405,46.9475,47.6448,47.5106,47.4823,47.4502,47.6563,47.0788,47.4078,47.2068,47.4232,47.9674,47.7204,47.5208,47.6665,47.1071,46.951,46.8029,47.7893,47.3764,47.1727,46.7582,46.9169,46.7288,49.3299,48.3005,47.891,48.1732,48.0141,47.9403,47.321,47.7118,47.4511,47.4496,47.45,48.4929,47.9931,47.7352
2600.0,48.5124,48.2982,49.0294,48.4977,48.2213,47.6544,47.9026,47.5847,48.7759,48.4462,48.0876,48.3248,48.1286,48.0007,47.9862,48.1321,47.8729,47.5212,47.5157,48.7017,48.3032,47.8226,48.2905,47.7838,48.1228,47.7207,48.75,48.3844,47.9731,48.1102,47.9857,48.384,47.9862,48.0334,48.1414,47.8066,47.7857,47.6607,47.3216,48.3627,48.3468,47.7863,47.6665,47.5681,47.9932,47.6287,47.945,47.9598,47.8366,47.7976,47.3783,47.5286,48.1822,48.0699,48.0322,48.0206,48.2189,47.6195,47.9555,47.7815,47.9919,48.5872,48.3389,48.0931,48.2589,47.6871,47.5056,47.361,48.3865,47.8764,47.7604,47.29,47.5125,47.297,49.9487,48.9211,48.5004,48.7877,48.6579,48.5017,47.8769,48.2999,48.0208,47.9656,48.0129,49.1299,48.5761,48.3225
2625.0,49.1845,48.9504,49.6824,49.1104,48.8952,48.2686,48.5549,48.2393,49.4337,49.13,48.7429,48.9468,48.7184,48.5962,48.585,48.7872,48.5083,48.1462,48.1161,49.3762,48.9368,48.4599,48.9339,48.4373,48.7934,48.3626,49.4015,49.0338,48.6113,48.7433,48.5973,49.0286,48.5884,48.6599,48.7947,48.4489,48.3965,48.2981,47.9576,48.9839,49.0089,48.4069,48.2934,48.1877,48.6576,48.2532,48.5759,48.6027,48.4409,48.4389,47.9904,48.1674,48.7922,48.6761,48.6324,48.6355,48.8393,48.2156,48.5787,48.4101,48.6263,49.2499,49.0216,48.7209,48.8978,48.3042,48.1152,47.9679,49.0532,48.5106,48.4094,47.9187,48.165,47.934,50.6151,49.5575,49.1574,49.4818,49.3551,49.1485,48.4934,48.9614,48.6681,48.5659,48.6573,49.8323,49.2411,48.9819
2650.0,49.8194,49.5806,50.3118,49.6886,49.5065,48.9027,49.2082,48.8781,50.1094,49.8137,49.4086,49.5815,49.347,49.2192,49.205,49.4168,49.1505,48.7763,48.7328,50.0247,49.5861,49.091,49.5353,49.0712,49.4407,48.9833,50.047,49.6687,49.2198,49.3494,49.2307,49.6718,49.2096,49.3072,49.4423,49.0891,49.0447,48.9236,48.5831,49.629,49.6679,49.046,48.9503,48.8198,49.3216,48.889,49.2354,49.2558,49.0824,49.0511,48.6415,48.7908,49.4139,49.2948,49.2344,49.2389,49.4572,48.8315,49.2092,49.0478,49.2611,49.8754,49.6638,49.3238,49.5057,48.9111,48.7146,48.5441,49.7068,49.1794,49.0255,48.5626,48.7918,48.5714,51.2729,50.1642,49.8535,50.1359,50.0029,49.8083,49.1454,49.5944,49.3024,49.1861,49.2962,50.5068,49.9251,49.638
2675.0,50.389,50.1472,50.8935,50.2428,50.0701,49.4745,49.7968,49.467,50.7307,50.4273,50.014,50.1701,49.9489,49.8037,49.8008,49.9803,49.7186,49.3586,49.3049,50.6047,50.1937,49.6804,50.0859,49.6378,50.0277,49.5463,50.6109,50.2326,49.7743,49.9025,49.8084,50.2493,49.8003,49.9024,50.0351,49.6873,49.6447,49.4852,49.1705,50.2392,50.2775,49.648,49.5581,49.4169,49.9261,49.4759,49.8383,49.8443,49.7034,49.6313,49.2436,49.3514,49.9965,49.8842,49.8086,49.7889,50.0398,49.418,49.8074,49.634,49.8124,50.435,50.2407,49.8824,50.0601,49.4735,49.2688,49.0883,50.2946,49.784,49.5858,49.1365,49.3614,49.1425,51.8798,50.7138,50.5223,50.7312,50.5654,50.402,49.7287,50.1773,49.8766,49.7666,49.878,51.0923,50.558,50.2286
2675.7,50.4036,50.1618,50.9086,50.2576,50.085,49.4895,49.8118,49.4824,50.7467,50.4427,50.0298,50.1855,49.965,49.8194,49.8167,49.9944,49.7334,49.3747,49.3196,50.6198,50.2094,49.6959,50.1001,49.6526,50.0422,49.5612,50.6258,50.2474,49.7888,49.9168,49.8234,50.2643,49.816,49.9179,50.0507,49.7029,49.6606,49.5001,49.1858,50.2554,50.2934,49.6643,49.5734,49.4323,49.941,49.491,49.8542,49.8595,49.7197,49.646,49.2592,49.3661,50.012,49.8994,49.8239,49.8032,50.0552,49.4331,49.8229,49.6492,49.8271,50.4496,50.2557,49.8975,50.0749,49.4885,49.2834,49.1026,50.3094,49.8,49.5996,49.1516,49.3755,49.1576,51.895,50.7282,50.5395,50.7468,50.58,50.4171,49.7437,50.1925,49.8915,49.7818,49.8933,51.1073,50.5749,50.2438
2700.0,50.9254,50.68,51.4357,50.7731,50.5997,49.9966,50.3293,50.0016,51.2633,50.9739,50.5405,50.7108,50.5055,50.3502,50.3489,50.4865,50.2392,49.9659,49.8186,51.1496,50.7549,50.2063,50.65,50.1578,50.5541,50.0771,51.1273,50.7652,50.2853,50.4116,50.3207,50.7665,50.3314,50.431,50.5654,50.2628,50.1849,50.0187,49.691,50.8019,50.8249,50.1963,50.1055,49.97,50.4582,50.0009,50.3883,50.3707,50.2584,50.1535,49.7892,49.8653,50.5395,50.4393,50.35,50.3069,50.5855,49.9538,50.3498,50.1658,50.3345,50.9556,50.7806,50.4124,50.5968,50.001,49.7891,49.5972,50.8253,50.3346,50.0737,49.6647,49.8649,49.6495,52.421,51.2687,51.0971,51.2583,51.0981,50.929,50.2526,50.7113,50.4077,50.3039,50.4049,51.6245,51.1186,50.7496
2725.0,51.5873,51.3322,52.1409,51.4122,51.2288,50.552,50.9234,50.6062,51.8092,51.571,51.107,51.3413,51.1076,50.8919,50.8996,51.0824,50.8204,50.62,50.4854,51.8329,51.3864,50.8117,51.3981,50.7701,51.1806,50.7282,51.7791,51.3961,50.8841,50.9974,50.8588,51.419,50.8658,50.9852,51.2368,50.9052,50.7655,50.6288,50.2814,51.3675,51.4385,50.7405,50.6317,50.5072,51.0676,50.5677,50.9316,50.9271,50.8113,50.7477,50.3506,50.4866,51.116,51.0833,50.9643,50.9511,51.2399,50.5782,50.9316,50.7597,50.8877,51.5772,51.451,51.033,51.2768,50.5786,50.3535,50.2386,51.3796,50.9029,50.6398,50.2201,50.4146,50.2555,53.051,51.9932,51.7456,51.8755,51.7373,51.5263,50.8159,51.2948,51.0127,50.9049,50.9822,52.2764,51.676,51.3208
2750.0,52.3758,52.1147,52.9724,52.1883,52.0076,51.2658,51.6564,51.3824,52.5578,52.3611,51.8863,52.1473,51.8932,51.6435,51.6242,51.8854,51.5829,51.395,51.3084,52.6615,52.1756,51.5964,52.2207,51.5606,51.9807,51.5093,52.5663,52.1988,51.6472,51.754,51.5718,52.2062,51.5699,51.7393,52.0431,51.6561,51.5649,51.4026,51.0256,52.0976,52.1918,51.4692,51.3382,51.2292,51.8338,51.3123,51.6475,51.6644,51.5307,51.4905,51.0582,51.2598,51.8876,51.8835,51.7133,51.7404,52.0076,51.3773,51.6858,51.524,51.6441,52.3686,52.2507,51.8148,52.1036,51.339,51.1004,51.0236,52.1494,51.6385,51.3737,50.9585,51.1176,50.9929,53.8773,52.8234,52.5562,52.666,52.5487,52.293,51.5617,52.0761,51.7834,51.6861,51.7311,53.1118,52.4205,52.0907
2775.0,53.1634,52.899,53.7739,52.9789,52.8036,52.0546,52.4648,52.16,53.4127,53.2184,52.7371,52.9984,52.7247,52.4769,52.4661,52.721,52.3967,52.2166,52.0926,53.4911,53.0198,52.3983,52.9535,52.3674,52.7884,52.2892,53.385,53.0234,52.4768,52.577,52.3846,53.0235,52.3979,52.5489,52.7891,52.4479,52.3539,52.1524,51.7959,52.9224,53.0168,52.3088,52.1509,52.0297,52.6298,52.1099,52.4513,52.4739,52.3361,52.2869,51.8558,52.0279,52.7656,52.7031,52.5175,52.5523,52.7717,52.2112,52.5156,52.3394,52.4792,53.1723,53.0336,52.6329,52.8772,52.1491,51.9099,51.7832,52.9924,52.4421,52.1634,51.7505,51.8952,51.7815,54.7163,53.5601,53.3344,53.4766,53.3335,53.1132,52.3134,52.8842,52.5899,52.4682,52.5294,53.912,53.2337,52.8992
2797.5,53.7595,53.4749,54.3533,53.5772,53.3983,52.6691,53.0958,52.7447,54.1308,53.8704,53.3935,53.5992,53.3611,53.1395,53.1351,53.3407,53.0032,52.8256,52.6619,54.0952,53.6709,52.9919,53.4722,52.9679,53.3721,52.8694,53.9884,53.6099,53.1,53.2181,53.0353,53.5869,53.0554,53.172,53.3517,53.036,52.9709,52.7225,52.3907,53.5909,53.6372,52.9679,52.8033,52.6723,53.2431,52.6881,53.1214,53.1057,52.9851,52.8849,52.5033,52.5849,53.4398,53.307,53.1626,53.1455,53.387,52.8358,53.1565,52.952,53.1139,53.7356,53.6133,53.2452,53.4178,52.7255,52.5166,52.3503,53.6451,53.0768,52.7412,52.3673,52.5031,52.3823,55.3403,54.0897,53.9106,54.0596,53.909,53.715,52.879,53.4863,53.2128,53.0911,53.1422,54.4988,53.9017,53.5177
2800.0,53.8157,53.5332,54.4106,53.6359,53.4562,52.7303,53.1579,52.8028,54.2014,53.9325,53.4546,53.6591,53.4224,53.2044,53.2015,53.4011,53.0629,52.8845,52.7194,54.1542,53.7348,53.0517,53.5251,53.0274,53.4328,52.9295,54.0495,53.6684,53.1623,53.2815,53.0973,53.6434,53.1176,53.2325,53.4098,53.0939,53.0324,52.7774,52.4519,53.6593,53.6988,53.0332,52.8706,52.7374,53.3002,52.7483,53.1864,53.168,53.0478,52.946,52.5633,52.642,53.5056,53.3671,53.2254,53.2049,53.4475,52.8966,53.2206,53.0124,53.1767,53.793,53.6705,53.306,53.4725,52.7861,52.5785,52.4066,53.7119,53.1419,52.7997,52.4286,52.5613,52.4413,55.4002,54.1456,53.9698,54.1154,53.9673,53.7716,52.9428,53.5451,53.2737,53.1529,53.2024,54.5581,53.97,53.5783
2825.0,54.3659,54.0821,54.9606,54.1933,54.0045,53.2875,53.723,53.3379,54.8102,54.4747,54.0224,54.2127,53.9856,53.778,53.7855,53.9586,53.6294,53.4331,53.2689,54.7131,54.3124,53.5979,54.0291,53.5843,53.9562,53.4975,54.5987,54.2143,53.7331,53.8449,53.6582,54.1841,53.6914,53.8089,53.9381,53.6423,53.6024,53.3015,52.9963,54.2386,54.268,53.6171,53.4653,53.3135,53.8459,53.3076,53.7636,53.7418,53.6194,53.4974,53.1274,53.187,54.0892,53.9191,53.7889,53.7597,54.0139,53.4577,53.8047,53.5793,53.7527,54.3224,54.2135,53.8635,54.0054,53.3358,53.1288,52.9387,54.2867,53.7226,53.3557,52.9859,53.1128,52.9879,55.9768,54.6873,54.5169,54.6652,54.5202,54.3258,53.5232,54.099,53.8354,53.7259,53.7555,55.1235,54.5708,54.1502
2850.0,54.89,54.5862,55.4691,54.6957,54.5215,53.8115,54.2354,53.8498,55.3376,54.9862,54.5371,54.7224,54.5004,54.3029,54.315,54.4784,54.1268,53.9368,53.7827,55.2443,54.8427,54.1085,54.5139,54.0942,54.4182,54.0106,55.1018,54.7196,54.2523,54.3545,54.1671,54.694,54.2061,54.3396,54.3989,54.1526,54.1241,53.795,53.494,54.7656,54.802,54.1494,53.9891,53.8404,54.3576,53.8164,54.2986,54.2926,54.1485,54.012,53.644,53.6968,54.6052,54.4117,54.2965,54.2579,54.5251,53.965,54.3189,54.0941,54.2627,54.8202,54.7071,54.3777,54.5016,53.8375,53.6417,53.4246,54.8036,54.2457,53.8509,53.4957,53.6161,53.4863,56.5257,55.1843,55.0336,55.1964,55.045,54.8459,54.033,54.6143,54.3505,54.2471,54.2645,55.6408,55.131,54.6837
2875.0,55.3641,55.0587,55.9349,55.1596,55.0081,54.3036,54.7229,54.3276,55.8263,55.4804,55.0166,55.1925,54.9714,54.7847,54.8113,54.9602,54.6054,54.4105,54.2502,55.727,55.333,54.5814,54.9765,54.5621,54.8811,54.4825,55.5681,55.1851,54.7238,54.8324,54.6442,55.1575,54.6801,54.8268,54.8506,54.6318,54.5937,54.2527,53.9603,55.2757,55.3002,54.6496,54.4752,54.3312,54.8475,54.296,54.7906,54.8077,54.6499,54.4784,54.1237,54.16,55.0827,54.8645,54.7697,54.7185,55.0033,54.4251,54.7941,54.5669,54.7377,55.2894,55.1718,54.8493,54.9619,54.3023,54.115,53.8803,55.2824,54.7318,54.3192,53.9742,54.0861,53.9494,57.0292,55.6481,55.5125,55.6786,55.5287,55.3368,54.5135,55.0947,54.8192,54.7227,54.734,56.1188,55.6415,55.1495
2900.0,55.7943,55.4924,56.3728,55.598,55.4514,54.7654,55.1736,54.7706,56.2772,55.9379,55.4538,55.6283,55.4149,55.2374,55.2659,55.406,55.0538,54.8505,54.6882,56.1752,55.7949,55.0269,55.4074,54.9999,55.3185,54.9221,56.0076,55.6233,55.1598,55.2757,55.09,55.5977,55.1219,55.2728,55.291,55.0691,55.0413,54.6794,54.3795,55.7398,55.7572,55.108,54.9269,54.7807,55.2972,54.7447,55.2473,55.2742,55.1085,54.9126,54.5716,54.5977,55.5239,55.2963,55.2083,55.149,55.4391,54.8516,55.2427,55.0032,55.1859,55.7326,55.6156,55.2867,55.3901,54.7383,54.5577,54.3148,55.7352,55.1838,54.7559,54.4194,54.5218,54.3833,57.4902,56.0757,55.9524,56.1339,55.9818,55.7905,54.9607,55.5415,55.2627,55.1699,55.1794,56.555,56.1042,55.5845
2924.8,56.2046,55.9116,56.8072,56.0064,55.8795,55.1854,55.5937,55.1874,56.6992,56.3602,55.8661,56.0414,55.8309,55.6673,55.691,55.8245,55.4729,55.2649,55.1021,56.5935,56.2187,55.4421,55.8188,55.4116,55.7303,55.3368,56.4248,56.0336,55.5764,55.6886,55.5095,56.0225,55.5368,55.6896,55.7047,55.4824,55.4527,55.0845,54.7823,56.1704,56.1841,55.5309,55.35,55.1999,55.7158,55.1621,55.6823,55.707,55.5388,55.3263,54.9889,55.0107,55.9389,55.7149,55.6212,55.5694,55.8515,55.2569,55.6715,55.4118,55.6056,56.1599,56.0379,55.7028,55.7969,55.1524,54.9699,54.7288,56.1474,55.6027,55.168,54.8389,54.9355,54.796,57.9167,56.4881,56.373,56.5563,56.4081,56.2151,55.3841,55.9603,55.6767,55.5886,55.6003,56.9835,56.5363,56.004
2925.0,56.2077,55.9149,56.8106,56.0095,55.8828,55.1885,55.5969,55.1905,56.7023,56.3634,55.8692,56.0445,55.834,55.6706,55.6941,55.8277,55.476,55.2681,55.1052,56.5966,56.2218,55.4452,55.8219,55.4146,55.7334,55.3399,56.4281,56.0368,55.5794,55.6917,55.5126,56.0259,55.5399,55.6927,55.7078,55.4855,55.4558,55.0875,54.7854,56.1735,56.1873,55.534,55.3531,55.203,55.7189,55.1652,55.6855,55.7101,55.542,55.3294,54.992,55.0138,55.942,55.7182,55.6243,55.5727,55.8547,55.2599,55.6751,55.4148,55.6087,56.1631,56.0412,55.7059,55.8001,55.1555,54.973,54.7321,56.1504,55.6058,55.1711,54.842,54.9386,54.7992,57.9199,56.4914,56.3762,56.5594,56.4116,56.2182,55.3872,55.9634,55.6798,55.5917,55.6035,56.987,56.5395,56.0071
2950.0,56.6544,56.4194,57.3083,56.4931,56.3562,55.6172,56.0459,55.6493,57.1181,56.7895,56.2995,56.5118,56.2673,56.1208,56.1285,56.3034,55.9197,55.7239,55.5729,57.0438,56.6479,55.8936,56.2831,55.8375,56.1738,55.774,56.879,56.4958,56.0146,56.1361,55.9368,56.4871,55.963,56.1093,56.1404,55.9398,55.8661,55.5243,55.2242,56.6044,56.6149,55.9581,55.7796,55.6209,56.1444,55.5765,56.1109,56.1554,55.9654,55.7648,55.4279,55.4457,56.3616,56.1862,56.0619,56.0275,56.3198,55.715,56.232,55.8727,56.0335,56.6306,56.5211,56.163,56.2612,55.6107,55.4267,55.2135,56.5865,56.0362,55.6133,55.2685,55.3635,55.2595,58.3457,56.9967,56.8349,57.002,56.8908,56.6554,55.8087,56.4153,56.1338,56.056,56.0608,57.4702,56.9954,56.4713
2975.0,57.2133,57.1197,57.978,57.1267,57.0359,56.1433,56.6229,56.2481,57.5932,57.2687,56.808,57.0897,56.8379,56.6602,56.6755,56.9015,56.4592,56.3088,56.164,57.6236,57.1301,56.4532,56.9211,56.3609,56.7251,56.3265,57.469,57.0922,56.5792,56.7284,56.447,57.078,56.4796,56.6208,56.6953,56.5165,56.4078,56.1274,55.7776,57.1202,57.137,56.4631,56.2934,56.1391,56.7111,56.1044,56.6084,56.7105,56.4626,56.3123,55.9704,56.0135,56.879,56.7861,56.6204,56.6332,56.9287,56.2695,56.9519,56.4272,56.5799,57.2308,57.1138,56.7696,56.8913,56.1517,55.9829,55.8399,57.109,56.5742,56.1856,55.781,55.8855,55.8631,58.8564,57.7321,57.4381,57.5459,57.5267,57.2257,56.3239,56.9605,56.7006,56.6094,56.635,58.1002,57.5634,57.0428
3000.0,58.1058,58.0985,58.9677,58.0561,58.0464,56.893,57.4568,57.1382,58.3159,58.0167,57.5747,57.9395,57.5909,57.4834,57.448,57.715,57.2216,57.1802,57.0159,58.5526,57.9016,57.2947,57.9498,57.1863,57.5837,57.2287,58.3052,57.9705,57.3755,57.5439,57.1865,58.0054,57.2091,57.3633,57.557,57.4085,57.1579,57.0865,56.6204,57.9079,57.9115,57.2585,57.1219,56.8879,57.5835,56.8932,57.3105,57.5463,57.1873,57.1299,56.7325,56.8814,57.614,57.6612,57.3774,57.5303,57.8387,57.0559,57.8291,57.241,57.3694,58.1593,57.9861,57.621,57.795,57.0141,56.7876,56.7169,57.9211,57.4075,57.063,56.5945,56.6417,56.7947,59.6304,58.8453,58.3724,58.3297,58.5007,58.0364,57.1134,57.777,57.473,57.3918,57.4162,59.0511,58.3651,57.9312
3025.0,59.3993,59.3691,60.2466,59.3216,59.3179,58.0967,58.6964,58.425,59.4554,59.2216,58.7769,59.1965,58.7606,58.6862,58.5469,58.9222,58.3576,58.4472,58.2581,59.9247,59.0769,58.5344,59.2672,58.4628,58.8261,58.5207,59.5847,59.1948,58.5898,58.7719,58.2558,59.2553,58.3177,58.6416,58.8787,58.6377,58.3295,58.3907,57.7896,59.0818,59.1442,58.4624,58.2883,58.0528,58.8658,58.2557,58.3512,58.7327,58.2609,58.3178,57.8707,58.1277,58.6889,58.9858,58.5463,58.7994,59.0899,58.2354,59.0938,58.4008,58.5589,59.4694,59.3301,58.7785,58.9943,58.1613,58.1636,57.9082,59.184,58.6681,58.352,57.8439,57.8222,58.0752,60.8401,60.1724,59.6436,59.6637,59.8046,59.2857,58.2522,58.9626,58.6286,58.5212,58.5769,60.4226,59.5731,59.2019
3050.0,60.6904,60.4308,61.2891,60.3891,60.3555,59.3586,59.8571,59.5139,60.7488,60.4811,59.9927,60.2889,59.9757,59.8513,59.7528,60.0714,59.6025,59.5846,59.3716,60.9901,60.3162,59.6683,60.1965,59.5722,59.963,59.5866,60.7266,60.3114,59.7417,59.932,59.5192,60.3286,59.5288,59.88,59.9908,59.7831,59.6181,59.4288,58.9485,60.3358,60.2169,59.6707,59.5108,59.3031,59.9765,59.4019,59.6713,59.8836,59.5571,59.5003,59.1376,59.2832,59.9439,60.1227,59.7909,59.8854,60.1754,59.4125,60.177,59.5884,59.7414,60.5528,60.2898,59.9735,60.0792,59.3426,59.3901,58.9327,60.3619,59.8663,59.462,59.0331,59.0172,59.1479,62.0689,61.0848,60.7215,60.9903,60.8587,60.4296,59.479,60.176,59.8345,59.7318,59.7649,61.4655,60.818,60.3391
3075.0,61.562,61.1637,62.0636,61.1584,61.1125,60.1851,60.6427,60.3005,61.6486,61.3795,60.8417,61.0205,60.8215,60.6549,60.6262,60.876,60.4435,60.3353,60.1395,61.7541,61.1891,60.4469,60.8914,60.3776,60.7684,60.3283,61.4767,61.0695,60.5374,60.7515,60.3939,60.9972,60.3972,60.729,60.7523,60.5639,60.4856,60.1761,59.7309,61.2233,60.988,60.5269,60.3748,60.1838,60.7933,60.1617,60.6142,60.7821,60.4788,60.3416,60.0125,60.0459,60.8447,60.8871,60.6339,60.6439,60.9267,60.2184,60.9132,60.4292,60.5566,61.3131,61.1033,60.7906,60.8283,60.1666,60.2055,59.7359,61.1778,60.6922,60.1527,59.8476,59.8549,59.8971,62.9267,61.7974,61.4788,61.8205,61.608,61.2204,60.3109,61.0351,60.67,60.5984,60.6247,62.2043,61.6677,61.1297
3100.0,62.2281,61.6912,62.6498,61.7841,61.7081,60.8206,61.2676,60.9016,62.3016,62.0402,61.4639,61.6448,61.4533,61.2857,61.25,61.4778,61.0678,60.9357,60.7196,62.342,61.8424,61.0493,61.4641,60.9757,61.3812,60.9075,62.0677,61.6866,61.1692,61.3465,61.0239,61.6097,61.04,61.3478,61.3355,61.1657,61.1422,60.7557,60.332,61.8677,61.6599,61.1714,61.0212,60.8317,61.4189,60.7614,61.3044,61.4441,61.1433,61.012,60.6494,60.6405,61.5121,61.4728,61.2831,61.2373,61.5138,60.8301,61.4951,61.0425,61.1169,61.9098,61.7372,61.411,61.4264,60.7738,60.8378,60.3484,61.8001,61.3121,60.7577,60.4615,60.502,60.4607,63.595,62.35,62.0572,62.4491,62.1937,61.8141,60.9254,61.6515,61.2945,61.2305,61.2463,62.7718,62.2883,61.7394
3125.0,62.7663,62.183,63.1393,62.2654,62.2061,61.3466,61.7927,61.3989,62.839,62.5661,61.9822,62.17,61.9802,61.828,61.7846,61.9886,61.5883,61.4556,61.2233,62.8297,62.3733,61.5492,61.945,61.5043,61.9011,61.3965,62.5756,62.1931,61.6892,61.8562,61.5421,62.1287,61.5737,61.8761,61.8463,61.6673,61.6764,61.2408,60.8415,62.4055,62.1986,61.6791,61.5572,61.3601,61.95,61.2588,61.8471,61.9977,61.6741,61.5547,61.1609,61.15,62.0572,61.9761,61.8121,61.7318,62.03,61.3359,62.0059,61.5577,61.6219,62.4127,62.2836,61.9346,61.928,61.299,61.3736,60.8704,62.3197,61.8192,61.2774,60.9766,61.0166,60.943,64.1136,62.8468,62.5585,62.9829,62.6902,62.3194,61.4413,62.1658,61.8187,61.7629,61.7756,63.2595,62.8084,62.2493
3150.0,63.2322,62.6375,63.5614,62.7094,62.655,61.8145,62.2566,61.843,63.3072,63.0401,62.4431,62.6342,62.4486,62.2848,62.2534,62.4401,62.0591,61.915,61.6681,63.2843,62.8465,62.0034,62.384,61.955,62.3637,61.8409,63.0374,62.6505,62.1458,62.3135,62.0141,62.5898,62.0484,62.3434,62.2931,62.1244,62.1487,61.6859,61.3018,62.8757,62.6826,62.1392,62.0275,61.8324,62.4133,61.719,62.3334,62.4884,62.1476,62.0368,61.6316,61.6035,62.5354,62.4302,62.2796,62.1827,62.4845,61.7906,62.4532,62.0183,62.0954,62.8652,62.7552,62.3991,62.3748,61.7607,61.8381,61.3226,62.78,62.2882,61.7363,61.4425,61.4691,61.401,64.5837,63.2842,63.0066,63.4638,63.1385,62.7781,61.9048,62.6292,62.2876,62.2415,62.2475,63.7124,63.2763,62.7126
3175.0,63.6678,63.0636,63.968,63.1236,63.0702,62.2364,62.6793,62.2593,63.7447,63.4724,62.867,63.0667,62.8808,62.7166,62.6898,62.8715,62.4974,62.3437,62.0934,63.7054,63.2834,62.4198,62.7956,62.3749,62.7888,62.2571,63.4602,63.0651,62.5784,62.7431,62.4492,63.0217,62.4835,62.7723,62.7107,62.5464,62.5686,62.1019,61.7189,63.3101,63.118,62.5726,62.4573,62.2621,62.8332,62.1396,62.7692,62.9315,62.5791,62.4733,62.0617,62.0179,62.9713,62.8491,62.7083,62.6057,62.9055,62.2166,62.8761,62.4427,62.5299,63.2865,63.1859,62.8318,62.7912,62.1899,62.2645,61.7454,63.2062,62.7213,62.1656,61.865,61.888,61.8247,65.0189,63.7031,63.4275,63.8919,63.5541,63.2004,62.3356,63.0572,62.7146,62.6754,62.67,64.1266,63.7096,63.1347
3200.0,64.0748,63.4634,64.3623,63.5145,63.4634,62.6403,63.0761,62.6612,64.1506,63.8842,63.2746,63.4721,63.289,63.1166,63.1009,63.2696,62.9076,62.7467,62.4879,64.0965,63.6896,62.8197,63.1818,62.7706,63.1837,62.6511,63.8623,63.4652,62.9763,63.1438,62.8581,63.423,62.8882,63.1732,63.1052,62.9407,62.9685,62.4939,62.1175,63.7156,63.5198,62.9783,62.8626,62.6721,63.2351,62.5393,63.1758,63.3475,62.9795,62.8827,62.467,62.4157,63.3841,63.2425,63.1111,63.0024,63.3048,62.6176,63.2718,62.8429,62.9349,63.6857,63.5903,63.23,63.1865,62.594,62.6626,62.1444,63.6083,63.1233,62.563,62.2655,62.286,62.2175,65.425,64.1039,63.8241,64.2978,63.9513,63.5998,62.7372,63.4622,63.1161,63.0825,63.0739,64.5236,64.1191,63.5364
3225.0,64.4625,63.8419,64.7373,63.8953,63.8408,63.0253,63.4593,63.0407,64.5376,64.2734,63.6613,63.8576,63.6779,63.4952,63.4899,63.6513,63.2926,63.1306,62.8658,64.4746,64.073,63.1966,63.5532,63.1508,63.5674,63.0253,64.249,63.843,63.3558,63.526,63.2457,63.8055,63.2728,63.5567,63.4836,63.3183,63.3513,62.8701,62.4973,64.0994,63.9079,63.3582,63.2426,63.0573,63.6179,62.9183,63.5626,63.7406,63.3641,63.2681,62.8532,62.7844,63.7718,63.6218,63.491,63.3789,63.6862,62.9982,63.6511,63.2287,63.3214,64.0671,63.9727,63.6079,63.566,62.9767,63.0467,62.5289,63.9909,63.5053,62.9455,62.6483,62.6662,62.5911,65.8075,64.4785,64.2022,64.6801,64.3258,63.9859,63.1207,63.8506,63.5004,63.4659,63.4571,64.8994,64.5037,63.9208
3250.0,64.8335,64.2048,65.0966,64.2709,64.2054,63.3896,63.8285,63.4071,64.9097,64.6484,64.0309,64.2268,64.0478,63.865,63.8627,64.0221,63.6627,63.4933,63.2303,64.8408,64.4411,63.5642,63.9137,63.5138,63.9364,63.3864,64.6211,64.2085,63.7291,63.8937,63.6184,64.1753,63.6435,63.9232,63.8481,63.6798,63.7156,63.2353,62.863,64.4691,64.2791,63.7234,63.6113,63.4268,63.9864,63.2864,63.9345,64.1145,63.7342,63.6388,63.2215,63.1402,64.1448,63.9827,63.8597,63.7422,64.0549,63.3657,64.0182,63.5962,63.6937,64.4348,64.3385,63.9762,63.9321,63.3404,63.4155,62.8987,64.3552,63.8714,63.3137,63.012,63.0343,62.9527,66.178,64.838,64.5651,65.0453,64.6879,64.3535,63.495,64.2274,63.8728,63.8384,63.8323,65.2651,64.8717,64.2876
3275.0,65.1926,64.5568,65.4447,64.6198,64.5603,63.7422,64.1854,63.762,65.2716,65.0097,64.39,64.586,64.4106,64.2247,64.2225,64.3786,64.0223,63.8494,63.5855,65.1945,64.7963,63.9181,64.2645,63.8669,64.2927,63.7392,64.9821,64.5651,64.0868,64.2523,63.9774,64.5306,64.001,64.2786,64.2006,64.0327,64.0712,63.5851,63.2167,64.8246,64.6403,64.0817,63.9662,63.783,64.3375,63.6433,64.2987,64.4715,64.0924,63.9993,63.5799,63.4938,64.5093,64.3343,64.2163,64.0974,64.4104,63.7211,64.3736,63.9494,64.0537,64.7915,64.6936,64.3335,64.2854,63.6958,63.7717,63.2551,64.7091,64.2274,63.6712,63.364,63.3879,63.3066,66.5358,65.1839,64.9181,65.4055,65.0397,64.7074,63.858,64.5902,64.2325,64.2005,64.1902,65.6222,65.2299,64.6425
3290.5,65.4084,64.7704,65.6575,64.8312,64.7757,63.9568,64.4007,63.9767,65.4894,65.2287,64.6065,64.8031,64.6283,64.4421,64.4413,64.5953,64.2388,64.0653,63.8006,65.4096,65.0132,64.134,64.4758,64.0829,64.507,63.9535,65.1992,64.78,64.302,64.4707,64.1953,64.7472,64.2189,64.496,64.4133,64.2458,64.2861,63.7971,63.4296,65.0403,64.8624,64.298,64.1821,63.9991,64.5509,63.8579,64.5148,64.6884,64.3076,64.2158,63.797,63.7081,64.7282,64.5506,64.4321,64.3128,64.6258,63.9382,64.5884,64.165,64.2691,65.006,64.9079,64.5513,64.4987,63.9117,63.9887,63.4685,64.9245,64.4428,63.8879,63.5786,63.6039,63.5192,66.7542,65.394,65.1319,65.6223,65.2534,64.9237,64.0784,64.8096,64.4493,64.4181,64.4065,65.8382,65.4474,64.8602
3300.0,65.5389,64.899,65.7869,64.9604,64.9048,64.0879,64.531,64.1066,65.6214,65.3617,64.7375,64.935,64.7599,64.574,64.5739,64.7263,64.3704,64.1966,63.9316,65.5398,65.1435,64.2647,64.604,64.213,64.6377,64.084,65.3303,64.9112,64.4325,64.6025,64.3271,64.878,64.351,64.6256,64.5421,64.3746,64.4171,63.9273,63.5597,65.1723,64.9945,64.4288,64.3128,64.1291,64.6765,63.9884,64.6463,64.8192,64.4381,64.3473,63.9268,63.8367,64.8609,64.6804,64.5639,64.4429,64.7561,64.0693,64.7183,64.2955,64.4007,65.1369,65.0368,64.6832,64.6279,64.0425,64.1186,63.5989,65.0555,64.5733,64.02,63.7094,63.7353,63.6481,66.8846,65.5221,65.2615,65.7536,65.3819,65.0551,64.2121,64.9423,64.5806,64.5499,64.5382,65.9693,65.5788,64.9924
3325.0,65.8785,65.2339,66.12,65.2966,65.2354,64.4285,64.8693,64.4433,65.9636,65.7051,65.0778,65.2762,65.1003,64.9148,64.9156,65.0643,64.7106,64.5355,64.2698,65.8766,65.4814,64.6026,64.9382,64.5503,64.9758,64.4208,65.6707,65.25,64.7722,64.9426,64.6669,65.2194,64.6938,64.961,64.8764,64.7113,64.7535,64.2635,63.8987,65.51,65.3332,64.7691,64.6511,64.468,65.0032,64.3269,64.9859,65.1601,64.7745,64.6856,64.2647,64.1729,65.2037,65.0179,64.9045,64.7807,65.0932,64.4106,65.0556,64.6347,64.7407,65.4742,65.3736,65.0239,64.9627,64.3816,64.4572,63.9354,65.3934,64.9087,64.3589,64.0466,64.0741,63.9845,67.2226,65.8543,65.5972,66.0934,65.7161,65.3976,64.5585,65.2869,64.9214,64.8917,64.8776,66.3083,65.9189,65.3367
3350.0,66.2102,65.566,66.4488,65.6261,65.5596,64.7628,65.2006,64.775,66.298,66.0427,65.4123,65.6115,65.4356,65.2477,65.2508,65.3967,65.0454,64.8644,64.6001,66.2052,65.8125,64.9309,65.2657,64.881,65.3097,64.7499,66.0058,65.5834,65.1054,65.2767,65.0008,65.5533,65.0294,65.2913,65.206,65.0392,65.0825,64.5928,64.2293,65.8398,65.6628,65.1021,64.981,64.7995,65.3282,64.6564,65.318,65.4927,65.1051,65.0182,64.5969,64.5018,65.5412,65.3489,65.2384,65.1115,65.4254,64.7444,65.3871,64.9695,65.0764,65.8054,65.7055,65.3571,65.2931,64.7139,64.7897,64.2705,65.7251,65.229,64.6895,64.3788,64.4025,64.3151,67.5558,66.1798,65.9247,66.4258,66.0466,65.7321,64.8965,65.6254,65.2569,65.2257,65.2149,66.6395,66.2518,65.6703
3375.0,66.5356,65.8918,66.7717,65.9489,65.8824,65.0909,65.5269,65.1018,66.6268,66.3725,65.7382,65.94,65.7648,65.5746,65.5806,65.721,65.3733,65.1895,64.9255,66.5278,66.1378,65.256,65.5851,65.2046,65.6359,65.0722,66.3347,65.9085,65.4337,65.6074,65.3294,65.8809,65.3578,65.6069,65.5297,65.3633,65.4106,64.915,64.5519,66.1647,65.9897,65.4285,65.3074,65.1246,65.6533,64.9836,65.6435,65.8188,65.4293,65.3436,64.9238,64.8235,65.8729,65.6762,65.5657,65.4362,65.7506,65.0716,65.7124,65.2983,65.4063,66.1316,66.0305,65.6839,65.6185,65.0419,65.1141,64.5949,66.0513,65.5403,65.017,64.6989,64.7268,64.6372,67.8815,66.4978,66.2476,66.7511,66.3709,66.0621,65.2275,65.9559,65.5812,65.5517,65.5429,66.9665,66.5802,65.9999
3400.0,66.8557,66.2118,67.0905,66.2691,66.2021,65.4212,65.8488,65.4219,66.9494,66.6971,66.0597,66.262,66.0877,65.8977,65.9053,66.0393,65.6952,65.5079,65.2474,66.8476,66.4568,65.5732,65.9002,65.5225,65.9551,65.3904,66.6576,66.2289,65.7572,65.9322,65.6523,66.2049,65.6821,65.9196,65.8456,65.6808,65.7289,65.2331,64.8686,66.4846,66.3119,65.7496,65.6263,65.4464,65.9724,65.3058,65.963,66.139,65.7498,65.6629,65.2447,65.1427,66.1963,65.9962,65.8859,65.7557,66.0725,65.3953,66.0313,65.6193,65.7282,66.4529,66.3517,66.006,65.94,65.3646,65.4343,64.9172,66.3707,65.8535,65.3361,65.0101,65.0436,64.9534,68.2035,66.813,66.568,67.0731,66.689,66.3842,65.5534,66.28,65.9023,65.8698,65.8652,67.2889,66.9024,66.3226
3425.0,67.1722,66.5233,67.405,66.5804,66.5161,65.7681,66.1668,65.7362,67.2685,67.0156,66.3756,66.5797,66.4056,66.2167,66.2254,66.3542,66.0115,65.825,65.5641,67.1612,66.7717,65.8874,66.213,65.8359,66.2718,65.7034,66.9729,66.5464,66.0753,66.2518,65.9719,66.5239,66.0022,66.2334,66.1582,65.9964,66.041,65.5493,65.1816,66.8012,66.6279,66.0656,65.9424,65.7632,66.2867,65.6212,66.2789,66.4542,66.0645,65.979,65.5613,65.4571,66.5123,66.3134,66.2037,66.0721,66.3898,65.7136,66.3459,65.9352,66.046,66.7696,66.6638,66.3235,66.2585,65.6813,65.7514,65.2334,66.6857,66.1678,65.6525,65.3207,65.3553,65.2661,68.5204,67.1269,66.8829,67.3916,67.0042,66.7033,65.8758,66.6007,66.2219,66.1876,66.1829,67.604,67.2179,66.6409
3450.0,67.4887,66.8398,67.7397,66.9181,66.8422,66.1313,66.4803,66.0548,67.5816,67.3313,66.7042,66.899,66.7359,66.5613,66.5422,66.6714,66.3376,66.1345,65.887,67.474,67.0833,66.2057,66.535,66.1509,66.5861,66.0167,67.2956,66.8648,66.3916,66.569,66.2866,66.8408,66.3177,66.5455,66.4783,66.318,66.3945,65.8666,65.4929,67.1162,66.9429,66.3844,66.2582,66.0752,66.6016,65.9321,66.5909,66.7677,66.3753,66.2913,65.8756,65.7687,66.8398,66.6354,66.5222,66.3902,66.7152,66.0323,66.6651,66.2479,66.3601,67.096,66.9816,66.6437,66.5756,65.995,66.0667,65.5472,66.999,66.4831,65.9695,65.6337,65.6651,65.5837,68.8333,67.4756,67.195,67.7068,67.325,67.0187,66.1951,66.9205,66.5398,66.5052,66.5022,67.9319,67.5384,66.9612
3475.0,67.876,67.2137,68.1523,67.3086,67.2007,66.508,66.8239,66.441,67.9374,67.6881,67.0777,67.271,67.1012,66.9439,66.8895,67.0508,66.699,66.5072,66.2571,67.8397,67.4481,66.5633,66.9199,66.4849,66.9402,66.3964,67.6687,67.2382,66.7571,66.9193,66.6391,67.1934,66.6592,66.9253,66.8533,66.6953,66.9467,66.2333,65.8796,67.4524,67.288,66.7449,66.5896,66.4182,66.9547,66.2867,66.9502,67.1304,66.7207,66.6712,66.2141,66.1,67.2245,67.0202,66.8947,66.7793,67.0937,66.4001,67.0595,66.5952,66.707,67.4797,67.3636,66.9917,66.9326,66.3297,66.4171,65.8794,67.3404,66.8427,66.3264,65.983,65.9953,65.9528,69.1948,67.9287,67.5607,68.0632,67.7077,67.3681,66.55,67.2807,66.8881,66.8718,66.864,68.3253,67.9105,67.3273
3500.0,68.3793,67.7137,68.6837,67.8503,67.639,66.9743,67.2669,66.9523,68.399,68.157,67.588,67.7466,67.5623,67.4116,67.3343,67.55,67.1355,66.9542,66.7141,68.3405,67.9178,67.0452,67.417,66.9964,67.4311,66.899,68.1641,67.7099,67.203,67.359,67.0785,67.6428,67.0796,67.3791,67.3408,67.1898,67.5505,66.7589,66.3494,67.8829,67.6815,67.2116,67.0499,66.8519,67.4701,66.7308,67.6441,67.5851,67.1748,67.1387,66.6156,66.5491,67.7036,67.5491,67.3839,67.3114,67.6031,66.8981,67.5807,67.0587,67.168,67.9582,67.817,67.4284,67.3919,66.7636,66.8792,66.3115,67.791,67.2987,66.7999,66.4493,66.4086,66.4218,69.6951,68.5589,68.0793,68.5634,68.2327,67.8255,66.9328,67.7626,67.3234,67.3207,67.339,68.8256,68.4066,67.8373
3525.0,69.0527,68.4008,69.4235,68.5662,68.2918,67.5985,67.8651,67.6377,69.0276,68.7927,68.3943,68.3658,68.211,68.0998,67.9628,68.2493,67.76,67.637,67.368,69.0626,68.536,67.7019,68.1435,67.7194,68.0987,67.5938,68.8024,68.4011,67.8264,68.0075,67.6554,68.3049,67.7009,68.0029,68.0488,67.8948,68.3366,67.4558,66.9871,68.5343,68.294,67.8657,67.6852,67.4755,68.1295,67.3815,68.408,68.2174,67.7669,67.8447,67.1906,67.177,68.3544,68.2292,68.0595,67.9984,68.3022,67.5682,68.2699,67.7025,67.766,68.6289,68.4214,68.0481,68.075,67.4287,67.5375,66.9173,68.4363,67.9216,67.4677,67.1155,66.9947,67.0926,70.3786,69.372,68.8162,69.2271,69.0076,68.4464,67.5239,68.3978,67.9493,67.939,68.0023,69.5346,69.1393,68.5963
3550.0,69.9469,69.305,70.3696,69.4983,69.1808,68.4722,68.7298,68.5463,69.9438,69.716,69.3382,69.2582,69.0694,68.978,68.815,69.16,68.6526,68.5538,68.2775,69.9796,69.4075,68.5628,69.0665,68.6365,68.9893,68.5096,69.7661,69.3035,68.6746,68.8823,68.5358,69.2112,68.5295,68.8549,68.9741,68.8337,69.3076,68.3932,67.8318,69.3904,69.1315,68.6811,68.5856,68.3063,69.0198,68.2443,69.2989,69.0776,68.593,68.7773,67.9964,68.0498,69.1908,69.1032,68.9515,68.888,69.2141,68.4642,69.1894,68.5858,68.5937,69.5055,69.2676,68.9479,68.9875,68.3036,68.4397,67.7586,69.3581,68.8497,68.4316,68.0159,67.8365,68.0188,71.3204,70.3813,69.7478,70.1612,70.0337,69.3329,68.3521,69.3017,68.8267,68.7735,68.8905,70.5206,70.073,69.6154
3575.0,70.9479,70.3075,71.3037,70.4637,70.1683,69.453,69.7275,69.5123,70.9593,70.7451,70.2921,70.2555,70.0493,69.9187,69.7889,70.1736,69.6422,69.5309,69.2338,70.9652,70.3757,69.5422,69.9904,69.5771,69.9647,69.4588,70.822,70.2923,69.6699,69.8803,69.5383,70.2457,69.5239,69.811,69.9433,69.8048,70.1886,69.3429,68.7766,70.378,70.1137,69.6516,69.5451,69.2737,70.0121,69.2152,70.2487,70.0621,69.5464,69.7274,68.9377,69.0243,70.2017,70.0698,69.9347,69.8407,70.1882,69.4448,70.1721,69.5861,69.5981,70.4858,70.2464,69.9648,69.9932,69.3123,69.44,68.7675,70.3987,69.8905,69.446,69.0004,68.8526,68.9725,72.3452,71.2757,70.6885,71.2053,70.9969,70.3507,69.3692,70.3049,69.8662,69.772,69.8965,71.622,71.1025,70.6296
3600.0,71.8146,71.0691,72.0695,71.2286,70.9846,70.2712,70.5604,70.2858,71.7933,71.5897,71.0583,71.0787,70.8816,70.742,70.6177,70.9955,70.4412,70.326,70.0053,71.7739,71.1979,70.3455,70.7215,70.3489,70.7905,70.2191,71.6184,71.0763,70.4839,70.6815,70.3976,71.07,70.4105,70.6769,70.7336,70.5626,70.8689,70.1027,69.5695,71.2583,70.9931,70.4984,70.3783,70.1101,70.7871,70.0372,71.0322,70.9063,70.4298,70.4946,69.7831,69.8414,71.0941,70.8721,70.7395,70.6319,70.8751,70.2133,70.937,70.3965,70.4506,71.2829,71.0856,70.7807,70.7873,70.1039,70.2511,69.5868,71.2298,70.7214,70.2365,69.7827,69.6787,69.7407,73.1599,71.9837,71.4632,72.0277,71.6949,71.1684,70.2306,71.1691,70.7154,70.6583,70.7025,72.4273,71.9369,71.4571
3625.0,72.4752,71.7118,72.6836,71.8305,71.5949,70.9142,71.1988,70.8734,72.4489,72.2229,71.6791,71.7028,71.5194,71.3575,71.2312,71.64,71.089,70.956,70.5996,72.36,71.8418,70.9717,71.2913,70.9506,71.4437,70.7963,72.2323,71.6789,71.1245,71.302,71.0482,71.7095,71.0674,71.3368,71.3393,71.1378,71.4286,70.704,70.1755,71.9434,71.7087,71.1427,71.0562,70.7717,71.4188,70.6684,71.6414,71.5605,71.1173,71.0935,70.4417,70.4571,71.7603,71.481,71.3624,71.2451,71.4469,70.8043,71.5353,71.043,71.1011,71.8713,71.755,71.425,71.3831,70.7012,70.8686,70.2017,71.8787,71.3508,70.8609,70.3948,70.3262,70.3356,73.787,72.5554,72.0773,72.6813,72.1972,71.8068,70.8987,71.7998,71.3697,71.313,71.3299,73.0313,72.5863,72.0926
3650.0,73.0296,72.2336,73.1939,72.3431,72.1526,71.4326,71.7198,71.392,72.9845,72.7456,72.194,72.231,72.0496,71.8672,71.7653,72.1717,71.603,71.4794,71.1241,72.8681,72.3845,71.4868,71.7879,71.4551,71.9533,71.2937,72.7684,72.1939,71.6602,71.8278,71.5965,72.2407,71.5951,71.8695,71.8553,71.6339,71.9109,71.2004,70.6958,72.4857,72.248,71.6767,71.5688,71.3282,71.9339,71.1998,72.1505,72.1047,71.6524,71.6045,70.971,70.9795,72.3109,71.9993,71.8891,71.766,71.9697,71.3267,72.0412,71.5852,71.6356,72.3607,72.3069,71.9542,71.8969,71.2214,71.3827,70.748,72.4016,71.879,71.3813,70.9229,70.8523,70.8331,74.3237,73.0417,72.5922,73.2119,72.7005,72.3277,71.4439,72.3359,71.9059,71.8558,71.8528,73.5558,73.1159,72.6184
3675.0,73.5019,72.7024,73.6584,72.8308,72.6335,71.9048,72.1984,71.8512,73.462,73.2167,72.6513,72.71,72.5314,72.3435,72.2431,72.641,72.0789,71.9492,71.5917,73.3221,72.8456,71.9507,72.2453,71.9101,72.4216,71.7455,73.2356,72.6646,72.1415,72.3035,72.0735,72.7087,72.0773,72.3382,72.3211,72.0913,72.348,71.654,71.161,72.9798,72.7264,72.1542,72.0279,71.8124,72.407,71.6712,72.6187,72.5718,72.1327,72.0674,71.4531,71.4478,72.7963,72.4595,72.3755,72.2434,72.4465,71.7879,72.4928,72.0626,72.1105,72.8162,72.7886,72.4319,72.3586,71.6962,71.8533,71.224,72.874,72.3401,71.8537,71.387,71.3215,71.2804,74.8083,73.4915,73.0612,73.6886,73.173,72.7995,71.924,72.8138,72.3823,72.3379,72.321,74.0205,73.5978,73.0826
3683.3,73.6494,72.8494,73.8038,72.9782,72.783,72.0526,72.3491,71.993,73.6134,73.3636,72.7956,72.8587,72.6838,72.4923,72.3903,72.7912,72.2299,72.0961,71.7379,73.4681,72.9931,72.0966,72.3893,72.0572,72.5694,71.8903,73.3804,72.8164,72.2971,72.4531,72.2282,72.8557,72.233,72.4872,72.4668,72.2341,72.4877,71.7985,71.309,73.1309,72.8762,72.3031,72.1755,71.965,72.5569,71.8196,72.7659,72.7196,72.2875,72.2115,71.6038,71.5958,72.9481,72.6042,72.532,72.3895,72.6044,71.9321,72.6377,72.213,72.2618,72.965,72.9411,72.5796,72.5051,71.8443,72.0022,71.3746,73.0243,72.4859,72.0005,71.532,71.4686,71.4192,74.9613,73.6343,73.2057,73.8394,73.3171,72.9475,72.0746,72.9653,72.5316,72.4875,72.4686,74.1708,73.7477,73.2297
3700.0,73.9403,73.1343,74.0889,73.2604,73.0706,72.3379,72.6357,72.2689,73.9036,73.6541,73.0783,73.145,72.975,72.775,72.677,73.0774,72.521,72.3825,72.0233,73.7503,73.2869,72.3835,72.6696,72.3394,72.8565,72.1714,73.6645,73.1091,72.5854,72.7435,72.5354,73.1402,72.527,72.7717,72.749,72.5154,72.7594,72.075,71.594,73.4214,73.1658,72.589,72.4679,72.2622,72.8483,72.0955,73.0478,73.0078,72.5757,72.4911,71.8877,71.8784,73.2398,72.884,72.8256,72.6748,72.8999,72.2041,72.9227,72.499,72.5495,73.254,73.2323,72.8665,72.7888,72.13,72.2853,71.6672,73.3151,72.7792,72.282,71.816,71.7557,71.69,75.2532,73.9104,73.4828,74.1291,73.5998,73.2357,72.3713,73.254,72.824,72.778,72.7551,74.4596,74.0366,73.5128
3725.0,74.3532,73.5431,74.483,73.6583,73.4849,72.7434,73.0509,72.6642,74.3153,74.0583,73.4855,73.5549,73.3837,73.1806,73.0873,73.4903,72.9384,72.7904,72.4296,74.158,73.6933,72.8013,73.0588,72.7475,73.2699,72.5793,74.0751,73.5232,72.9981,73.153,72.944,73.5545,72.9402,73.1823,73.1558,72.9225,73.1558,72.4745,72.0012,73.837,73.58,73.0032,72.8824,72.6725,73.2591,72.5017,73.4531,73.4225,72.9962,72.8924,72.2984,72.2896,73.6563,73.2892,73.2379,73.0851,73.3211,72.6034,73.3319,72.9109,72.9596,73.6676,73.6474,73.2721,73.1964,72.5394,72.6957,72.0777,73.7247,73.1896,72.6857,72.2377,72.1663,72.0951,75.6615,74.3036,73.8878,74.5408,74.0064,73.6468,72.7858,73.6746,73.2376,73.1957,73.1676,74.8682,74.4464,73.9286
3750.0,74.7451,73.9324,74.8689,74.041,73.8802,73.1327,73.4445,73.0525,74.7134,74.444,73.8735,73.9473,73.7752,73.5706,73.4825,73.8849,73.3349,73.1818,72.821,74.5519,74.088,73.1951,73.4337,73.1343,73.6618,72.9703,74.4648,73.9153,73.3918,73.5482,73.3412,73.9485,73.3378,73.5765,73.5451,73.3037,73.5342,72.8626,72.3895,74.2292,73.9763,73.3953,73.2749,73.0639,73.6497,72.8933,73.8457,73.8158,73.3913,73.2784,72.6941,72.6819,74.0496,73.679,73.627,73.4742,73.7165,72.9945,73.7209,73.3067,73.3548,74.0603,74.0414,73.6653,73.5831,72.93,73.0877,72.4686,74.1164,73.5882,73.0747,72.6326,72.5585,72.4863,76.0536,74.684,74.2694,74.9329,74.3989,74.0388,73.1808,74.0675,73.6389,73.5895,73.5602,75.263,74.8413,74.3212
3775.0,75.1225,74.3089,75.2418,74.4112,74.2616,73.5113,73.827,73.4303,75.0946,74.8275,74.2506,74.3263,74.1527,73.9477,73.8602,74.2697,73.719,73.5623,73.2006,74.9274,74.4687,73.5752,73.8039,73.5114,74.045,73.3483,74.8463,74.2954,73.7717,73.936,73.7237,74.3335,73.7233,73.9532,73.9248,73.6617,73.9051,73.241,72.765,74.6108,74.3587,73.7765,73.6551,73.4417,74.0299,73.2729,74.2218,74.1983,73.7717,73.6504,73.0762,73.0575,74.4276,74.0571,74.0059,73.8515,74.0983,73.372,74.0996,73.688,73.7356,74.4378,74.4214,74.0476,73.9607,73.3059,73.4644,72.8457,74.4895,73.9687,73.4537,73.0085,72.9347,72.8622,76.429,75.0525,74.6302,75.3106,74.7763,74.4216,73.5651,74.4474,74.0204,73.9699,73.9417,75.6428,75.2241,74.7024
3800.0,75.4906,74.6764,75.6047,74.7785,74.6302,73.8812,74.1984,73.7988,75.4668,75.2005,74.6161,74.6959,74.5198,74.3174,74.229,74.6409,74.0915,73.9328,73.5679,75.2989,74.838,73.9461,74.1669,73.876,74.4168,73.7156,75.2141,74.6653,74.1421,74.3091,74.095,74.7059,74.0983,74.323,74.2895,74.0163,74.2651,73.6052,73.13,74.9816,74.7304,74.1451,74.0239,73.8115,74.3997,73.6392,74.5871,74.5709,74.1409,74.0144,73.4452,73.4231,74.798,74.4223,74.3733,74.2172,74.4668,73.7414,74.4691,74.055,74.1029,74.8097,74.791,74.4219,74.329,73.6753,73.8312,73.2125,74.8471,74.338,73.8193,73.3764,73.2982,73.2277,76.7983,75.4094,74.9938,75.6784,75.1446,74.7921,73.9365,74.8214,74.39,74.3416,74.3113,76.0129,75.5947,75.073
3825.0,75.8498,75.0324,75.9594,75.135,74.9927,74.2443,74.5609,74.1585,75.8271,75.5648,74.9771,75.0579,74.8799,74.6779,74.5896,75.005,74.4597,74.2936,73.9281,75.662,75.1957,74.3056,74.5242,74.2343,74.7779,74.0765,75.575,75.0276,74.5033,74.6744,74.4578,75.0712,74.4665,74.6831,74.6457,74.3757,74.6165,73.9606,73.4865,75.3441,75.0947,74.5075,74.3833,74.1745,74.7598,73.9985,74.9457,74.9273,74.5001,74.3723,73.8068,73.7819,75.1592,74.7799,74.729,74.575,74.827,74.1032,74.8302,74.4142,74.4637,75.1703,75.1519,74.7852,74.6878,74.037,74.1922,73.5724,75.2052,74.6971,74.1767,73.7343,73.6573,73.5867,77.1594,75.7581,75.3493,76.0395,75.5054,75.1546,74.3008,75.1851,74.7492,74.7046,74.6719,76.3741,75.957,75.4348
3850.0,76.1999,75.3739,76.3094,75.4842,75.3483,74.5986,74.9169,74.5114,76.1796,75.922,75.3284,75.4127,75.231,75.0319,74.9425,75.3636,74.8141,74.6502,74.2812,76.0148,75.5496,74.659,74.8741,74.5865,75.1317,74.4307,75.9299,75.3841,74.8621,75.0345,74.8118,75.4278,74.8234,75.035,74.9953,74.7282,74.9635,74.3099,73.8364,75.7019,75.4515,74.8624,74.7362,74.5296,75.112,74.3532,75.2975,75.2793,74.8537,74.7208,74.1619,74.1372,75.5134,75.1339,75.0808,74.9279,75.1809,74.4547,75.1849,74.7671,74.8179,75.5243,75.5069,75.14,75.0405,74.39,74.5453,73.9252,75.5587,75.0522,74.5293,74.0836,74.01,73.9391,77.5125,76.1029,75.6999,76.3923,75.8575,75.5085,74.6582,75.539,75.1027,75.0613,75.0233,76.7193,76.3127,75.7886
3875.0,76.543,75.7101,76.6549,75.827,75.6988,74.9481,75.2676,74.8584,76.5305,76.2728,75.6743,75.7598,75.5784,75.38,75.29,75.7132,75.1657,74.9986,74.6291,76.3632,75.8982,75.0071,75.2176,74.9328,75.4795,74.7774,76.2805,75.7326,75.2113,75.3866,75.1632,75.778,75.1741,75.3804,75.3397,75.0734,75.3042,74.6541,74.1802,76.051,75.8044,75.2124,75.0825,74.8799,75.4597,74.7027,75.6434,75.6269,75.1978,75.0649,74.5103,74.4826,75.8626,75.4816,75.4288,75.2753,75.5305,74.802,75.5294,75.1147,75.1658,75.8706,75.8551,75.4901,75.3873,74.7366,74.8903,74.2744,75.9054,75.3989,74.875,74.4297,74.3599,74.2845,77.8591,76.4405,76.0438,76.7409,76.205,75.8565,75.0091,75.8871,75.4513,75.4073,75.3696,77.0545,76.6625,76.1375
3900.0,76.8828,76.0484,76.9928,76.164,76.0449,75.2929,75.6128,75.2002,76.8756,76.6183,76.0141,76.1007,75.9193,75.7231,75.6337,76.0567,75.511,75.3409,74.9698,76.7059,76.2392,75.35,75.558,75.2727,75.8227,75.1209,76.624,76.0764,75.5555,75.7338,75.505,76.1239,75.5188,75.7206,75.6775,75.4129,75.6384,74.993,74.5175,76.3945,76.1508,75.5577,75.4234,75.2238,75.8027,75.0471,75.982,75.9688,75.5378,75.4029,74.8525,74.8231,76.2063,75.8234,75.7719,75.6176,75.8745,75.1446,75.8732,75.4554,75.5086,76.2117,76.1958,75.832,75.7302,75.0816,75.2329,74.615,76.2472,75.7385,75.2134,74.7687,74.7038,74.6232,78.2008,76.774,76.3796,77.0857,76.5522,76.1971,75.3561,76.2337,75.793,75.7504,75.7114,77.3906,77.0054,76.4792
3925.0,77.2215,76.3797,77.3272,76.4978,76.3827,75.6309,75.9558,75.5393,77.2142,76.9596,76.3507,76.4395,76.2547,76.0627,75.9736,76.3939,75.8501,75.6783,75.3061,77.0428,76.575,75.6868,75.8907,75.6067,76.1605,75.4575,76.962,76.4146,75.8953,76.0743,75.844,76.464,75.8598,76.0552,76.0093,75.7469,75.9691,75.3244,74.8513,76.7313,76.4915,75.8938,75.7589,75.5594,76.1412,75.3846,76.3154,76.3056,75.8733,75.7353,75.1894,75.158,76.5466,76.1622,76.1127,75.9555,76.2138,75.4838,76.2087,75.7925,75.8461,76.5474,76.5311,76.1703,76.0657,75.4208,75.5758,74.9528,76.5817,76.0747,75.5492,75.103,75.0402,74.9579,78.5373,77.1032,76.7104,77.4258,76.892,76.5295,75.6979,76.5734,76.1313,76.0889,76.0488,77.7285,77.3446,76.8177
3950.0,77.5525,76.7104,77.6572,76.8277,76.7148,75.9632,76.2919,75.873,77.5477,77.2944,76.6821,76.7773,76.5862,76.3982,76.3087,76.7277,76.1857,76.0101,75.6361,77.3747,76.9086,76.0202,76.2198,75.9385,76.4927,75.7892,77.2963,76.7479,76.2302,76.4122,76.177,76.7987,76.1966,76.3849,76.3365,76.0782,76.2966,75.6533,75.1791,77.0642,76.8288,76.2257,76.0906,75.8923,76.4745,75.7178,76.6439,76.6402,76.2056,76.0636,75.5241,75.4882,76.8813,76.4949,76.4495,76.2878,76.5485,75.8163,76.5414,76.1241,76.1796,76.8786,76.8628,76.5037,76.3972,75.7553,75.9114,75.2861,76.9127,76.4052,75.8794,75.4325,75.3727,75.287,78.8682,77.4281,77.0369,77.759,77.2249,76.8591,76.0341,76.9078,76.4641,76.4218,76.3818,78.0625,77.6789,77.1502
3975.0,77.8782,77.0368,77.9826,77.1534,77.0436,76.2924,76.6266,76.201,77.8813,77.6248,77.0087,77.1066,76.9158,76.729,76.641,77.0549,76.5161,76.3382,75.964,77.7014,77.237,76.3481,76.5465,76.2659,76.82,76.1168,77.6301,77.0778,76.5605,76.7463,76.5078,77.1306,76.5271,76.7122,76.6619,76.4044,76.6211,75.9773,75.5037,77.3939,77.1608,76.5535,76.4196,76.2213,76.8048,76.0466,76.9684,76.9667,76.536,76.3889,75.8545,75.8164,77.212,76.824,76.7801,76.6166,76.8798,76.1452,76.8715,76.4537,76.509,77.2057,77.1898,76.8335,76.7265,76.0859,76.2406,75.6134,77.2415,76.7323,76.2062,75.7589,75.6997,75.612,79.1954,77.748,77.3597,78.0881,77.5548,77.1892,76.3671,77.2373,76.7949,76.7499,76.7122,78.3923,78.0084,77.479
4000.0,78.2012,77.3592,78.3042,77.4761,77.3677,76.6194,76.9528,76.5265,78.2082,77.9526,77.3338,77.4293,77.2422,77.057,76.9703,77.3806,76.8443,76.6623,76.2884,78.0256,77.5609,76.6709,76.8709,76.59,77.1471,76.4408,77.9568,77.4035,76.8892,77.0767,76.8354,77.459,76.8559,77.0357,76.9819,76.7276,76.9417,76.2994,75.8248,77.7192,77.4889,76.8775,76.7446,76.5479,77.1298,76.3717,77.2899,77.2902,76.859,76.7098,76.1805,76.1411,77.5381,77.1499,77.1096,76.9412,77.2063,76.4689,77.198,76.7797,76.8362,77.5305,77.5125,77.1611,77.0524,76.4131,76.5676,75.9384,77.5656,77.0564,76.53,76.0833,76.0239,75.9358,79.5189,78.0646,77.6792,78.4105,77.8803,77.5162,76.697,77.5637,77.1214,77.0718,77.0378,78.7194,78.335,77.8061
4025.0,78.5212,77.6787,78.6242,77.7969,77.689,76.9443,77.2776,76.8477,78.53,78.2775,77.6573,77.7494,77.5651,77.3804,77.2956,77.7044,77.1668,76.985,76.6101,78.3481,77.882,76.9917,77.193,76.9119,77.4713,76.7624,78.2808,77.7263,77.2149,77.4039,77.1599,77.7836,77.1789,77.3552,77.2984,77.047,77.2601,76.6181,76.1436,78.041,77.814,77.1987,77.0675,76.8721,77.4516,76.694,77.6089,77.6127,77.1787,77.0299,76.5037,76.4612,77.8614,77.472,77.4319,77.2627,77.5294,76.7889,77.5218,77.1038,77.16,77.8531,77.8341,77.4854,77.3748,76.7372,76.8897,76.2599,77.8893,77.3773,76.8512,76.4044,76.3443,76.2558,79.8394,78.378,77.9951,78.7306,78.2016,77.839,77.0233,77.8875,77.4458,77.3902,77.3604,79.0433,78.6594,78.1302
4040.2,78.7144,77.871,78.8175,77.991,77.8832,77.1397,77.4738,77.0424,78.7236,78.4734,77.8525,77.9435,77.7594,77.5748,77.4921,77.8999,77.3624,77.1797,76.8048,78.5414,78.0755,77.1862,77.3875,77.1064,77.6658,76.9563,78.4764,77.9213,77.4101,77.6012,77.3555,77.9794,77.3746,77.5479,77.4899,77.2401,77.4527,76.8108,76.3366,78.2348,78.009,77.3928,77.2624,77.0688,77.6466,76.8889,77.8012,77.8068,77.3719,77.2246,76.6979,76.6544,78.0571,77.6663,77.6262,77.4571,77.7242,76.9824,77.7171,77.2995,77.3547,78.047,78.0277,77.6818,77.5692,76.9328,77.0851,76.4547,78.0834,77.5711,77.0449,76.5975,76.5371,76.449,80.0335,78.5673,78.1869,78.9247,78.3959,78.0343,77.2202,78.0831,77.6428,77.5838,77.5551,79.2383,78.8551,78.3257
4050.0,78.8391,77.995,78.9421,78.1159,78.0082,77.2657,77.6003,77.1677,78.8483,78.6001,77.9775,78.0688,77.8847,77.7002,77.6187,78.0256,77.4884,77.305,76.9299,78.6663,78.2,77.3116,77.5115,77.2314,77.791,77.0815,78.602,78.047,77.5357,77.7283,77.4815,78.1053,77.5006,77.6722,77.613,77.3649,77.5768,76.9348,76.4611,78.3596,78.1344,77.5176,77.3878,77.1958,77.7722,77.0145,77.9246,77.9317,77.4964,77.3494,76.8234,76.7792,78.1829,77.7907,77.7515,77.5824,77.8499,77.1069,77.8426,77.4249,77.4801,78.172,78.1521,77.8082,77.6947,77.0588,77.2107,76.5802,78.2083,77.6962,77.1698,76.7221,76.6613,76.5736,80.1585,78.689,78.3101,79.0499,78.521,78.1598,77.3469,78.209,77.7701,77.7089,77.6809,79.364,78.9803,78.4518
4075.0,79.1543,78.3099,79.2571,78.4318,78.3246,77.5846,77.9204,77.4841,79.1654,78.9213,78.2951,78.3866,78.2012,78.018,77.9382,78.3442,77.8076,77.6233,77.2476,78.9826,78.5149,77.6284,77.8262,77.5476,78.1086,77.3965,78.9209,78.3649,77.8535,78.0508,77.8015,78.4248,77.8202,77.9865,77.9259,77.6817,77.8911,77.2494,76.7768,78.6752,78.4539,77.8344,77.7047,77.5184,78.0892,77.3316,78.2376,78.2486,77.8115,77.6637,77.1413,77.0955,78.5,78.1069,78.0681,77.8996,78.1676,77.423,78.1607,77.7441,77.7974,78.4906,78.4687,78.1291,78.0135,77.3769,77.5286,76.8982,78.5252,78.0132,77.4856,77.0394,76.9758,76.8892,80.4763,78.9982,78.6222,79.3674,78.8385,78.4787,77.6684,78.528,78.0901,78.0267,77.9987,79.6833,79.2983,78.7713
4100.0,79.4667,78.623,79.5691,78.7456,78.638,77.902,78.2385,77.799,79.4814,79.2396,78.6111,78.7029,78.5162,78.3347,78.2556,78.6602,78.1253,77.9386,77.563,79.2967,78.8279,77.9432,78.139,77.8636,78.4235,77.7118,79.239,78.6813,78.1696,78.3714,78.1193,78.7414,78.1382,78.2978,78.2367,77.9951,78.2033,77.5624,77.0886,78.9897,78.7695,78.149,78.0199,77.8385,78.4042,77.6463,78.5499,78.5643,78.1242,77.9762,77.4555,77.4096,78.8152,78.4219,78.3834,78.2148,78.4827,77.7364,78.4769,78.0603,78.1125,78.8062,78.7828,78.4474,78.3306,77.6933,77.8457,77.2146,78.8394,78.328,77.7984,77.3537,77.2876,77.2022,80.7913,79.3056,78.9339,79.6812,79.1536,78.7963,77.9882,78.846,78.4055,78.3421,78.3153,79.9997,79.615,79.0887
4125.0,79.7771,78.9337,79.8805,79.0584,78.9502,78.2181,78.5545,78.1122,79.7948,79.5552,78.9241,79.0173,78.83,78.6479,78.5711,78.9745,78.4413,78.2523,77.8763,79.6089,79.1397,78.2551,78.4501,78.1779,78.7358,78.0242,79.554,78.9956,78.4844,78.6901,78.4352,79.0555,78.4535,78.6076,78.5465,78.3064,78.5139,77.8734,77.3986,79.3025,79.084,78.4616,78.3331,78.1567,78.717,77.9596,78.8612,78.877,78.4359,78.2871,77.7684,77.7224,79.1276,78.7353,78.696,78.528,78.7959,78.0482,78.7916,78.3737,78.4262,79.1214,79.0955,78.7645,78.6464,78.0084,78.1613,77.5301,79.1511,78.6403,78.11,77.6662,77.5985,77.512,81.1047,79.6122,79.243,79.9931,79.4669,79.1112,78.3062,79.1617,78.7193,78.6556,78.6303,80.3155,79.9304,79.4031
4150.0,80.0875,79.2428,80.1905,79.3709,79.2625,78.5332,78.871,78.4257,80.1074,79.8699,79.237,79.3303,79.1421,78.9597,78.8848,79.2886,78.7558,78.5651,78.1887,79.9191,79.4509,78.5657,78.7588,78.489,79.0474,78.3358,79.8691,79.3084,78.798,79.0071,78.7494,79.369,78.7678,78.9122,78.8551,78.6177,78.8244,78.1825,77.7078,79.6137,79.3981,78.7738,78.6448,78.4727,79.0291,78.2708,79.1712,79.1893,78.7459,78.5972,78.0814,78.0349,79.4383,79.0476,79.0068,78.839,79.1079,78.3586,79.1046,78.6866,78.7376,79.4358,79.4067,79.0809,78.9608,78.3229,78.4756,77.8434,79.4623,78.9512,78.4203,77.9772,77.9088,77.822,81.4164,79.9181,79.5521,80.3039,79.7789,79.425,78.6229,79.4769,79.0323,78.9676,78.9438,80.6301,80.2441,79.7166
4175.0,80.3951,79.547,80.5019,79.6829,79.576,78.8485,79.1881,78.7396,80.4181,80.1835,79.5492,79.6416,79.4535,79.2709,79.1954,79.6017,79.07,78.8773,78.5007,80.2296,79.7604,78.8766,79.0675,78.8008,79.3603,78.6472,80.1831,79.6199,79.1107,79.323,79.0618,79.6824,79.081,79.2421,79.1634,78.9288,79.1289,78.4915,78.016,79.925,79.7197,79.0873,78.9565,78.7889,79.3413,78.5811,79.4812,79.4999,79.0549,78.9075,78.3953,78.347,79.7476,79.3566,79.3166,79.1498,79.4188,78.6677,79.4154,78.998,79.0481,79.751,79.7169,79.3984,79.2739,78.6386,78.7895,78.1569,79.7717,79.2611,78.7295,78.2858,78.2174,78.1312,81.7281,80.2353,79.8599,80.6135,80.0911,79.7379,78.9372,79.7895,79.3432,79.2786,79.2554,80.9415,80.5568,80.0286
4200.0,80.7423,79.8854,80.8398,80.0095,79.8993,79.163,79.5018,79.0659,80.7313,80.4986,79.8713,79.9535,79.7626,79.5874,79.5126,79.9182,79.3832,79.1897,78.8077,80.5543,80.0729,79.1953,79.3922,79.1275,79.6857,78.9627,80.5241,79.9378,79.4317,79.6389,79.3932,80.0015,79.3942,79.6367,79.4954,79.2635,79.4676,78.8147,78.3364,80.2382,80.0584,79.4005,79.2757,79.1085,79.6777,78.914,79.8016,79.8158,79.3776,79.2286,78.7096,78.6666,80.0623,79.6747,79.6341,79.4606,79.7299,78.9831,79.723,79.3098,79.3593,80.0701,80.0414,79.7179,79.5882,78.9598,79.105,78.4699,80.0853,79.5714,79.0526,78.6041,78.5531,78.4382,82.0417,80.5957,80.1862,80.9303,80.4111,80.0503,79.2513,80.1073,79.6504,79.5899,79.5682,81.2614,80.8772,80.358
4225.0,81.1717,80.276,81.2537,80.4031,80.2617,79.525,79.8623,79.4435,81.0916,80.8763,80.2848,80.3253,80.1294,79.9532,79.8935,80.2856,79.722,79.5274,79.1691,80.9623,80.4515,79.5656,79.8055,79.5204,80.0491,79.3534,80.9252,80.3086,79.8148,79.9977,79.7617,80.3711,79.7423,80.0875,79.8842,79.6786,79.8617,79.1999,78.7522,80.5721,80.4503,79.7525,79.6206,79.448,80.0464,79.2783,80.1893,80.1926,79.7477,79.6053,79.0573,79.0402,80.4257,80.0566,80.0124,79.827,80.0956,79.3351,80.1072,79.6661,79.7186,80.472,80.4264,80.0871,79.9857,79.3291,79.4557,78.8479,80.4524,79.9531,79.4655,79.0043,78.9591,78.8402,82.4201,81.0244,80.5903,81.3247,80.8037,80.4363,79.632,80.4926,79.9999,79.9338,79.9282,81.6589,81.2923,80.7475
4250.0,81.6966,80.795,81.8177,80.9447,80.7711,79.9982,80.3351,79.9507,81.6112,81.3757,80.8344,80.7849,80.6012,80.4441,80.379,80.7503,80.1753,79.9779,79.6354,81.4581,80.9719,80.1199,80.3916,80.0733,80.5369,79.8811,81.4906,80.8016,80.3036,80.4779,80.2055,80.865,80.2714,80.614,80.3992,80.2223,80.394,79.6629,79.2272,81.0914,80.9478,80.2054,80.1245,79.952,80.5224,79.7579,80.7217,80.6568,80.1938,80.0948,79.5155,79.5163,80.8719,80.5317,80.5358,80.3433,80.5778,79.8218,80.5967,80.1318,80.2914,80.9706,80.949,80.5861,80.5114,79.8349,79.9193,79.3253,80.9235,80.4364,79.992,79.4768,79.4247,79.3159,82.9132,81.5968,81.1217,81.8217,81.3236,80.9184,80.1014,80.9776,80.4555,80.3925,80.4008,82.2004,81.8161,81.243
4275.0,82.4004,81.4555,82.5139,81.6318,81.4097,80.6242,80.9607,80.6299,82.4872,82.0429,81.5933,81.4365,81.2226,81.1053,81.0641,81.3509,80.7879,80.5466,80.2637,82.1805,81.6658,80.8442,81.1397,80.8125,81.241,80.6129,82.1916,81.4898,80.9432,81.135,80.8114,81.5371,80.9711,81.2801,81.0733,80.9046,81.0979,80.3433,79.9092,81.7463,81.6386,80.8389,80.7875,80.5985,81.1682,80.4029,81.4091,81.2786,80.8083,80.8038,80.196,80.1886,81.5115,81.1851,81.2294,81.0279,81.2156,80.4943,81.242,80.7573,80.9697,81.6153,81.6328,81.2361,81.1665,80.5038,80.5273,79.9496,81.5875,81.0623,80.7225,80.1399,80.0623,79.9731,83.6227,82.3384,81.8084,82.5074,81.9865,81.5599,80.7472,81.6218,81.0645,81.0037,80.9965,82.9178,82.5234,81.9509
4300.0,83.1989,82.2298,83.3082,82.4337,82.1697,81.3815,81.7104,81.4094,83.2969,82.8399,82.4454,82.2072,81.9724,81.8738,81.8337,82.1035,81.5387,81.2608,81.0228,83.0549,82.4793,81.6771,81.9832,81.6353,82.0634,81.4695,83.0315,82.2963,81.771,81.9297,81.6382,82.3702,81.7559,82.0879,81.8841,81.7197,81.8795,81.13,80.696,82.5354,82.4431,81.6111,81.5562,81.3558,81.9171,81.1801,82.1955,82.059,81.5537,81.589,80.9987,80.9595,82.3026,81.9679,82.0303,81.8345,82.0257,81.3081,82.0367,81.541,81.7539,82.4013,82.4281,82.0167,81.9635,81.3018,81.2966,80.7098,82.398,81.8267,81.5613,80.9443,80.8459,80.7514,84.4444,83.1594,82.6051,83.3187,82.7821,82.3345,81.5176,82.407,81.839,81.7604,81.7723,83.7466,83.3431,82.7806
4318.8,83.7852,82.8104,83.8902,83.0331,82.7408,81.9705,82.3022,81.973,83.8951,83.4614,83.0299,82.8039,82.5623,82.4547,82.4117,82.712,82.1386,81.8576,81.6035,83.7004,83.1085,82.2837,82.5588,82.214,82.6597,82.0525,83.6702,82.896,82.3772,82.5618,82.2532,82.9929,82.3786,82.6785,82.472,82.3185,82.4199,81.7077,81.2654,83.1691,83.0536,82.2107,82.1616,81.9525,82.4922,81.755,82.7698,82.6707,82.1578,82.1748,81.6164,81.5382,82.939,82.5614,82.6192,82.4167,82.6327,81.9136,82.6486,82.1649,82.3637,83.0131,83.0449,82.622,82.5654,81.9075,81.9276,81.3111,83.0109,82.4163,82.1226,81.5369,81.4241,81.3282,85.0568,83.7108,83.1864,83.9185,83.3882,82.9707,82.144,82.9906,82.4687,82.3686,82.3756,84.3509,83.933,83.3678
4325.0,83.9552,82.9887,84.0621,83.2095,82.9186,82.1458,82.4791,82.143,84.0793,83.6632,83.2009,82.9804,82.7403,82.6271,82.5888,82.8979,82.3187,82.0416,81.7819,83.8916,83.3048,82.4646,82.7289,82.3856,82.8284,82.2199,83.8608,83.0779,82.5588,82.7406,82.4369,83.1732,82.5544,82.8597,82.6503,82.4955,82.5868,81.8798,81.431,83.356,83.238,82.392,82.3499,82.1333,82.6618,81.9272,82.9437,82.854,82.3493,82.3452,81.8043,81.7141,83.1275,82.7377,82.7967,82.5906,82.8137,82.0952,82.8248,82.3507,82.5384,83.1997,83.2366,82.7997,82.7469,82.0838,82.1176,81.4954,83.1937,82.5956,82.2868,81.7102,81.5977,81.4999,85.2402,83.8808,83.3581,84.0914,83.559,83.1538,82.3342,83.1704,82.6594,82.556,82.546,84.5343,84.1054,83.5415
4350.0,84.6251,83.6532,84.737,83.9118,83.5982,82.8311,83.1546,82.8162,84.7536,84.4183,83.8421,83.6547,83.4177,83.2889,83.2682,83.5838,82.9803,82.7507,82.4655,84.6203,84.0184,83.1474,83.3994,83.0625,83.4836,82.8852,84.5939,83.7378,83.2499,83.4284,83.1249,83.8579,83.2576,83.5433,83.3361,83.1764,83.2442,82.5386,82.0828,84.044,83.9394,83.0673,83.0381,82.8187,83.3279,82.5943,83.609,83.526,83.0405,82.996,82.4814,82.369,83.8242,83.4037,83.4553,83.243,83.497,82.767,83.5197,83.0407,83.2442,83.8989,83.9494,83.4685,83.4205,82.7553,82.8209,82.1678,83.8765,83.262,82.9224,82.4062,82.2591,82.1608,85.9156,84.5586,84.0267,84.7517,84.2557,83.8656,83.0071,83.8443,83.3304,83.2287,83.2211,85.2471,84.8008,84.2317
4375.0,85.215,84.3027,85.3833,84.5727,84.2578,83.5026,83.8045,83.4157,85.4107,85.1279,84.4481,84.2984,84.0759,83.9196,83.9162,84.2471,83.6135,83.4322,83.1262,85.3037,84.671,83.7936,84.0283,83.6964,84.1166,83.5196,85.2551,84.3403,83.8734,84.0729,83.7647,84.4996,83.9126,84.1913,83.9637,83.8271,83.8604,83.1678,82.7025,84.7056,84.6184,83.7205,83.6916,83.4652,83.9798,83.2479,84.2458,84.1665,83.7041,83.6391,83.1326,82.9872,84.4623,84.041,84.0729,83.866,84.1481,83.3964,84.1798,83.7115,83.9149,84.5469,84.6146,84.1003,84.0592,83.3838,83.4714,82.8062,84.5204,83.896,83.5015,83.0771,82.896,82.783,86.5635,85.2017,84.6838,85.414,84.9421,84.525,83.631,84.459,83.9789,83.8829,83.8848,85.9241,85.4577,84.896
4400.0,85.7759,84.876,85.96,85.1723,84.8349,84.0748,84.3822,83.9883,85.9746,85.7527,85.007,84.8756,84.6568,84.4894,84.5019,84.8371,84.1873,84.0392,83.7097,85.8958,85.2698,84.3737,84.5832,84.2656,84.6892,84.0824,85.8189,84.9138,84.4369,84.6647,84.3402,85.0648,84.4954,84.7568,84.5522,84.3934,84.4076,83.7403,83.2732,85.323,85.2295,84.3279,84.2876,84.0501,84.5773,83.8429,84.8103,84.7374,84.3085,84.2127,83.7175,83.5687,85.0478,84.6142,84.6314,84.427,84.7192,83.9653,84.7684,84.3041,84.5026,85.124,85.2172,84.6769,84.6117,83.9515,84.0341,83.3665,85.0938,84.4885,84.0661,83.6651,83.4797,83.3492,87.1486,85.7672,85.2986,86.0249,85.5336,85.0984,84.198,85.0486,84.5624,84.4976,84.4825,86.5181,85.9908,85.4691
4425.0,86.2852,85.387,86.4691,85.6952,85.3393,84.5925,84.887,84.4845,86.476,86.2939,85.4985,85.3784,85.1705,84.994,85.0132,85.3572,84.7022,84.5656,84.2213,86.4222,85.805,84.8743,85.0792,84.7573,85.21,84.5624,86.324,85.4182,84.9348,85.1689,84.8587,85.5586,85.0009,85.2639,85.0838,84.8906,84.9031,84.2366,83.7959,85.8535,85.7528,84.8548,84.8117,84.5615,85.1131,84.3571,85.3019,85.2352,84.8236,84.7152,84.2244,84.0763,85.5637,85.1222,85.1164,84.9176,85.2364,84.4683,85.275,84.8189,85.0208,85.6378,85.7456,85.1898,85.0898,84.4521,84.5293,83.8685,85.6094,85.0241,84.5766,84.1744,83.9863,83.8486,87.6558,86.2676,85.8242,86.555,86.0465,85.6026,84.7027,85.5708,85.0857,85.0322,85.0064,87.0356,86.4874,85.9725
4450.0,86.7494,85.8435,86.9265,86.178,85.7986,85.0577,85.3485,84.9367,86.9383,86.7735,85.9428,85.8407,85.6391,85.4528,85.4826,85.8202,85.1639,85.0385,84.6888,86.8926,86.2817,85.3342,85.5272,85.2127,85.6848,85.0157,86.7854,85.8808,85.3893,85.6358,85.327,86.0124,85.4613,85.7158,85.5498,85.3471,85.343,84.6873,84.2672,86.3266,86.2364,85.3384,85.2798,85.0246,85.5934,84.8238,85.7562,85.6931,85.2851,85.1685,84.6912,84.5381,86.0418,85.5907,85.5637,85.3728,85.6981,84.9316,85.7381,85.2829,85.4844,86.1067,86.2229,85.653,85.5426,84.9082,84.9869,84.3302,86.0768,85.502,85.0396,84.6455,84.4578,84.3136,88.122,86.7187,86.3006,87.0229,86.5126,86.0636,85.163,86.0463,85.5624,85.5046,85.478,87.5051,86.9557,86.4362
4475.0,87.182,86.2739,87.3536,86.6249,86.2264,85.489,85.7822,85.3573,87.3717,87.2174,86.3687,86.2765,86.0749,85.8824,85.9175,86.2578,85.5935,85.4733,85.1214,87.3306,86.7212,85.7649,85.9475,85.6393,86.1155,85.4402,87.1887,86.3159,85.8216,86.0684,85.7582,86.4405,85.8936,86.1408,85.9881,85.7746,85.7603,85.1121,84.7077,86.7698,86.679,85.7879,85.7166,85.46,86.0352,85.2565,86.1836,86.1213,85.7126,85.5939,85.1212,84.9665,86.4822,86.0189,85.9806,85.8002,86.1294,85.3636,86.1812,85.7184,85.914,86.5392,86.6595,86.0789,85.9644,85.3315,85.413,84.7561,86.5137,85.9382,85.4711,85.079,84.8912,84.7426,88.5521,87.1386,86.7401,87.4652,86.9504,86.4925,85.5954,86.4796,86.0013,85.9468,85.9127,87.9402,87.3873,86.8621
4478.7,87.2439,86.3356,87.4145,86.6877,86.2874,85.5503,85.8435,85.4181,87.4331,87.2801,86.4298,86.3391,86.1372,85.9444,85.9794,86.3201,85.6544,85.5356,85.1841,87.3923,86.7836,85.8263,86.007,85.7001,86.1772,85.5009,87.2461,86.3784,85.8829,86.13,85.8207,86.5009,85.9559,86.2017,86.0507,85.8349,85.8202,85.1736,84.7709,86.832,86.7416,85.8507,85.7789,85.5233,86.0973,85.3181,86.2441,86.1821,85.7735,85.6553,85.1826,85.0269,86.544,86.0804,86.0417,85.8606,86.191,85.4256,86.2449,85.7793,85.9757,86.6009,86.7221,86.1413,86.0234,85.3913,85.475,84.8165,86.5748,86.0,85.5327,85.1409,84.9537,84.8035,88.6141,87.1983,86.8014,87.5279,87.0124,86.554,85.6577,86.5419,86.0644,86.0093,85.9741,88.0036,87.4488,86.9246
4500.0,87.5913,86.6813,87.7582,87.0379,86.6355,85.8946,86.191,85.7585,87.78,87.6345,86.775,86.686,86.4871,86.2921,86.3291,86.6679,86.0023,85.8862,85.5331,87.741,87.1388,86.1724,86.3462,86.0459,86.5258,85.846,87.5721,86.7273,86.228,86.4769,86.1739,86.8458,86.3051,86.5472,86.4005,86.1797,86.1609,85.5181,85.1218,87.1856,87.0964,86.2022,86.1268,85.8744,86.4556,85.6652,86.5804,86.5295,86.12,86.0017,85.5243,85.3726,86.8945,86.4278,86.3868,86.2042,86.5373,85.7724,86.5927,86.1282,86.3243,86.9498,87.074,86.4886,86.3636,85.7358,85.8183,85.1628,86.9228,86.3518,85.8832,85.4903,85.2993,85.1466,88.9637,87.5378,87.1479,87.8772,87.3658,86.9017,86.0089,86.8963,86.4188,86.3552,86.3192,88.3531,87.8005,87.2704
4525.0,87.9826,87.0701,88.1442,87.429,87.0234,86.2837,86.5865,86.1445,88.1708,88.0343,87.1626,87.0798,86.8809,86.6859,86.7221,87.0596,86.3935,86.2843,85.9261,88.1395,87.5353,86.561,86.7353,86.4335,86.9177,86.2364,87.9573,87.1204,86.617,86.873,86.5647,87.2396,86.7002,86.9369,86.7988,86.5683,86.544,85.9051,85.5176,87.5854,87.4982,86.602,86.5205,86.2692,86.8531,86.0563,86.9655,86.9192,86.51,86.3875,85.9161,85.7641,87.2859,86.8199,86.776,86.5952,86.9281,86.164,86.9853,86.5252,86.7163,87.3412,87.4691,86.8806,86.753,86.1268,86.2077,85.5522,87.3114,86.7473,86.2783,85.885,85.6862,85.5351,89.3542,87.919,87.5389,88.2743,87.7624,87.2953,86.405,87.2976,86.8121,86.7515,86.7113,88.7484,88.1966,87.6586
4550.0,88.3586,87.447,88.5173,87.8072,87.4007,86.6635,86.9691,86.5177,88.5514,88.4202,87.5389,87.4604,87.2619,87.0662,87.1024,87.4408,86.7709,86.6646,86.3059,88.5226,87.9174,86.9386,87.1098,86.8098,87.2991,86.6095,88.3411,87.499,86.9954,87.2564,86.9438,87.6226,87.08,87.3119,87.1777,86.9473,86.9166,86.2731,85.8989,87.9679,87.8835,86.9866,86.9032,86.6494,87.2343,86.4352,87.3371,87.2959,86.8876,86.7643,86.2949,86.141,87.6681,87.1989,87.1465,86.9734,87.3039,86.5424,87.3667,86.9066,87.0951,87.7189,87.8501,87.26,87.1308,86.5047,86.5836,85.9284,87.6869,87.1264,86.6584,86.2661,86.0615,85.9074,89.7288,88.2948,87.9168,88.6628,88.1435,87.6756,86.7881,87.6783,87.192,87.1385,87.0919,89.1311,88.5784,88.0354
4575.0,88.728,87.8155,88.8823,88.1776,87.7693,87.0326,87.3416,86.8841,88.9186,88.7933,87.9059,87.8282,87.6289,87.4362,87.4718,87.8115,87.1399,87.0344,86.6757,88.8912,88.2854,87.3059,87.473,87.1746,87.6669,86.9737,88.7142,87.8677,87.365,87.6284,87.3144,87.9934,87.4511,87.6757,87.5449,87.3142,87.2788,86.6271,86.2674,88.3431,88.2514,87.3611,87.2779,87.0171,87.6056,86.8022,87.7008,87.6631,87.2572,87.13,86.6634,86.5079,88.0383,87.5671,87.5095,87.3409,87.6707,86.9104,87.7356,87.2753,87.463,88.0892,88.2193,87.6284,87.499,86.8741,86.9532,86.2994,88.0518,87.4956,87.0235,86.6329,86.4264,86.2719,90.0968,88.656,88.2852,89.0341,88.517,88.0463,87.1586,88.0509,87.5636,87.5127,87.4636,89.5033,88.95,88.4008
4600.0,89.1,88.1854,89.2498,88.5563,88.1326,87.4036,87.7086,87.251,89.2856,89.1639,88.2902,88.1933,87.9911,87.81,87.8449,88.1799,87.5017,87.3998,87.048,89.2655,88.651,87.6699,87.8514,87.5343,88.0321,87.3399,89.0827,88.229,87.736,87.9939,87.6809,88.3542,87.8146,88.0455,87.9081,87.6811,87.6426,86.9907,86.6307,88.7094,88.6145,87.725,87.6519,87.386,87.9695,87.1629,88.0778,88.0293,87.6226,87.505,87.057,86.8731,88.4089,87.9317,87.8712,87.7056,88.0435,87.2767,88.0997,87.6357,87.8251,88.4605,88.5834,87.9985,87.8734,87.2461,87.3262,86.6715,88.444,87.861,87.3962,86.9973,86.7899,86.6318,90.4631,89.0294,88.6659,89.4034,88.8865,88.4143,87.5327,88.4183,87.9271,87.8756,87.826,89.8809,89.3176,88.7653
4625.0,89.4945,88.5863,89.6462,88.9626,88.5148,87.793,88.0991,87.6364,89.6723,89.5576,88.7116,88.5792,88.3753,88.1981,88.239,88.5753,87.8954,87.7909,87.4545,89.6692,89.0376,88.049,88.2519,87.9127,88.4322,87.7359,89.4768,88.625,88.1431,88.4043,88.0758,88.7397,88.2053,88.4466,88.3141,88.0694,88.0398,87.378,87.0262,89.0936,88.9961,88.1157,88.0245,87.7846,88.3546,87.5469,88.4857,88.4198,88.0112,87.9051,87.4896,87.2754,88.8127,88.3137,88.2562,88.1008,88.465,87.6689,88.5001,88.0086,88.2169,88.869,88.994,88.3855,88.2736,87.6457,87.7351,87.0665,88.874,88.2556,87.7968,87.3953,87.1804,87.0136,90.8733,89.4475,89.0808,89.7884,89.2798,88.8145,87.9314,88.8158,88.327,88.2608,88.212,90.2992,89.7271,89.1544
4650.0,89.9155,89.0105,90.0808,89.3952,88.9322,88.2144,88.5099,88.0501,90.0996,89.9795,89.1609,88.9923,88.7925,88.6125,88.6514,89.0056,88.3276,88.2186,87.8797,90.1004,89.4726,88.4729,88.6806,88.3267,88.8639,88.1631,89.9034,89.0603,88.5779,88.8353,88.5142,89.1721,88.6216,88.8721,88.7486,88.4991,88.4573,87.7916,87.464,89.519,89.4075,88.5324,88.4477,88.2119,88.7713,87.9716,88.9077,88.8413,88.4294,88.3314,87.9219,87.6932,89.2451,88.725,88.6715,88.5113,88.8979,88.0855,88.9421,88.4139,88.6364,89.2959,89.4261,88.8224,88.689,88.0861,88.1645,87.4894,89.3122,88.6799,88.2268,87.8198,87.5925,87.4201,91.3195,89.8983,89.5252,90.2064,89.702,89.248,88.3518,89.2342,88.781,88.6798,88.6238,90.7474,90.158,89.5898
4673.0,90.3282,89.4193,90.4899,89.796,89.3335,88.614,88.9172,88.4436,90.5042,90.3895,89.575,89.3789,89.1989,89.01,89.0449,89.4089,88.7386,88.6261,88.2805,90.508,89.8902,88.8742,89.0861,88.7303,89.2741,88.5646,90.3091,89.4732,88.9874,89.2458,88.9211,89.5778,89.0245,89.2771,89.1578,88.906,88.8504,88.1872,87.8656,89.9177,89.8056,88.9427,88.8523,88.6277,89.1725,88.3656,89.3147,89.2417,88.8315,88.7355,88.3221,88.0862,89.652,89.1194,89.0617,88.8946,89.3062,88.48,89.3477,88.8126,89.0371,89.6926,89.8309,89.2272,89.0779,88.4877,88.5609,87.8781,89.7218,89.085,88.619,88.2229,87.9813,87.8136,91.7421,90.3191,89.9455,90.6113,90.1098,89.6629,88.7538,89.6262,89.187,89.0812,89.0116,91.1628,90.5637,89.9995
4675.0,90.3627,89.4531,90.5235,89.8297,89.3673,88.6476,88.9515,88.4765,90.5387,90.4244,89.6094,89.4124,89.233,89.0445,89.0783,89.4424,88.7736,88.6606,88.3141,90.5416,89.9253,88.9083,89.1201,88.7646,89.3084,88.5986,90.3434,89.5079,89.0217,89.2798,88.955,89.6116,89.0587,89.3109,89.1925,88.9402,88.8835,88.2208,87.8995,89.9514,89.8396,88.978,88.8872,88.6622,89.2063,88.3992,89.3493,89.2758,88.8656,88.7698,88.3559,88.1189,89.686,89.1529,89.0945,88.927,89.3403,88.5134,89.3816,88.8475,89.0705,89.7261,89.8647,89.2616,89.1109,88.5216,88.5945,87.9112,89.7561,89.1192,88.652,88.2568,88.0143,87.8467,91.7778,90.3544,89.981,90.6466,90.1446,89.6973,88.7876,89.6588,89.2199,89.115,89.0439,91.1978,90.5981,90.034
4700.0,90.7997,89.8811,90.9485,90.2535,89.7891,89.0662,89.3791,88.8867,90.9768,90.8554,90.0371,89.8316,89.6638,89.4788,89.4961,89.8672,89.2058,89.0964,88.7339,90.9666,90.3651,89.3389,89.5462,89.1987,89.743,89.0204,90.7738,89.9363,89.4426,89.7066,89.3793,90.0342,89.4849,89.7388,89.6276,89.3705,89.2979,88.6489,88.3212,90.3819,90.2678,89.4166,89.3308,89.0947,89.6287,88.8199,89.7793,89.7017,89.2968,89.1968,88.7791,88.5249,90.114,89.5688,89.5116,89.3378,89.7673,88.9273,89.8066,89.284,89.4876,90.1499,90.2882,89.6872,89.5236,88.9396,89.024,88.3255,90.1858,89.5478,89.0728,88.6775,88.4301,88.2584,92.2304,90.7977,90.4237,91.0878,90.5779,90.1323,89.2092,90.07,89.6362,89.5356,89.4447,91.6232,91.0278,90.4683
4725.0,91.2186,90.2902,91.359,90.6715,90.2044,89.4714,89.79,89.2808,91.393,91.2614,90.4497,90.243,90.0777,89.8919,89.9034,90.2791,89.6192,89.5152,89.1351,91.3721,90.7784,89.7465,89.9647,89.6126,90.1585,89.4252,91.1905,90.3435,89.8476,90.1187,89.7866,90.4381,89.8932,90.1519,90.0429,89.7752,89.6945,89.0626,88.727,90.7991,90.6735,89.8339,89.76,89.5103,90.0386,89.2265,90.1913,90.1071,89.7142,89.6071,89.1824,88.9264,90.5281,89.9749,89.9157,89.7357,90.1737,89.3267,90.2148,89.7025,89.8944,90.5534,90.6944,90.0906,89.9242,89.3503,89.4341,88.7214,90.5977,89.9607,89.486,89.0801,88.8275,88.654,92.6607,91.2207,90.8384,91.5079,90.9941,90.5537,89.6162,90.4684,90.0387,89.9395,89.836,92.0349,91.4384,90.8834
4750.0,91.6208,90.6854,91.7536,91.0808,90.6053,89.8602,90.1854,89.6679,91.7882,91.6582,90.8509,90.6423,90.4721,90.2891,90.301,90.6753,90.019,89.9172,89.521,91.7643,91.1798,90.1392,90.3688,90.016,90.5566,89.8227,91.5929,90.7376,90.238,90.5182,90.183,90.8288,90.2879,90.5481,90.4387,90.1728,90.08,89.4593,89.1161,91.2039,91.0691,90.2386,90.1649,89.9051,90.4299,89.6171,90.5863,90.497,90.1355,90.0016,89.5751,89.3195,90.9258,90.3736,90.308,90.1232,90.5727,89.713,90.6041,90.1075,90.2974,90.944,91.0881,90.4893,90.3196,89.7507,89.8193,89.1065,90.9936,90.3636,89.889,89.4702,89.2144,89.0376,93.0738,91.6193,91.2442,91.9083,91.4006,90.9506,90.0106,90.8615,90.4351,90.3298,90.2234,92.4326,91.8332,91.2785
4775.0,92.0165,91.0666,92.1365,91.4831,90.9895,90.2404,90.57,90.0445,92.1745,92.0442,91.2357,91.0317,90.8531,90.6755,90.6818,91.0565,90.405,90.3028,89.9009,92.1452,91.5661,90.5226,90.7566,90.404,90.9419,90.2069,91.9804,91.1223,90.6216,90.9057,90.5697,91.2114,90.671,90.9359,90.8226,90.5552,90.4559,89.8376,89.4897,91.5925,91.4536,90.6254,90.5587,90.2891,90.8109,89.9969,90.9688,90.8767,90.5815,90.3879,89.9546,89.6957,91.309,90.7607,90.6882,90.5071,90.9585,90.0932,90.9827,90.4959,90.6855,91.3206,91.4693,90.8825,90.706,90.1385,90.1962,89.4854,91.3761,90.7472,90.28,89.8516,89.5901,89.4137,93.4661,92.0011,91.6401,92.2966,91.7913,91.3339,90.397,91.2468,90.8158,90.7129,90.6007,92.8139,92.2153,91.6652
4800.0,92.3981,91.4404,92.5101,91.8735,91.3607,90.6115,90.9437,90.4112,92.5497,92.4196,91.6063,91.4143,91.2224,91.0512,91.055,91.4279,90.7809,90.6763,90.2699,92.5168,91.9426,90.8932,91.1312,90.7779,91.318,90.5802,92.3575,91.4971,90.9971,91.2841,90.945,91.5864,91.0452,91.3083,91.1978,90.9263,90.8207,90.2081,89.8578,91.9709,91.827,91.0045,90.9394,90.6617,91.1848,90.366,91.3417,91.2501,91.096,90.7563,90.3243,90.0617,91.682,91.1381,91.0579,90.8766,91.3346,90.4618,91.353,90.8736,91.0685,91.6894,91.8425,91.2558,91.0844,90.5156,90.5674,89.8516,91.7467,91.1185,90.6558,90.2219,89.958,89.7813,93.8485,92.3632,92.02,92.6755,92.1678,91.71,90.7714,91.6233,91.1887,91.0828,90.9684,93.1875,92.5888,92.0376
4825.0,92.7648,91.8031,92.8732,92.2551,91.7247,90.9709,91.3093,90.7702,92.9141,92.7855,91.9651,91.7837,91.5858,91.4164,91.4191,91.7915,91.1456,91.0399,90.6315,92.8803,92.3081,91.2554,91.4931,91.1413,91.6832,90.9452,92.7294,91.86,91.3586,91.6482,91.3097,91.9497,91.4059,91.67,91.5587,91.2889,91.1747,90.5705,90.2146,92.3395,92.1882,91.3723,91.3087,91.023,91.5454,90.7267,91.7062,91.6117,91.7066,91.103,90.6875,90.4179,92.0487,91.5069,91.4232,91.2335,91.6985,90.8213,91.7142,91.2412,91.4371,92.0466,92.2045,91.6196,91.4576,90.8826,90.932,90.2134,92.1082,91.4825,91.0253,90.5816,90.3164,90.1407,94.2228,92.719,92.383,93.0427,92.5347,92.0719,91.1371,91.9911,91.5521,91.4464,91.3269,93.5559,92.9558,92.3986
4850.0,93.12,92.1569,93.225,92.6224,92.0792,91.3224,91.6654,91.1202,93.2723,93.1432,92.3159,92.1394,91.9411,91.7726,91.7714,92.1465,91.5007,91.3995,90.9827,93.228,92.664,91.6044,91.8449,91.4911,92.0367,91.3002,93.085,92.2159,91.7138,92.0024,91.6638,92.3034,91.7607,92.0169,91.9048,91.6414,91.5198,90.9221,90.5643,92.6966,92.5407,91.7244,91.6666,91.3782,91.8961,91.0758,92.0606,91.9659,92.3249,91.4433,91.0371,90.7669,92.401,91.8654,91.7747,91.5831,92.0537,91.1727,92.0647,91.5958,91.7951,92.3972,92.556,91.9769,91.8202,91.236,91.2906,90.5643,92.458,91.8334,91.3804,90.9349,90.6659,90.4876,94.5859,93.0748,92.74,93.3982,92.8904,92.4261,91.4899,92.3495,91.9042,91.7995,91.6776,93.9152,93.3126,92.7501
4875.0,93.4693,92.503,93.5655,92.9795,92.4256,91.6678,92.0124,91.4623,93.6238,93.4911,92.657,92.4876,92.2903,92.1181,92.1169,92.4939,91.8504,91.7481,91.3273,93.5614,93.0062,91.9465,92.188,91.8332,92.3819,91.6443,93.434,92.5605,92.0583,92.3514,92.0111,92.6493,92.1086,92.3582,92.2464,91.9887,91.8566,91.2643,90.9044,93.0422,92.8844,92.0728,92.0149,91.7273,92.2386,91.4172,92.4024,92.314,92.9736,91.7868,91.3806,91.1081,92.7471,92.2122,92.1201,91.9271,92.398,91.5186,92.4074,91.9431,92.143,92.7397,92.9019,92.3224,92.1723,91.584,91.6391,90.902,92.8025,92.1777,91.7274,91.2802,91.0059,90.8283,94.9363,93.419,93.0885,93.748,93.2369,92.773,91.8337,92.6983,92.2456,92.1416,92.0204,94.2657,93.6588,93.0939
4887.3,93.627,92.668,93.719,93.147,92.584,91.835,92.168,91.615,93.79,93.653,92.809,92.654,92.452,92.279,92.274,92.651,92.019,91.91,91.485,93.708,93.16,92.1,92.348,91.994,92.537,91.808,93.601,92.724,92.215,92.507,92.166,92.811,92.268,92.523,92.406,92.15,92.012,91.421,91.063,93.2,93.038,92.242,92.17,91.892,92.396,91.575,92.556,92.483,93.291,91.951,91.539,91.27,92.911,92.369,92.278,92.089,92.564,91.673,92.563,92.099,92.31,92.902,93.067,92.478,92.331,91.743,91.8,91.056,92.965,92.339,91.893,91.439,91.17,90.984,95.098,93.571,93.252,93.904,93.397,92.93,91.991,92.862,92.398,92.307,92.173,94.433,93.815,93.258
