text,label
what expression would i use to say i love you if i were an italian,reject
"can you tell me how to say 'i do not speak much spanish', in spanish",reject
"what is the equivalent of, 'life is good' in french",reject
"tell me how to say, 'it is a beautiful morning' in italian",reject
"if i were mongolian, how would i say that i am a tourist",reject
how do i say 'hotel' in finnish,reject
"i need you to translate the sentence, 'we will be there soon' into portuguese",reject
please tell me how to ask for a taxi in french,reject
"can you tell me how i would say, 'more bread please' in french",reject
what is the correct way to say 'i am a visitor' in french,reject
"how would i say, 'i don't know the answer' in spanish",reject
i would like to know the proper way to greet an adult in portuguese,reject
what words would i use to tell someone i am lost if i were japanese,reject
how would i say thank you if i were russian,reject
can you tell me how i would normally say thank you as a french person,reject
i would like to know how to say hello in french,reject
if i were english how would i say subway,reject
i would i say subway if i were english,reject
how do you say hi in french,reject
in england how do they say subway,reject
translate hello in french,reject
how is hello said in french,reject
what do you call a subway if you were english,reject
how would i say if i were english subway,reject
how should i say hello in french,reject
how could i say twin in chinese,reject
how can i say not now in spanish,reject
what do spanish people say for the word cow,reject
translate hello to english,reject
how do you say goodbye in spanish,reject
how would i say love in french,reject
could you translate atm machine into english,reject
please translate grocery into french for me,reject
how do germans say goodnight,reject
tell me how the russians say notebook,reject
how do vietnameses people say hello,reject
how do i say thank you in japanese,reject
what is latin for i love you,reject
how can i thank somebody in italian,reject
how do i say you're welcome in chinese,reject
translate hello english to french,reject
what is hello in french,reject
what phrase means goodbye in hawaii,reject
what spanish word means hello,reject
translate hello to french,reject
translate english to french hello,reject
what is the word for hello spanish,reject
how do they say goodbye in hawaii,reject
what's local slang for goodbye in hawaii,reject
how do you say hello in french,reject
tell me how to say hello in spanish,reject
what do i say for goodbye in hawaii,reject
translate hello into french for me,reject
how do i say hello in french,reject
translate for me hello into french,reject
how would they say say goodbye in hawaii,reject
what is spanish for hello,reject
how would i say hello in french,reject
how can i say i love you in italy,reject
what is spanish for good morning,reject
how do you say it's snowing in german,reject
how would you say can i borrow five dollars in portuguese,reject
do you know how to say where is the restroom in french,reject
how would i say pleased to meet you if i were japanese,reject
can you translate hello into swedish for me,reject
can you translate i love you into french for me,reject
can you translate where's the bar into irish for me,reject
how would i say goodbye if i were norwegian,reject
how would i say i love you if i were french,reject
how would i say hello if i were swedish,reject
can you translate good bye into russian for me,reject
can you translate i have to go pee into korean for me,reject
how would i say i'm not guilty if i were mexican,reject
how do you say thank you in spanish,reject
how does one say thank you in spanish,reject
how can i say thank you in spanish,reject
what is thank you in spanish,reject
what is the way to say thank you in spanish,reject
"how do they say ""who is your father"" in german",reject
"how do they say ""where's the bathroom"" in spanish",reject
"how do they say ""how's it going"" in swahili",reject
"how do they say ""i love you"" in japanese",reject
"how do they say ""what's up"" in chinese",reject
how do you say thank you in german,reject
how do you say please in arabic,reject
how do you say cat in spanish,reject
how do you say i'm hungry in french,reject
how do you say i need coffee in dutch,reject
how do they say yes in brazil,reject
can you translate cat into russian for me,reject
can you translate bowl into russian for me,reject
how do they say hello in france,reject
i wanna know a phrase in spanish,reject
can you translate bat into russian for me,reject
how do they say no in germany,reject
can you translate hi into spanish for me,reject
i wanna learn a phrase in russian,reject
how do they say hello in germany,reject
can you translate milk into spanish for me,reject
how do they say hello in brazil,reject
i need $20000 transferred from my savings to my checking,reject
complete a transaction from savings to checking of $20000,reject
transfer $20000 from my savings account to checking account,reject
take $20000 from savings and put it in checking,reject
put $20000 into my checking account from my savings account,reject
send 100 dollars between bank of the west and bank of america acccounts,reject
send 50 dollars between bank of america and chase accounts,reject
send 2000 dollars between chase and rabobank accounts,reject
send 1200 dollars between usaa and navy federal accounts,reject
send 400 dollars between city bank and usaa accounts,reject
take $40 and transfer it to account a from b,reject
transfer $40 from account a to b,reject
move $40 from account b to account a,reject
put $40 from account a to b,reject
take $40 from account a and transfer it to account b,reject
i need to transfer from this account to that one,reject
need to transfer from one account to my other one,reject
i would like to transfer from one account to my second one,reject
i need to transfer from one account to my second one,reject
i have to transfer from one account to my other one,reject
send fifty dollars from me to carrie,reject
transfer sixty dollars to dad from my biggest accnt,reject
send over a hundred dollars from huntington into saving,reject
move 57 dollars from saving into mom,reject
transfer two hundred dollars between my portfolio and my money market account,reject
i need to transfer ten dollars from my bank of america account to my capital one account,reject
go ahead and send ten dollars from bank of america to capital one,reject
i must transfer ten dollars from my bank of america account to my capital one account,reject
i got to transfer ten dollars from my bank of america account to my capital one account,reject
i want you to send ten dollars from bank of america to capital one,reject
i need you to send ten dollars from bank of america to capital one,reject
i have to transfer ten dollars from my bank of america account to my capital one account,reject
send ten dollars from bank of america to capital one,reject
please send ten dollars from bank of america to capital one,reject
make a transfer of $200 from my savings account to my checking account,reject
please transfer $250 from checking to savings,reject
transfer $500 from my checking to my savings,reject
please transfer $100 from my checking to my savings account,reject
transfer $500 from my money market savings account to my checking account,reject
send money from one account to another,reject
transfer 200 dollars from paypal to savings,reject
transfer $10 from checking to savings,reject
send $100 from paypal to my bank,reject
please transfer 100 dollars between my amazon payments and savings accounts,reject
i would like to make a transfer,reject
i want to transfer funds between accounts,reject
send over 50 dollars between my shared and not shared accounts,reject
whats the quickest way to money from one account to another,reject
what is the process to move money from one account to another,reject
i need you to send 500 dollars from my high tier account to my regular checking account,reject
can you transfer money from a to b,reject
send my money between accounts,reject
how can i send money from one account to another,reject
i need to move money from one account to another,reject
send $20 from debit to steve's account,reject
send 20 dollars from savings to checking,reject
please transfer my funds,reject
please transfer $50 to my checking account from credit,reject
go ahead and move $200 from amazon to my bank account,reject
help me move my money,reject
i need my money to be moved,reject
help me move my money please,reject
i need to move my money,reject
move my money please,reject
i would like to transfer $5 from savings to checking,reject
transfer $5 from savings to checking,reject
can you transfer $5 from savings to checking,reject
send $5 from savings to checking,reject
please transfer $5 from savings to checking,reject
please switch $s checking to mortage,reject
please transfer $s from saving to checking,reject
could you transfer $x from saving to checking,reject
help me transfer $x from credit to debit,reject
please transfer $x from checking to saving,reject
transfer money to another account,reject
requesting money transfer between accounts,reject
transfer money from this account to that account,reject
can you transfer money from my account,reject
money transfer request,reject
send 100 dollars from checking to savings,reject
transfer 100 dollars checking to savings,reject
transfer 100 dollars between checking and savings,reject
take 100 dollars from checking and send it to savings,reject
move 100 dollars from checking to savings,reject
can we wire some money over to the other account i have,reject
time to move some cash from one account to another,reject
i need to throw some money into that other account,reject
let's send some money to another account,reject
i want to initiate a transfer from one account to the other,reject
transfer money from one place to another,reject
move money from one account to another,reject
transfer between two accounts,reject
make a transfer between accounts,reject
send money to another account,reject
i need ten dollars sent from b of a to washington mutual,reject
transfer fifty dollars between my chase and bank of america account,reject
deposit ten bucks from my chase account to my ally account,reject
put a hundred dollars in my ally account from bluebird,reject
i want seventy bucks transferred from b of a to chase,reject
can i initiate a one-time transfer from my savings account to my money market account,reject
please set a 4 minute timer,reject
please set a timer for 6 minutes,reject
set a timer for 5 minutes,reject
i need a 7 minute timer,reject
i need to set the timer for two minutes,reject
can you set a timer for me for fifteen minutes starting now,reject
start the timer now and stop at thirty minutes,reject
i would like you to set the timer to go off in ten minutes,reject
please set a timer for 40 minutes,reject
wake me in an hour,reject
please set a timer for cookies,reject
i want a timer set,reject
remind me in (x) hours,reject
set timer for (x) minutes,reject
i gotta have a 10 minute timer,reject
please set a timer for me,reject
i need a 10 minute timer,reject
i wish to have a 10 minute timer,reject
i really need to set a timer,reject
set a new timer for ten seconds,reject
set a timer for me,reject
i want a 10 minute timer,reject
i gotta set a timer,reject
set a 10 minute timer,reject
set a brand new timer for eight seconds,reject
set a ten second timer,reject
i must set a timer,reject
set a timer for twelve seconds,reject
set a timer for fifteen seconds,reject
tell me when two minutes are up,reject
start a timer for two minutes,reject
set a timer for two minutes,reject
start counting down from two minutes,reject
can you set a timer for two minutes,reject
"""please set 5 minute timer",reject
can u please set the timer for 5 minutes,reject
set timer of 5 minutes,reject
"""can u set a timer for 5 minutes",reject
set a one hour timer,reject
please set a timer for 20 minutes,reject
set a five minute timer please,reject
set a timer for two hours,reject
can you set a two hour timer,reject
set the timer for me please,reject
you need to set the timer for me,reject
i need you to set timer for me,reject
please set the timer for me,reject
i would like a timer set,reject
can you set a timer,reject
i need you to set a time,reject
i need a timer set for 15 minutes,reject
start a countdown for 20 minutes,reject
set a timer for 15 minutes,reject
i'll need you to set a timer for 10 minutes,reject
let's get a timer set for 5 minutes,reject
set a timer for 35 minutes,reject
please start counting down from 10 minutes,reject
let's get a timer going for 10 minutes,reject
i need a timer for 20 seconds,reject
timer 5 minutes,reject
alert me in 20 minutes,reject
give me a 10 minute countdown,reject
let me know in 15 minutes please,reject
"i'm cooking an egg, timer for 3 mins",reject
10 minute timer,reject
start a timer for 10 minutes,reject
timer 10 minutes,reject
count down 10 minutes,reject
make up a timer for me,reject
create a timer for me,reject
can you set a timer for me,reject
i need to set a timer,reject
set up a timer,reject
could you start a timer for me,reject
lets set a timer for me,reject
please run a timer for me,reject
set a one minute timer,reject
set a five minute timer,reject
set a seven minute timer,reject
start a timer for me,reject
set a four minute timer,reject
set a six minute timer,reject
how do i set a timer,reject
i want a timer for 5 minutes,reject
timer for 5 minutes,reject
set a timer to go off in 5 minutes,reject
set timer for 5 minutes,reject
i want to set a timer,reject
make a timer for 5 minutes,reject
please set a timer for,reject
remind me that time is up in sixty minutes,reject
set an alarm for nine minutes from now,reject
tell me when ninety minutes have passed,reject
please set timer for 4 pm,reject
want 5 minute timer,reject
set 30 minute timer,reject
get a 3 minute timer,reject
"please, can you set the timer for me",reject
can you please the timer,reject
will you set the timer,reject
what is the meaning of realism,reject
what is regard mean,reject
what is the meaning of interorganizational,reject
what is it is all relative mean,reject
what is intercontinental mean,reject
what is the meaning of supercede,reject
what is let it be mean,reject
what is the definition of incomprehensible,reject
what is the meaning of stupendous,reject
what is the definition of intelligent,reject
what is good riddance mean,reject
what is break a leg mean,reject
what is the meaning of hyperactive,reject
what is the definition of valor,reject
what is stupedous meant,reject
find the meaning of qat,reject
what the heck is qat,reject
define qat for me,reject
read me a definition for qat,reject
look up qat please,reject
what might the meaning of altruism be,reject
exactly what does altruism mean,reject
what does altruism mean,reject
what is the definition of altruism,reject
what is the meaning of altruism,reject
affiliate's definition is what,reject
the definition of affiliate is,reject
what's the meaning of affiliate,reject
what's affiliate definition,reject
definition of affiliate is what,reject
whats the definition of poor,reject
"describe the meaning of ""dog",reject
"what does ""money"" mean",reject
tell me what the word die means,reject
what is the definition of succumb,reject
what is the meaning of telepathy,reject
what does tertiary mean,reject
tell me the definition of the word redemption,reject
what is the meaning of the word lux,reject
what is an ataraxy,reject
what does the word ataraxy mean,reject
what does ataraxy mean,reject
use the word ataraxy in a sentence,reject
define ataraxy,reject
what does discretionary mean,reject
define discretionary,reject
i want to know the definition of discretionary,reject
can you give the definition of deiscretionary,reject
let's hear the definition of iridium,reject
what's the definition of analogy,reject
can you tell me the definition of sucrose,reject
definition of anachronism,reject
what's the definition of patriarchy,reject
can you tell me the definition of yttrbium,reject
please share the definition of episcopalian,reject
what does saffron mean,reject
define sonogram,reject
define thoroughbred,reject
what's the meaning of a fortnight,reject
what is an anachronism,reject
what's the meaning of emulsify,reject
tell me what cyst means,reject
what is the definition of flange,reject
tell me what flange means,reject
define flange,reject
flange means what,reject
what is the meaning of flange,reject
"what does ""rescind"" mean",reject
"what is the meaning of word ""rescind",reject
"is ""rescind"" a word of positive connotation",reject
"where i can use word ""rescind",reject
read me the definition of ajar,reject
what does ajar mean,reject
can you show me the dictionary definition of ajar,reject
tell me what monstrosity means,reject
give me the definition of ajar,reject
what is the definition of didactic,reject
i need to know what adumbrate means can you look it up for me now,reject
i want to know what the word discomfit means,reject
find what the word diaphanous mean please,reject
do you know what calumny means  please look it up for me,reject
find out what the word abrogate means for me,reject
tell me what edict means,reject
what does the word abjure mean,reject
can you tell me what dirge means,reject
tell me what the word arboreal means,reject
whats the definition of transmute,reject
what is the meaning of the word slander,reject
what is meant by defense,reject
tell me what the word bounty means,reject
what does deceive mean,reject
define zesty,reject
look up zesty in dictionary,reject
definition of zesty,reject
what is the definition of zesty,reject
what does zesty mean,reject
tell me what alternative means,reject
what does alternative mean,reject
give me the meaning of alternative,reject
tell me the meaning of alternative,reject
does life have meaning,reject
is being alive the meaning of life,reject
what is the real meaning of life,reject
what is the answer to the meaning of life,reject
is there really an answer to the meaning of life,reject
does life have a meaning,reject
who can tell me if there's any meaning to life,reject
what makes life have any meaning,reject
why do you think we're here,reject
what's the answer to existence,reject
what's the point of sentience,reject
what's the purpose of existence,reject
what's the purpose of life,reject
what's the point of this dumpster fire known as life,reject
what is life's meaning,reject
is there a greater purpose in life,reject
what is our purpose in life,reject
how is life in existence,reject
what's lifes meaning,reject
what exactly is the meaning of life,reject
whats lifes meaning exactly,reject
what's the meaning of this life,reject
what is the meaning of life here,reject
does my life have meaning,reject
i wish to know the meaning of life,reject
i wanna know the meaning of life,reject
i wanna know the point of life,reject
i need to know the point of life,reject
i must know the point of life,reject
tell the meaning of life,reject
i gotta know the meaning of life,reject
what is your take on the meaning of life,reject
tell me what is the purpose of life,reject
what meaning does life hold,reject
what do you think is the meaning of like,reject
how do i find the meaning of life,reject
what is the purpose of exsistance,reject
what is your version on the meaning of life,reject
what is your explanation for the meaning of life,reject
what is the purpose of creation,reject
can you figure out the meaning of life,reject
whats your take on the meaning of life,reject
can you explain the meaning of life to me,reject
what is life all about,reject
can you explain the meaning of life,reject
"what's the point of life, anyways",reject
the meaning of life please,reject
the meaning of life,reject
i'd like to me told the meaning of life,reject
do you know the meaning of life,reject
say what the meaning of life is,reject
can you tell me life's meaning,reject
what's the meaning of my life,reject
what is the underlying purpose to life,reject
what do you think about the meaning of life,reject
what is life’s meaning,reject
help me figure out the meaning of life,reject
"would you tell me the meaning of life, please",reject
"could you tell me the meaning of life, please",reject
can you tell me the meaning of life,reject
could you tell me the meaning of life,reject
"can you tell me the meaning of life, please",reject
what does life mean to you,reject
is there really a meaning of life,reject
is there any meaning to being alive,reject
what is the meaning of my life,reject
what is the point of life,reject
what's the point of everything,reject
is there a meaning to life,reject
why are we here in life,reject
can you share the meaning of life,reject
research the meaning of life,reject
can you tell me what you think the meaning of life is,reject
what is our purpose here on earth,reject
is love the meaning of life,reject
is there a reason people exist,reject
what is the secret or meaning to life,reject
what does life mean on a deeper level,reject
how would you put what life is all about,reject
how would you describe what life means,reject
what do people say life means or the meaning is,reject
life has what meaning or what's the secret to it,reject
where is there meaning in life,reject
what is the meaning of this life,reject
do you know what the meaning of life is,reject
what's life's meaning,reject
"does life have a meaning, according to you",reject
does this life have a meaning,reject
can you share with me your interpretation of the meaning of life,reject
what do you think is the meaning of life,reject
is there a meaning in life,reject
i wonder if you can explain the meaning of life,reject
"i always wonder about the meaning of life, can you tell me",reject
what's my meaning in life,reject
define the meaning of life,reject
meaning of life is,reject
what is your perception of the meaning of life,reject
whats the meaning of life,reject
what do you think the meaning of life is,reject
what is behind life's meaning,reject
how to create a new aaa insurance plan,reject
website to start aaa new insurance plan,reject
aaa insurance start new plan,reject
i want to start a new aaa insurance plan,reject
is new this a good insurance plan for me,reject
what do i do to get new insurance,reject
new insurance is obtainable how,reject
how is new insurance gotten,reject
what do i do for new insurance,reject
"how do i get new insurance, please",reject
how can i obtain new insurance,reject
"how can i obtain new insurance, please",reject
"how can i get new insurance, please",reject
how do i make my insurance policy different,reject
how do i change my insurance policy,reject
how do i modify my insurance policy,reject
how do i alter my insurance policy,reject
how do i get different terms on my insurance policy,reject
help me change my insurance plan,reject
i would like a new insurance plan,reject
connect me with some new insurance,reject
i need a newer insurance plan,reject
my insurance plan needs to be changed,reject
what rental insurance policy do you recommend,reject
help me find a new auto insurance policy,reject
find the best life insurance for me,reject
i need new home owners insurance,reject
i need new health care coverage,reject
how do i change my current insurance to a new plan with lower co-pay,reject
what steps do i need to take to switch my insurance plan from an hmo to a high deductible ppo plan,reject
i need to change my insurance to a plan with a lower deductible,reject
how do i go about changing my insurance to a new low monthly premium plan,reject
i would like to change my insurance from a ppo to an hmo plan,reject
help me figure out getting new insurance,reject
i would like to get a new insurance plan,reject
i want help adjusting my insurance policy,reject
i am hoping to switch insurance plans,reject
i need help acquiring new insurance,reject
walk me through the process of getting new insurance,reject
i am interested in acquiring new insurance,reject
how can i acquire new insurance,reject
what must i do if i want to adjust my insurance policy,reject
what is the protocol for modifying my insurance policy,reject
i dont like my current insurance plan and want a new one,reject
walk me through making changes to my insurance policy,reject
i need new insurance but dont know how to get it,reject
i am thinking of switching to a different insurance plan,reject
help me modify my insurance policy,reject
could you help me out with a new renters' insurance plan,reject
i'd like a new life insurance plan,reject
can you help me with a new car insurance plan,reject
i need to get a new motorcycle insurance plan,reject
can i get a new pet insurance plan,reject
where do i go to get new insurance,reject
"i need new insurance, how do i get it",reject
how do i apply for new insurance,reject
i would like you to help me get on another united healthcare insurance plan,reject
can you help me get on a new united healthcare insurance plan,reject
i want to find a new united healthcare plan to get on,reject
i'd like to get on a new united healthcare plan,reject
i need to get on a new united healthcare insurance plan,reject
help make changes to my insurance policy,reject
i must switch to a new insurance plan,reject
i need help to make changes to my insurance policy,reject
i gotta switch to a new insurance plan,reject
help me make changes to my insurance policy,reject
i need to switch to a new insurance plan,reject
i really need to switch to a new insurance plan,reject
i would like to make changes to my insurance policy,reject
i need to make changes to my insurance policy,reject
i shall switch to a new insurance plan,reject
how do i update my insurance,reject
how can i get new insurance,reject
how can i find out about new insurance,reject
i need to find new insurance,reject
"i need to get new insurance, how do i do it",reject
can you switch me to a new insurance plan,reject
i would like to switch to a different insurance plan,reject
help me switch to a new insurance plan,reject
switch my insurance plan to a new one,reject
what are my options for new insurance plans,reject
i want to shop for new insurance plans,reject
i would like to switch my insurance plan,reject
help me find new insurance providers,reject
i would like to compare insurance plan options,reject
i need a new house insurance plan,reject
i want to get a new car insurance plan,reject
i need new health insurance,reject
i want a new policy with long-term care insurance,reject
i want a new motorcycle insurance plan,reject
how do i adjust my insurance policy,reject
my insurance policy needs to be adjusted,reject
i am in need of a switch to my insurance plan,reject
walk me through on how to change my insurance,reject
i wish to request a change in insurance plans,reject
i would like to alter my insurance plan,reject
i need to know how to change my insurance,reject
i want to switch my insurance coverage,reject
help me change my insurance,reject
how do i replace my insurance,reject
i need help finding my mobile phone,reject
help me figure out where my cell phone is,reject
give me a hand finding my mobile device,reject
i can't find my cell and need help locating it,reject
can you help me find my cell,reject
"help, i cannot find my phone",reject
i can't seem to find my phone,reject
are you able to track a phone,reject
my phone cannot be found,reject
i have misplaced my phone,reject
i don't know where i left my phone,reject
i left my phone somewhere,reject
i am looking for my phone,reject
i need you to find my phone,reject
please locate my phone,reject
can you help me find my lost phone,reject
i need help figuring out where my phone is,reject
please help me figure out where my lost phone is,reject
"please help me find my phone, because i lost it",reject
"i lost my phone, can you help me find it",reject
who has seen my cellphone,reject
have you seen my cellphone,reject
can you find my cellphone,reject
find my cellphone,reject
please help me find my phone,reject
where my phone,reject
where was the last place i had my phone,reject
can you find my iphone,reject
i can't find my phone,reject
"call my phone, i can't find it",reject
can you find my lost phone,reject
do you know where my phone is,reject
can you help me find my cellphone,reject
can you call my cellphone,reject
my phone is lost - can you help me find it,reject
where is my phone,reject
ai can you help me find my phone,reject
"ai, i lost my phone, help me find it please",reject
"ai, please help me find my phone",reject
ai locate my phone,reject
ai find my phone,reject
how can i find my phone,reject
"my phone is lost, can you help with that",reject
i need to locate my phone,reject
find out where my phone is,reject
help me find my phone,reject
locate my phone please,reject
what is the location of my phone,reject
my phone is currently lost,reject
i don't remember where my phone is,reject
locate my phone for me,reject
the location of my phone is unknown to me,reject
find my phone,reject
i need to find my phone,reject
please aid in my searching for my lost phone,reject
please help me locate my phone,reject
where did i last place my phone,reject
can you assist me in locating my phone,reject
is my phone in the house,reject
i lost my phone and need help retrieving it,reject
help me search for my phone,reject
misplaced my phone,reject
can you help locate my phone,reject
"i need my phone, but can't find it",reject
i lost my phone and need assistance,reject
i don't know where my phone is,reject
i can't find my phone do you know where it is,reject
please tell me where my phone is,reject
can you help me find my phone,reject
do you know where my phone is located now,reject
can you track the location of my phone,reject
where can i find my phone,reject
can you locate my phone,reject
do you know where i left my phone,reject
where is my phone now,reject
"alexa, tell me the location of my phone",reject
"siri, where is my iphone",reject
"siri, tell me where my iphone is",reject
"siri, find my iphone",reject
help me locate my phone,reject
you need to help me find my cellphone,reject
help me find my cellphone,reject
please help me find my cellphone,reject
where did i put my phone,reject
tell me where my phone is,reject
please find my phone,reject
locate my phone,reject
i would like some help finding my phone,reject
i need to know where my phone is,reject
i seemed to misplaced my phone,reject
i lost my phone,reject
i need some help finding my phone,reject
can you locate my phone for me,reject
i don't know where i put my phone,reject
help find my phone,reject
i would like to know where my phone is,reject
i'd like help finding my fon,reject
i can't locate my phone,reject
can you tell me where i left my phone,reject
can you please locate my phone,reject
does ireland have any travel alerts i should be aware of,reject
does north korea have any travel alerts i should be aware of,reject
are there any travel alerts for russia,reject
does spain have any travel alerts i should be aware of,reject
are there any travel alerts for north korea,reject
does macedonia have any travel alerts i should be aware of,reject
are there any travel alerts for syria,reject
are there any travel alerts for ukraine,reject
does myanmar have any travel alerts i should be aware of,reject
are there any travel alerts for china,reject
is there a travel alert for russia,reject
is there a travel alert for scotland,reject
does russia have any travel alerts i should be aware of,reject
is it safe to travel to iceland,reject
is it safe to travel to russia,reject
does italy have any travel alerts i should be aware of,reject
does germany have any travel alerts i should be aware of,reject
is there a travel alert for north korea,reject
does china have any travel alerts i should be aware of,reject
is there a travel alert for canada,reject
is it safe to travel to norway,reject
is it safe to travel to bermuda,reject
is it safe to travel to argentina,reject
does finland have any travel alerts i should be aware of,reject
is there a travel alert for spain,reject
have there been any travel alerts issued for france,reject
tell me about any travel alerts issued for germany,reject
are there any travel warnings for london,reject
should i know about any travel alerts before traveling in the usa,reject
are there any new travel warnings for the us,reject
any travel advisories for portugal,reject
can you tell me if germany issued any travel warnings,reject
does france have any current travel alerts,reject
does spain expect any travel alerts,reject
i am going to australia and want to be notified of any travel alerts,reject
"i am going to be traveling in turkey, are there any alerts",reject
are there any alerts for traveling in belize,reject
what alerts are listed for traveling to paris,reject
i need to know about travel alerts for mexico,reject
what travel alerts are there in china,reject
are there any alerts for travelling to beirut,reject
argentina travel alert yes or no,reject
does argentina have a travel alert,reject
is there a travel alert in argentina,reject
list of countries with travel alerts,reject
can traveling to nepal be safe (what's safe in x),reject
will i be safe while traveling to lyon (will you be safe),reject
how safe is it to travel to mongolia (how safe is mongolia),reject
is it safe to travel to rio de janeiro (is rio de janeiro safe),reject
is traveling to dublin safe (will dublin be safe),reject
is new caledonia safer than other countries,reject
is las vegas a safe place to visit,reject
if i go to baltimore will i be safe,reject
"can you give me the travel alerts for jalisco, mexico",reject
what are the latest travel alerts for dubai,reject
"are there any travel alerts i should know about for buenos aires, argentina",reject
i need any relevant travel alerts for australia,reject
are there travel notifications for columbia,reject
where in the world is there a travel alert,reject
what are today's travel advisories,reject
can you list the places that there are travel alerts for,reject
where are there current travel alerts,reject
is there a travel alert for [country],reject
if i got to indonesia is it safe,reject
i am thinking of going to brazil and was wondering if that is hazardous,reject
would it be safe to go to columbia,reject
is mexico a safe place,reject
what potential hazards are there for going to spain,reject
does a travel alert exist for that country,reject
inform me if there's a travel alert for the country,reject
does the country have a travel alert,reject
i'd like to see if there's a travel alert for the country,reject
can you tell me if there's a travel alert for that country,reject
any travel alerts for south korea,reject
are there travel alerts for europe,reject
what are the currect travel alerts in africa,reject
can i safely travel to brazil,reject
does japan have any travel alerts i should be aware of,reject
is there travel alerts for greece,reject
how safe is it to travel to germany,reject
is it safe to travel to china,reject
is it safe to fly to russia,reject
does france have any travel alerts i should be aware of,reject
look for travel alerts for china,reject
does south korea have any travel alerts i should be aware of,reject
is it dangerous to travel to mexico,reject
any travel alerts for canada,reject
any travel alerts for that country i should know about,reject
are there any travel alerts in that region,reject
i need to know the travel alerts for kenya,reject
any alerts for travelers to canada,reject
should i be worried about any travel alerts for that country,reject
look up travel alerts for canada,reject
is there a travel alert for that country,reject
find if there are any travel alerts for canada,reject
search for any travel alerts for canada,reject
does kenya have any travel alerts right now,reject
check travel alerts for kenya,reject
do i need to read any travel alerts for kenya,reject
search for travel alerts for kenya,reject
how do i put in a pto request for the first to the ninth,reject
am i allowed to put in a pto request for now to april,reject
is there a time i can put in a pto request for dec 2 to new years,reject
when can i put a pto request in for feb 22 to march 1,reject
i need a pto request on march 1 to 2,reject
on march 1-2 i want a pto request made for me,reject
schedule a pto request for me on march 1-2,reject
for march 1 to 2 make a pto request for me,reject
i want to schedule a pto request on march 1-2,reject
"between october 7th and october 10th, i'd like for there to be a pto request for me",reject
i need a pto request for the dates jan 15th to jan 20th,reject
let's do a personal pto request for the dates may 12th to may 15th,reject
can you set up a pto request for me for march 20th to april 12th,reject
i'd like for their to be a pto request for me made for the dates june 4th to june 8th,reject
i'd like to go on vacation,reject
create a pto request for march 21st to march 26th,reject
i need to put in a pto request from the 8th to the 17th of january,reject
can you put in a pto request for the 5th of june to june 8th,reject
"from december 22nd to the 25th, make me a pto request",reject
i need a pto request put in for the weekend of june 1st to june 2nd,reject
how do i schedule vacation days,reject
put in a pto request for march 4 to march 6,reject
i need to put in a pto request for march 4 to march 6,reject
how do i use my vacation days,reject
how do i put in for vacation,reject
how can i schedule a vacation request,reject
can you put in a pto request for march 4 to march 6 for me,reject
put in for time off march 4 to march 6,reject
where do i make a vacation request,reject
can i take pto form march 4 to march 6,reject
may i take a pto on february 7 and 8,reject
please tell me how to submit a vacation request,reject
"can i take a pto for two days, starting on february 7",reject
i would like to know how to make a vacation request,reject
please tell me how to go about asking for a vacation,reject
can you tell me how to make a vacation request,reject
i would like to request a pto on february 7 and 8,reject
i would like to take a paid time off for february 7 and 8,reject
would you be able to tell me how to make a vacation request,reject
"is it possible for me to take a pto for two days, starting february 7",reject
i want to put in a request for pto from may 5 to may 12,reject
i want you to make me a pto request for me for april twenty through may two,reject
i want to request pto from november 7 to 11,reject
how can i request a vacation from work,reject
how do i request vacation time,reject
what do i need to do to request vacation time off,reject
can you put in a pto request for me for july second and third,reject
what do i need to do if i want to ask for vacation time,reject
put in a pto request for me i want it for the ninth and the tenth of august,reject
how do i ask to have a vacation,reject
can you schedule a vacation for next week,reject
i'd like to make a vacation request,reject
what do i do to request a vacation,reject
how can i make a vacation request,reject
how do i book a vacation,reject
what is the process for requesting a vacation,reject
"i want to schedule a vacation, can i request that through you",reject
can i put in a vacation request with you,reject
"i need to set up a vacation request, what do i need to give you",reject
"i need to take some time off, can i have the next week off",reject
what do i need to make a vacation request with you,reject
i need a pto request for march 3rd and 4th,reject
would it be possible to make a pto request for january 15th and 16th,reject
please put in a pto request for june 5th and 6th,reject
set a pto request for april 1st and 2nd,reject
i would like to make a pto request for july 17th and 18th,reject
submit a request for pto for the dates may 5th to the 12th,reject
please place a pto request for february 18th to the february 25th,reject
i would like you put in a pto request for the dates july 4th to the 8th,reject
i need to submit a request for pto for june 12th to june 14th,reject
can you put in a pto request for march 7th to the 9th,reject
i'd like to take a vacation day from 2/24 to 2/25,reject
i'd like to schedule some pto from 2/22 to 2/25,reject
make a pto request from april 2 to april 4,reject
request pto from march 8th until march 11th,reject
please request pto for me from march 3rd to march 7th,reject
could you submit a pto request for me from dates oct thirty to nov second,reject
"could you submit a pto request for me from dates mar 3 to 9, please",reject
"could you submit a pto request for me for dates april 21 to 30, please",reject
"can you submit a pto request for me from dates nov 2 to 10, please",reject
could you submit a pto request for me for dates june 11 to 14,reject
please make a pto request for me from dates jan 21 to begininning of february,reject
please make a pto request for dates tomorrow to the twentieth,reject
please make a pto request from dates september 1 to 15,reject
make a pto request for dates november 11 to black friday,reject
make a pto request from dates may 3 to 9,reject
i want to put in a pto request for march 1-8,reject
how can i go about requesting a vacation,reject
can you put in a pto request for me from march 1-7,reject
please assist me by making a pto request for march 11-18,reject
would i be able to put in a pto request for march 21-26,reject
create for me a pto request for march 16-21,reject
what steps should i take if i want to request vacation,reject
tell me how to request vacation,reject
i'm intereted in requesting pto from april 1-5,reject
i need help making a pto request for march 3-10,reject
am i able to place a pto request for february 20-25,reject
can i request pto from march 9-16,reject
what is the protocol for requesting a vacation,reject
i want help making a pto request for february 22-27,reject
what steps should i take to improve my credit score,reject
give me a recommendation to improve my credit score,reject
what can i do to raise my credit score,reject
steps to raise my credit score,reject
is there a quick way to improve my credit score,reject
what are ways to improve my credit,reject
how to keep my credit score from going down,reject
what are some ways to increase my credit,reject
what can i do to keep my score from dropping,reject
how do i build my credit score,reject
how can i build my credit,reject
what are ways to improve my credit score,reject
"i want to keep my credit score from going down, how do i do that",reject
what can i do to improve my credit score,reject
how can i keep my credit score from going down,reject
how can i improve my credit score,reject
how do i keep my credit score from dropping,reject
how to improve my credit score,reject
what are some way s i can do to improe my credit score,reject
how to keep my credit up,reject
how to keep my credit from dropping,reject
"i want to keep my credit from going down, how do i do this",reject
my credit is going down what should i do,reject
how do i maintain my credit score,reject
how can i build credit,reject
how do i keep good credit,reject
what are ways to build credit,reject
how to build up my credit score,reject
what can i do to keep my credit in good standing,reject
how do i keep my credit from lowering,reject
give me some ways to build my credit score,reject
what can i do to maintain good credit,reject
can you tell me some tricks and tips i can use to see an increase in my credit score,reject
are there ways for me to make my credit score better,reject
i need a list of different methods for building my credit score,reject
what are some of the ways that i can see an improvement in my credit score,reject
what methods can i use to improve my credit score,reject
what are some tips to build my credit score,reject
help me build my credit score by showing me some ways on how to,reject
show me some ways to build my credit score,reject
what are the best ways to build my credit score,reject
what are some steps to building my credit score,reject
will doing this hurt my credit score,reject
tell me all the ways my credit score can get hurt,reject
i'm not sure if this will hurt my credit score,reject
i want to find out if this will hurt my credit,reject
tell me if the following thing can hurt my credit score,reject
i want to know if opening a new account will decrease my credit score,reject
"i heard that opening a new account will decrease my credit score, is it true",reject
is it true that opening a new account can decrease your credit score,reject
please confirm that opening a new account can decrease your credit score,reject
tell me if opening a new account will decrease my credit score,reject
what are some mistakes to avoid so that my credit score stays high,reject
how can i protect my credit rating,reject
tell me some things i can do to secure my credit rating,reject
what are some ways to keep my credit score up,reject
give me tips on maintaining good credit,reject
what factors can ruin a credit score,reject
pull up ways to lower credit score,reject
is it possible to lower my credit score by doing this,reject
what can harm my credit score,reject
are there any new harmful things that could affect my credit score,reject
how can i make my credit score better,reject
what steps can i take to make sure my credit score doesn't go down,reject
how can i ensure my credit score doesn't drop,reject
i'd like to improve my credit score,reject
what do i do to stop my credit score from going lower,reject
how do i make my credit score better,reject
how can i go about improving my credit score,reject
i'd like to make my credit score better,reject
i'd like to find ways to improve my credit score,reject
how do i prevent my credit score from lowering,reject
how can i stop my credit score from dropping,reject
tell me how to improve my credit score,reject
ways to build credit,reject
tell me ways to improve my credit score,reject
how can i hurt my credit score,reject
does carrying a balance hurt my credit score,reject
would being late hurt my credit,reject
does medical debt hurt my credit score,reject
would late payments hurt my credit,reject
can i hurt my credit score,reject
how is the credit score hurt,reject
so how can i hurt my credit score,reject
will checking your credit lower my score,reject
is it true a hard pull hurts my credit score,reject
what lowers you credit score,reject
can i harm my credit if i miss a car payment,reject
will a loan lower my credit score,reject
how do i make sure my credit doesn't fall,reject
what's the best way to build credit,reject
can i improve my credit score,reject
what lowers credit score,reject
how do i build credit,reject
how to improve a credit score,reject
how do i improve my credit score,reject
how to protect my credit score,reject
can i protect my credit score,reject
how to keep credit score high,reject
do you know if bouncing one check on your checking account can hurt your credit score or not,reject
lets hear an interesting fact about funko pops,reject
know any interesting facts,reject
what is one fun fact,reject
tell me a fact,reject
lets hear a fact,reject
any unique trivia about beats headphones,reject
tell me a fact i may not know,reject
what is one thing i might not know about nike shoes,reject
tell me something interesting about sperm whales,reject
i want to know a fun fact about pluto,reject
what's an interesting fact about flamingos,reject
tell me a random fact,reject
have any cool facts on reptiles,reject
i want to learn an interesting fact about cats,reject
read me some fun facts,reject
tell me a few facts about cats,reject
help me learn something intriguing about turtles,reject
read me some interesting information about cats,reject
what's an interesting tidbit about rivers,reject
can you tell me something i don't know about banks,reject
can you tell me a fun fact regarding cars,reject
do you know any fun facts about shampoo,reject
what's a fun fact about eggs,reject
what's a neat fact about twinkies,reject
i'd like to hear a fun fact about adult entertainment,reject
tell me something neat about slinkies,reject
tell me something fun about gravity,reject
say trivia about lebron james,reject
tell me a fun fact about mt everest,reject
give me some trivia about lebron james,reject
what are some trivia questions about lebron james,reject
repeat that fun fact about mt everest,reject
what is a fun fact about mt everest,reject
say a fun fact about mt everest,reject
do you know any fun facts about mt everest,reject
explain some trivia about lebron james,reject
communicate trivia about lebron james,reject
what are fun facts about lighthouses,reject
can you tell me fun facts about lighthouses,reject
tell me interesting facts about lighthouses,reject
tell me a fun trivia bit about artificial intelligence,reject
do you know any trivia about the ocean,reject
tell me something neat about the ocean floor,reject
i'd like to hear a fun fact about the nfl,reject
i want to hear an interesting fact about dinosaurs,reject
please tell me an interesting tidbit about the roman empire,reject
can you share some trivia with me about us history,reject
do you know any fun facts about the ocean,reject
i want to learn a neat fact about black holes,reject
can you give me a good piece of trivia about the rainforest,reject
tell me something interesting about outer space,reject
share with me a fun fact about outer space,reject
tell me a neat fact about the ocean,reject
tell me some interesting trivia about dinosaurs,reject
i want to hear a fun fact about american presidents,reject
give me an interesting fact about antarctica,reject
can you share something interesting about world war one,reject
i want to know some trivia about our solar system,reject
tell me a fun fact about the olympics,reject
tell me something cool about elephants,reject
name some awesome things about dogs,reject
list some neat stuff about rats,reject
what's a good trivia fact about china,reject
give me a fun fact about otters,reject
do you know any fun facts about australian football,reject
tell me some trivia about birds,reject
do you know any trivia about ostriches,reject
what's a good fun fact about great britain,reject
give me trivia about bats,reject
fun facts about tigers,reject
tell me something interesting about los angeles,reject
what's a fun fact about mythology,reject
what's a fun fact relating to elephants,reject
what's a cool and interesting thing about dogs,reject
i'd like to hear some trivia about florida,reject
tell me a fun fact about butterflies,reject
please give me a really impressive piece of trivia about bubble gum,reject
what is the most fun fact you know about the film industry,reject
please tell me trivia about hamburgers,reject
what is the most unique piece of trivia relating to cameras,reject
what's a fun fact about elephants,reject
tell me some amazing trivia about radios,reject
tell me a fun fact about computer,reject
please tell me a really fun fact about facebook,reject
can you tell me the most interesting fact about resistors,reject
what is an amazing trivia fact relating to 3d printing,reject
tell me a fun fact about tigers,reject
can you tell me a fun fact about elephants,reject
what is a fun fact about dogs,reject
what would be a fun fact about cats,reject
tell me all about the trivia with friends,reject
i need to know trivia on star wars,reject
lets fin out some fun facts about humans,reject
i want to know all about trivia for the office,reject
explain to me the trivia on twilight,reject
lets go threw some trivia on sports,reject
"trivia about something,tell me some",reject
tell me about something some trivia,reject
tell me some something trivia,reject
"about something,tell me some trivia",reject
adjust your language setting to english,reject
change and set your language setting to english,reject
set your language setting to english,reject
make your preferred language english,reject
"i would like to have language set to spanish, please",reject
please give me your responses only in french from now on,reject
can we speak in english rather than zulu,reject
i would like to change your language from portuguese to italian,reject
change the response language to french please,reject
what languages can i switch to for your responses,reject
can you give me the answers in italian instead of english,reject
i want us to speak to each other in spanish from now on,reject
"switch the language for your responses, please",reject
let's speak in mandarin instead of english,reject
how can we start communicating in french rather than english,reject
please change the language that you are responding in,reject
how do i change the language that your responses are delivered in,reject
i need to switch the language for your responses,reject
i need to change language to spanish,reject
fix my language to spanish,reject
speak in the language english,reject
i need to change my speaking to spanish,reject
i want to switch speaking to french,reject
replace my language to chinese,reject
can you change your language to japanese,reject
change your language to spanish please,reject
can you translate that to french,reject
please respond to me in spanish,reject
can you speak to me using japanese,reject
i would appreciate it if you could talk to me in french,reject
do you know french,reject
can we talk in french,reject
can you talk to me in italian,reject
can you speak to me in french,reject
can you speak to me in chinese,reject
talk to me in italian from now on,reject
can i start talking to you in french,reject
can you talk to me in french,reject
can you talk in spanish,reject
can i start talking to you in spanish,reject
please talk to me in spanish,reject
"can you understand me, if i start talking in italian",reject
is it ok if i start speaking to you in german,reject
can i give you instructions in japanese,reject
talk to me in spanish from now on,reject
can you talk to me in chinese,reject
i am going to switch to greek,reject
i want to use spanish as my language,reject
i will be speaking chinese going forward,reject
the language i am using will now be italian,reject
i am changing over to italian now,reject
is there an option to speak only in mandarin,reject
let's go ahead and switch your language,reject
i want to edit the language,reject
is it possible to only talk in spanish,reject
let me talk to you in greek,reject
change the native language,reject
can i speak to you in german,reject
is there an option to change the language,reject
i need to change the language to french,reject
how can i adjust the spoken language,reject
answer me in french,reject
please respond in latin from now on,reject
talk to me in italian,reject
let’s chat using spanish,reject
i need the language set to swahili,reject
change the language you're using to american english,reject
switch the language setting over to german,reject
"change language to french, please",reject
can you swap the language to afrikaans for me,reject
i want you to address me in italian,reject
i want you to speak in french,reject
start talking in spanish,reject
can you speak in french,reject
i want to hear from you in german,reject
change your language setting to german,reject
alter your language to french,reject
change your language prefrences japanese,reject
change your language setting to chinese,reject
alter your language choice to dutch,reject
change your language,reject
can i change your language,reject
select a new language,reject
i want to put you in a different language,reject
let's change the language for you,reject
set default language to english,reject
you should respond in english,reject
please respond in english,reject
change your spoken language to english,reject
change language setting to english,reject
switch your language setting to english,reject
i want your language changed to chinese,reject
can you start talking to me in spanish from here on out,reject
please speak to me in chinese,reject
please make your language setting french,reject
please speak german to me from now on,reject
i need your language setting to be russian now,reject
please change your language setting to spanish,reject
i want your responses to be in french,reject
"from now on, i want you to answer me using japanese",reject
on what date do i get paid,reject
what day do i get my paycheck,reject
i need to know when to expect my next paycheck,reject
tell me when my next paycheck will arrive,reject
what date do i get my next paycheck,reject
when will i be getting my next paycheck,reject
when's the the last time i was paid,reject
what date did i receive my last paycheck,reject
when was my last payday,reject
when was my last paycheck,reject
when's the last time i got a paycheck,reject
i need to know when i was paid last,reject
tell me when i last got paid,reject
tell me when i received my last paycheck,reject
i want to know when i was last paid,reject
when did i get my last paycheck,reject
please give me the expected arrival date for my next paycheck,reject
tell me when i received my most recent paycheck,reject
do you know when i can expect my next paycheck,reject
i need to know when i got latest paycheck,reject
tell me when my next paycheck is set to arrive,reject
can you confirm the date my last paycheck was received,reject
can you tell me what day my next paycheck will come,reject
what is the date of my last paycheck,reject
i need to know the date my next paycheck will be here,reject
please find the receipt date for my last paycheck,reject
when does my paycheck arrive,reject
i want to know when to expect my next paycheck,reject
will i get my paycheck soon,reject
what date will my next paycheck be here,reject
is my paycheck arriving soon,reject
what day will my paycheck come,reject
did i receive my paycheck this week,reject
when will my next paycheck be,reject
when am i paid,reject
when is my pay period,reject
how much longer until i have a direct deposit,reject
how many days until my next payday,reject
when will my paycheck be available,reject
my next paycheck is available when,reject
when will i recieve my next paycheck,reject
let me know when i'm going to be paid,reject
can you tell me when i'm supposed to get paid,reject
tell me when i get paid,reject
how much longer until the next payday,reject
when will i recieve another paycheck,reject
what date is another paycheck due,reject
when do i get paid again,reject
when should another paycheck arrive,reject
when is my next paycheck due,reject
when will i be paid again,reject
which date is my next paycheck due,reject
what is my next payday,reject
find my next payday,reject
next payday please,reject
my next payday,reject
what is the date i get paid,reject
day that i get paid,reject
what is my pay date,reject
next payday,reject
what day do i get paid,reject
what day is my next payday,reject
when is the next day i get paid,reject
when will i get paid next,reject
when's my next paycheck,reject
how long is it until payday,reject
when should i expect my next paycheck,reject
when is the next time i get paid,reject
what day will i get paid,reject
when is my next direct deposit from my job,reject
when is payday,reject
when is my paycheck coming,reject
when was the last date that i got a paycheck,reject
when was i last paid,reject
when was the last date that i got paid,reject
when was the date that i was last paid,reject
when was the last date that i was paid,reject
when am i due for my next paycheck,reject
what time is my next paycheck coming,reject
when will my next paycheck come,reject
when will i get my next paycheck,reject
when is my next paycheck,reject
tell me my next paycheck,reject
when did i get paid the last time,reject
tell me when my next paycheck will be here,reject
when was the last time i got paid,reject
i wanna know when i was paid last,reject
when was my last payment,reject
when was i paid last,reject
i wanna know my next paycheck,reject
tell me on what day did i get paid last,reject
remind me of the date of my last paycheck,reject
on what date did i get paid last,reject
when did they deposit my last salary,reject
when was i paid the last time,reject
when's payday,reject
when's my next payday,reject
when do i get paid,reject
what day do i get paid next,reject
when do i get my next check,reject
tell me about today weather,reject
can my debit card be replaced quickly,reject
how long does visa take to get me a new card,reject
is my card made immedietly after reporting stolen,reject
can i replace a stolen card soon,reject
how long to replace a credit card,reject
how soon until you send me replacement card,reject
when will you mail me a replacement card,reject
how long until you send me a replacement card,reject
when will you send me a replacement card,reject
when can you send me a replacement card,reject
how long will delivery of a new card take,reject
when can i expect my replacement card,reject
how long can i expect to wait for a new card,reject
when do they mail me a replacement card,reject
when does the replacement card arrive,reject
"if my credit card was stolen, how long will it take to replace",reject
how long will i have to wait until they replace a stolen credit card,reject
how long does it take to replace a stolen credit card,reject
how long will a new card take to come in the mail,reject
what's the timeline on replacing a stolen credit card,reject
"do i get a replacement card mailed, and when",reject
what's the transit time on a new card,reject
will you notify me when my new card is on the way,reject
what is the quickest way to get a new card,reject
what is the turn around for a new card,reject
how long will it take to get a new card,reject
when can i expect my new card,reject
my new card will arrive when,reject
my new card arrives in the post when,reject
how long til my new card arrives by mail,reject
my new card will get here in the mail when,reject
"if i ordered a new card, how long til it comes",reject
when can i expect my new card to get here,reject
when will my new card come in the mail,reject
when will my new visa get here,reject
my card is coming by mail how long will that take,reject
how long will it take a new card to come in the mail,reject
what date will my card be here,reject
how many days do i have to wait for my card,reject
when will me new card arrive,reject
how long does it take to get a replacement card,reject
if i order a new card how long would it take,reject
if i need a new card mailed how long will it take,reject
how long will it be for me to get a new card,reject
how long will a new card take to reach me,reject
time to get replacement credit card for stolen one,reject
how long it takes to get a new replacement card,reject
mailing to me for a new card takes how long,reject
mailing a new card to me takes how long,reject
"for anew card to be mailed to me, how long does it take",reject
it takes how long to mail me a new card,reject
a new cards takes how long to mail to me,reject
average time to receive new card,reject
how long to get a new credit card,reject
how many days before my credit card arrives,reject
will my credit card be mailed soon,reject
when will i get my new credit card,reject
my credit card was stolen; how long before a new one will arrive,reject
my credit card has been stolen and i want to know how long it will be before i can get a new one,reject
how long will it take for me to get a new credit card to replace the one that was stolen,reject
my credit card got stolen and i need to know how long it will be before a new on arrives,reject
how many days will it take to get a new credit card to replace the one stolen from me,reject
what's the expected time to have a stolen credit card replaced,reject
how long does it take to replace a lost card,reject
how long should i expect to wait for my new card in the mail,reject
how long should i wait to get my new card when my old one was stolen,reject
what's the typical lag time in receiving a new credit card when your previous one was lost,reject
what's the usual time to get a new card when your previous one was lost,reject
how long will it take before the postal service delivers my new card,reject
what's the typical time it takes for a new card to arrive,reject
when will i get a replacement card for a lost one,reject
what's the eta for a new card to come in the mail,reject
my last card was stolen and i want to know how long until i get my new one,reject
how many days till i get a new card to replace the stolen one,reject
what's the average time it takes for a new card to arrive,reject
how long until the credit card company replaces my lost card,reject
how long does it take to get a replacement credit card when your last one was stolen,reject
how soon will i be sent a new card,reject
how many days does it take to receive a new card,reject
how long does it take you to mail me a new card,reject
how soon will you mail me a new card,reject
what is the earliest date i can get my new card,reject
whats the wait time for a replacement card,reject
how long until i get a replacement card,reject
how long before i can get a replacement card,reject
when will a replacement card get here,reject
how long is the shipping for my replacement card,reject
what date will my replacement card arrive on,reject
is my replacement card coming soon,reject
when will my card replacement arrive,reject
when will my card come,reject
when should i expect my replacement card,reject
when will my replacement card get mailed,reject
do you know when my card will come in,reject
do when you when my replacement card will get mailed,reject
what date will my replacement card get mailed,reject
what would be the estimated time from to get a new card mailed to me,reject
what is the time frame to get a new card mailed to me,reject
how long until i can expect my new card to get mailed to me,reject
"what time is it in punta gorda, florida",reject
"what time is it in glenwood springs, co",reject
"what time is it in fredericksburg, tx",reject
"what time is it in las vegas, nv",reject
"what time is it in houston, tx",reject
i need to know the current time in the central timezone,reject
would you tell me the current time in the eastern timezone,reject
let me know the current time in the central timezone,reject
tell me what time it is in the central timezone,reject
i am needing to know the current time in the eastern timezone,reject
what is the time right now in the hst timezone,reject
can you tell me the current time,reject
what is the current time in cst,reject
i need to know what time it is in florida,reject
what is the time right now,reject
"in the mst time zone, what time is it right now",reject
tell me what time it is right now,reject
can you tell me the current time in the pacific timezone,reject
look up the time in california,reject
what is the current est time,reject
can you tell me what time it is please,reject
what time is it getting to be,reject
what time do you have on your watch,reject
what time would it be in rome right now,reject
what's the time in london,reject
what's the time set to in florida right now,reject
what time is it currently in istanbul,reject
what time is it right now in paris,reject
what's the time right now,reject
"current time, please",reject
would you mind telling me the time,reject
can you give me the time,reject
please let me know what time it is,reject
what is the exact time right now in the hawaii time zone,reject
what is the time,reject
what is the time right now in the peruvian time zone,reject
what is the exact time,reject
what time is it exactly in the new zealand time zone,reject
what is the exact time in the ist time zone,reject
what is the time in the utc timezone,reject
what time is it exactly,reject
what is the time now,reject
what time is it in russia,reject
what time is it,reject
"what is the time in sydney, australia",reject
what time is it in honolulu,reject
what's the current time in greenwhich,reject
what's the current time in est,reject
what time is it on the pacific coast right now,reject
"given my time, what time is it in mst",reject
have you the time,reject
when is it right now,reject
what hour and minute is it,reject
what time is it right now in cst,reject
what time is it in the eastern standard timezone,reject
what time is it in the pacific standard timezone,reject
what time is it in the alaska standard timezone,reject
what time is it in the central standard timezone,reject
what time is it in the mountain standard timezone,reject
now what is the time,reject
at the moment what is the time,reject
i want to know the time,reject
what time is it now,reject
do you know the current time in southern california,reject
what is the current time in china,reject
what is the current time in mexico city,reject
what is the current time in new york,reject
what is the current time in istanbul,reject
what time is it in buenos aires,reject
what time is it in north korea,reject
what does it say on the clock,reject
"in tokyo, what's the time",reject
"in tokyo, what time is it",reject
what's the time in tokyo,reject
time in tokyo,reject
what time is it in tokyo,reject
the time please,reject
i want to know what time it is,reject
can you tell me the time,reject
i would like to know the time,reject
i need to know the time,reject
the current time,reject
"in the eastern timezone, what time is it now",reject
"in the central timezone, what time is it",reject
what's the current time now cst,reject
"in pacific time, what's the current time",reject
what time is it now pacific time,reject
"what is the current time, please",reject
"what's the current time, please",reject
"what is the time, please",reject
how is the time,reject
please tell me the time,reject
what time is it in london,reject
what time is it in new york,reject
what time is it in paris,reject
what time is it in daniel boone national forest timezone,reject
what is the time in atlantic timezone,reject
what's the time in anchorage timezone,reject
"in bst timezone, what time is it",reject
do you have the time,reject
when will my application for my credit card be processed,reject
has the discover card approved my app,reject
do you know if my amex card app went through,reject
have they looked over my app for the new credit card yet,reject
has my application for the mastercard card gone through,reject
have my app for a new card been processed yet,reject
has the application i put in for a new visa been processed,reject
has there been any notice that my card app has been looked at,reject
has visa gotten back to me regarding my card app,reject
see if my form submission for an american express card has been seen,reject
do you know if anyone's even looked at the application i sent in for the new visa card,reject
has anyone looked at my mastercard application,reject
have i gotten confirmation for my credit card app,reject
can you check if my application for a discovery card has been looked over yet,reject
is there any indication my application for a new credit card has been processed,reject
"i put in a credit card application, so what is the status with it currently",reject
did my visa card app go through yet,reject
did my chase card application go through yet,reject
do you know the status of the credit card application i filed,reject
has the application for my visa been processed,reject
i filed a credit card application so what is going on with it,reject
did my american express card application go through yet,reject
what is the status of the application for a credit card i put in,reject
has the application for my american express been processed yet,reject
my credit card application has what status,reject
where can i go to see if my credit card application has been processed,reject
will i be notified when my application has been processed,reject
what is the status of my credit card application,reject
how will i know when my application for a credit card has been processed,reject
where can i find out the status of my credit card application,reject
"tell me if my application has been processed yet, i signed up for a credit card recently",reject
can you check and see if my credit card application has been approved or not,reject
has my application for a trust bank credit card been mailed out and if so was i approved or not,reject
could you check and see if my credit card application has been processed and approved or not,reject
i want to know if my application for a credit card at community bank has been approved or not,reject
can you find out if my application at smith bank was approved or not  i applied for s credit card a month ago,reject
can you tell me if my application for a credit card has been processed yet it was at chase bank,reject
was my application approved or not for a credit card at chase bank,reject
i want an update on my application for a credit card that i sent in a couple weeks ago,reject
i haven't heard if my application for a credit card has been accepted or not can you check on it for me,reject
please look into the latest status of my credit card application,reject
can you update me on the status of my american express card application,reject
"can you find out the latest on my credit card application, i haven't heard an update in some time",reject
find out for me if my amex card application was received,reject
can you check the status of my credit card application,reject
how can i track the progress of my credit card application,reject
"has my credit card application been received, or what is its current status",reject
i need to know what the latest is with my application for a visa credit card,reject
please check the status of my mastercard application,reject
do you know what the latest is with my credit card application,reject
i would like an update on the progress of my credit card application,reject
update me on the status of my credit card application,reject
please get me an update on the status of my credit card application,reject
has there been any changes in the status of my credit card application,reject
please find out the current status of my credit card application,reject
i want to be updated on the most recent status of my credit card application,reject
tell me the present status of the credit card application i submitted,reject
look into the status of the credit card application i submitted recently for my new card,reject
look to see if my application for the barclay's card has gone through yet,reject
i want to know if my credit card application has been processed yet,reject
i need to know if the application been processed,reject
tell me straight if it has been processed or not,reject
can you tell me when my credit card application will be processed,reject
how much longer until my credit card application is checked,reject
when will my credit card app be approved,reject
has my credit card application gone through,reject
check on my credit card application,reject
do i have any updates about my credit card application,reject
has my credit card application been processed,reject
have i received any messages about my credit card application,reject
when can i hear the decision on my credit card application,reject
my credit card application status,reject
"i applied for the credit card, have you processed my application",reject
how long to process my credit card application,reject
how is my application on new credit card going,reject
what is the status of my new credit card application,reject
is my application processed for credit card,reject
help with credit card application status,reject
is my credit card application approved,reject
what is the status of my application for the credit card,reject
has my credit card application been processed yet,reject
what's the current status of the credit card i applied for,reject
in what status is my credit card application,reject
did the application i put in for a mastercard go through yet,reject
has my application for a new credit card been processed,reject
has my amex application gone through yet,reject
i applied for a visa card; did that go through,reject
what status is my card application in,reject
did they process the credit card i applied for,reject
i applied for a new credit card; did it process yet,reject
did discover get my card application yet,reject
tell me about my american express application; did it go through,reject
tell me a little more about the status of my credit card application,reject
tell me the status of my credit card application,reject
is the processing done on my new credit card,reject
i'm desperate to know about my cc processing,reject
have you heard anything back on my cc application,reject
is it likely my credit card application has processed yet,reject
has my credit card application been approved,reject
when will my cc application process,reject
what is the projected time frame for the flight to land,reject
is there any news on flight dl123,reject
what is the word on flight dl123,reject
when will we begin to board my scheduled flight,reject
whats the status of my frontier flight,reject
when will my flight take off,reject
what is the arrival time for my flight,reject
whats the status of my delta flight,reject
whats the update on flight dl123,reject
is there an update on flight dl123,reject
when will my flight land,reject
at what point should the flight land,reject
what time is my flight scheduled to leave,reject
when is my flight supposed to leave,reject
whats the status of my south west flight,reject
when should the flight land,reject
whats the latest on flight dl123,reject
whats the status of my united flight,reject
whats the status of my singapore flight,reject
give me the status of flight dl123,reject
tell me that status of flight dl123,reject
is flight dl123 coming in on time,reject
is flight dl123 on time,reject
what's the latest with my united flight,reject
update me on my delta flight please,reject
tell me what the status of my american airlines flight is,reject
look up when my flight is set to start boarding,reject
at what time will my flight land,reject
i need to know the status of my alaska air flight,reject
at what time will my flight begin boarding,reject
what time is my flight supposed to board,reject
tell me what time my flight ought to be landing,reject
tell me when my flight is scheduled to start boarding,reject
when is my plane scheduled to land,reject
when does boarding for my flight begin,reject
whats the most recent status for my virgin air flight,reject
can you check when my flight lands,reject
what time is my flight supposed to be landing,reject
can you tell me the status of my delta flight,reject
whats my delta flight's status,reject
is my delta flight on time,reject
when will my delta flight depart,reject
will my delta flight leave on time,reject
what is the eta of my flight,reject
when is my flight due to arrive,reject
what landing time is scheduled for my flight,reject
what time is my plane supposed to arrive,reject
what is the scheduled arrival time for my flight,reject
please tell me the status of my southwest flight,reject
i would appreciate it if you could tell me the status of my southwest flight,reject
what is the status of my frontier flight,reject
could you tell me the status of my frontier flight,reject
do you mind informing me the status of my southwest flight,reject
when will my aa flight be landing,reject
when's my flight boarding,reject
what's the latest info on flight dl123,reject
when will my panam flight be arriving,reject
when will my jetblue flight get here,reject
when will they let me board,reject
can you update me with the status of flight dl123,reject
what's the status of my united flight,reject
can you tell me where flight dl123 is,reject
at what point will this flight start letting people board,reject
how long until delta is at the gate,reject
when should i expect my flight to come in,reject
when can i start boarding my flight,reject
when's my flight getting here,reject
how long until my flight is here,reject
has flight dl123 arrived yet,reject
what time will i be allowed to board,reject
any idea where flight dl123 is right now,reject
what's my flight's eta,reject
what time does my flight get in,reject
when does my flight arrive,reject
let me know the status of flight dl123,reject
tell me the status of flight dl123,reject
i would love to know when my flight is going to land,reject
i wanna know the status of flight dl123,reject
tell me when my flight will land,reject
i gotta know when my flight will land,reject
please inform me when my flight scheduled to board,reject
i would like to know when my flight scheduled to board,reject
i need to know when my flight scheduled to board,reject
tell me when my flight scheduled to board,reject
please tell me when my flight will land,reject
i wanna know when my flight scheduled to board,reject
i need to know the status of flight dl123,reject
i wish to know when my flight will land,reject
what is the scheduled landing time for my flight,reject
what time will my flight be boarding,reject
what time is this flight supposed to land,reject
what time will i be able to board the plane,reject
when will i get to my destination,reject
can you tell me what time this flight is going to land,reject
please tell me what the boarding time is for my plane,reject
what time will my flight reach the destination,reject
can you tell me when my flight is going to board,reject
tell me when my flight is landing,reject
i need to know when my flight is landing,reject
so when is my flight landing,reject
please flip a coin and tell me what side it lands on,reject
will you flip a coin so i can make a choice,reject
flip a two sided coin and tell me what it lands on,reject
i need you to flip a coin so i can decide,reject
begin the coin flip now,reject
i want you to help me make a decision by flipping a coin,reject
"please flip a coin, and i call heads",reject
"flip a coin and let me know if it lands on heads or tails, please",reject
i want you to flip a fair sided coin,reject
are you able to flip a two sided coin,reject
i need you to flip a coin so i can make a choice,reject
"can you please flip a coin, i call tails",reject
"flip a coin, i call tails",reject
heads or tails i choose tails,reject
please tell me if a coin lands on tails,reject
please tell me if a coin flip lands on heads or tails,reject
flip a coin heads or tails,reject
please flip a coin i select tails,reject
will you flip a coin,reject
can you get a coin and flip it,reject
would you flip a coin,reject
will you get a coin and flip it,reject
"flip a coin for me, with you calling heads",reject
i'd like you to throw a virtual coin for me,reject
can i get a random heads or tails,reject
can you do a coin flip,reject
i want a coin flip and i'll take tails,reject
i call tails for a coin flip you need to do right now,reject
do a virtual coin flip and tell me if i win as tails,reject
randomly pick between heads or tails and tell me if tails wins,reject
toss a coin and tell me what it lands on,reject
choose heads or tails and tell me what you came up with,reject
flip a fair coin i win if it's tails,reject
flip a coin for me i call tails,reject
flip me a coin i'm calling tails,reject
take a coin and flip it and i call tails,reject
"hey, flip me a coin i call tails",reject
flip a coin one time,reject
flip that dime,reject
i need to do a fair coin flip,reject
flip that coin once; it must be tails,reject
flip a quarter,reject
do one coin flip; it will be tails,reject
flip a coin; i say tails,reject
how about a coin flip,reject
let's decide with a coin flip,reject
can you flip a coin once,reject
"if you flip a coin, i call tails",reject
let's settle it with a coin flip,reject
please flip a coin i hope its tails,reject
i need you to flip a coin once,reject
flip that coin please,reject
flip the coin,reject
"flip that coin please, i choose heads",reject
flip that coin now,reject
"i choose heads, now flip that coin",reject
"go ahead and flip that coin, i am choosing heads here",reject
flip it please,reject
"i am choosing heads, now please flip that coin",reject
go ahead and flip a coin,reject
"go ahead and flip that coin, i choose heads",reject
can you flip a coin and tell me the result,reject
i will determine it with a coin flip,reject
i want you to flip a coin,reject
flip a coin and tell me if its heads or tails,reject
flip a coin if you will,reject
can you do a coin flip for me,reject
i need to have a coin flipped,reject
i would like a coin flip,reject
i ned you to flip a coin,reject
i want a coin flipped,reject
flip a coin for me,reject
i want a coin flip,reject
i require a coin flip,reject
lets go with heads or tails,reject
lets flip for it,reject
toss a coin i will take heads,reject
"lets do a coin toss, i call tails",reject
"filp a coin, i call heads",reject
spin a coin,reject
lets do a coin toss,reject
toss a coin i will take tails,reject
do a coin flip,reject
do heads or tails,reject
coin flip,reject
heads or tails please,reject
"ai, heads or tails",reject
"ai, coin flip",reject
"ai, please flip a coin",reject
"ai, give me the results of a coin flip",reject
flip a coin for me ai,reject
"flip a coin, you win with heads",reject
"can you flip a coin, i will take tails",reject
"go ahead and flip a coin, i am calling tails",reject
"please flip a coin for me, tails i win",reject
"flip a coin, i have tails",reject
heads or tails,reject
perform a coin flip,reject
do a coin toss,reject
help me flip a coin,reject
please change the name you refer to me by,reject
how do i change the name you use to address me,reject
is there a way i can change the name you use to address me,reject
i need to change my name to something else for you to call me,reject
can i have you call me something else,reject
i go by brad,reject
usually people refer to me as brad,reject
i prefer to go by brad,reject
people call me brad,reject
my name is brad,reject
call me carrie,reject
my names carrie,reject
my friends call me carrie,reject
you can call me carrie,reject
call me dad,reject
you can call me stevie,reject
you can call me sarah,reject
you can call me james,reject
call me jake,reject
call me stevie,reject
you can call me john,reject
my name is steve,reject
my name is john,reject
please call me jim,reject
i go by the name jim,reject
feel free to call me jim,reject
you can just speak to me as jim,reject
my name is jim,reject
please start calling me mandy,reject
the name i go by is sandy,reject
i like to be called mikey,reject
please refer to me as sharon,reject
john is my name,reject
the name you should call me is janet,reject
people call me gary,reject
you can address me as lizzie,reject
i want to be called mollie,reject
you can call me cindy,reject
call me ishmael,reject
can you just start calling me sir,reject
i'm called tim,reject
my friends call me sam,reject
i'd like you to address me as lord snugglebottom,reject
i go by ted,reject
they call me john,reject
would you just like to call me paul,reject
please call me johnny,reject
just call me sam,reject
i want you to call me this new name,reject
talk to me by calling me this name from now on,reject
the new name that i want you to call me is this one,reject
please call me by this new name,reject
please change my name,reject
you can call me brandon,reject
you can call me jeff,reject
you can call me michael,reject
you can call me steve,reject
you can call me alan,reject
call me mary,reject
i need you to call me mary,reject
would you call me mary,reject
i want to be called by mary,reject
i would like you to call me mary,reject
can i change what you call me,reject
i'd like you to call me something different,reject
change the name that you call me,reject
call me frank,reject
you can refer to me as frank,reject
i want you to call me something else,reject
my name's frank,reject
i'd like to be called frank,reject
can i change my nickname,reject
i am john,reject
"hi, i'm john",reject
please call me frank from now on,reject
can you call me bobby instead of bob,reject
my name's bob,reject
please call me bob,reject
"when you talk to me, use bob",reject
"please stop calling me dave, my name's bob",reject
"my name is stu, not sue!",reject
i want you to start referring to me as lucky,reject
i'd like you to refer to me as bob,reject
i am david,reject
change my name to master,reject
you can call me al,reject
just call me al,reject
i go by stefan,reject
just call me dennis,reject
please change my name to loverboy,reject
i want you to call me lord,reject
i'd rather have you call be ray ray,reject
they call me josh,reject
i am josh,reject
i want you to call me pam,reject
i need to change my username,reject
address me by the name stan,reject
only call me dan,reject
please only call me joe,reject
can you call me something else,reject
where is your place of origin,reject
what is your place of origin,reject
what is your country of origin,reject
where is your country of origin,reject
what is your nationality,reject
tell me where you're made,reject
tell me how you're made,reject
what town were you born in,reject
what country were you born in,reject
where's your birthplace,reject
you were born where,reject
your birthplace is where,reject
where are your origins located,reject
where did you originate from,reject
where is your home located,reject
where do you trace your roots,reject
where do you hail from,reject
i'd like to know where you're from,reject
where are your origins found,reject
can you tell me where you are from,reject
where is the location of your creation,reject
can you tell me where you were created,reject
could you tell me where did you originate,reject
would you care to let me know where you were made,reject
where is the location that you were made,reject
in which area were you made,reject
what country were you made,reject
where was it you were made,reject
where did they make you,reject
where were you created,reject
what place were you created in,reject
in which place were you made,reject
what's your country of origin,reject
what was your place of creation,reject
what location did you originate at,reject
what's your place of manufacture,reject
from whence do you hail,reject
where do you come from,reject
what is your point of origin,reject
what's your nationality,reject
where were you manufactured,reject
where were your born,reject
what country do you consider yourself a citizen of,reject
where did you last live,reject
what's your birthplace,reject
where did you used to live,reject
what area did you grow up in,reject
what area were you born in,reject
what state were you born in,reject
were you born here,reject
are you from the uk,reject
are you from the us,reject
are you from europe,reject
where you from the usa,reject
where is your family from,reject
where are you originally from,reject
where was your home before here,reject
where did you live previously,reject
where did you live before here,reject
where did you live prior to living here,reject
what is the area that you came from,reject
what location did you live at before,reject
where is your original location,reject
where were you before moving here,reject
do you know where you were born,reject
can you tell me where you were born,reject
"where did you come from, originally",reject
what was the location of your birth,reject
what is the name of your birthplace,reject
what is your native home,reject
can you tell me your place of origin,reject
where is your home,reject
whereabouts are you from,reject
did you grow up here,reject
where were you given birth,reject
where are you from,reject
where did your mom have you,reject
what city were you born in,reject
what's your city of origin,reject
where are your roots,reject
"when you were a child, where did you live",reject
"if you were to call a place your beginning, your home start, where would that be",reject
so where did you live when you were a baby,reject
what place do you call home,reject
"up until now, what place was your home base",reject
what location were you born in,reject
your birth occurred where,reject
where is your birth place,reject
you came from where,reject
where were you made,reject
where would you say you were born,reject
tell me where you come from,reject
tell me where you were born,reject
where were you born,reject
what's your hometown,reject
where's home for you,reject
in what state were you born,reject
were you born in a hospital,reject
where did your parents have you,reject
where did your mom give birth,reject
delete fries from shopping list,reject
take off fries from the shopping list,reject
please take away the fries from the shopping list,reject
remove fries from my shopping list,reject
we no longer need fries on the shopping lisr,reject
"cross out bananas from my shopping list and put papayas on it, please",reject
i need to delete tomatoes from my shopping list and add onions instead,reject
can you add carrots to my shopping list and delete potatoes,reject
please remove ginger ale from my shopping list and add root beer,reject
"go ahead and erase cashews from my list, and add walnuts to it, please",reject
add eggs to my shopping list and remove cheese,reject
add corn to my shopping list and remove wine,reject
add flour to my shopping list if it's not already on it,reject
take bread off my shopping list and add milk,reject
please add sugar to my shopping list if it's not on it,reject
remove wine and add beer to my shopping list,reject
"is paprika listed on my shopping list, please add it",reject
"is bacon on my shopping list, add if it's not",reject
delete soda from my shopping list and add water to it,reject
"do i have pepper my shopping list, if not add it",reject
"are bananas on the list, if not can you add them",reject
"do i have bananas on my list, if not please put them on the list",reject
"are bananas already on the list, if not go ahead and add them",reject
are bananas on my shopping list can you add them if they aren't,reject
"do i have bananas on my shopping list, if not please add it",reject
add bread to my list of groceries,reject
add bread to my list of things to buy,reject
put bread on my shopping list,reject
make sure bread gets added to my shopping list,reject
remind me to buy bread next time i go shopping,reject
will you include kleenex on my list for shopping please,reject
make sure walnuts is on my shopping list,reject
put film on my shopping list,reject
add sprite to my shopping list,reject
write apples on my shopping list,reject
add oranges to my to do shopping list,reject
add mountain dew to my list for shopping,reject
add coke to my shopping cart,reject
add apples to my to do shopping list,reject
add pepsi to my shopping bag,reject
i'm out of bananas; add to shopping list,reject
i need for you to remove milk from my shopping list and add bread,reject
"on my shopping list, remove bread and add milk",reject
i need for you to get bananas added to my shopping list; i'm out,reject
would you add bananas to my shopping list as i am out,reject
add groceries to my shopping list as i am out,reject
please get milk removed from my shopping list and add bread,reject
would you remove bread from my shopping list and add bread,reject
i want to remove milk from my shopping list and add bread,reject
i am out of trash bags and need them to be added to my shopping list,reject
"please add milk on my shopping list, if it is not already on it",reject
do i have milk on my shopping list please add it if it is not,reject
i want you to add milk on my shopping list unless it is already on it,reject
i would like you to add milk if it is not on my shopping list already,reject
"is the milk on the shopping list if not, please add",reject
do me a favor and put sharpies on my list for shopping,reject
please put silverware on my list for shopping,reject
may i suggest we put paper towels on my list for shopping,reject
maybe we can put blank cds on my list for shopping,reject
can we put sunscreen on my list for shopping,reject
make sure to put extra paint on the list,reject
x on the shopping list please,reject
can you put carrots on my shopping list,reject
i would like to put carrots on my list for shopping,reject
remove corn from my shopping list,reject
put on my shopping list i need carots,reject
remove chips from my shopping list,reject
take frozen food off my shopping list,reject
i need soda added to my list and carrots removed,reject
i need oranges on my shopping list,reject
take carrots off my list for shopping,reject
my shopping list should have carrots on it,reject
remove carrots from my shopping list and add soda,reject
can you put oranges on my shopping list,reject
put carrots on my shopping list,reject
put soda on the shopping list and add carrots,reject
can you take frozen food of my shopping list,reject
can you take carrots off my shopping list and add soda,reject
please make sure oranges are on my shopping list,reject
add soda on my shopping list and remove carrots,reject
get rid of butter on my shopping list,reject
delete ice cream from my shopping list,reject
take fresh carrots off my shopping list,reject
i want you to remove shampoo from my shopping list,reject
"update my shopping list, delete canned olives",reject
can you put detergent on my shopping list cause i'm all out,reject
put milk on my shopping list cause i'm out of it,reject
put spaghetti on my shopping list cause i'm out of it please,reject
put rice and pudding on my shopping list cause i need them,reject
can you please put toilet paper on the shopping list i'm out of it,reject
i need to add cherrios to the grocery list,reject
i'm low on cherrios can you add that to the shopping list,reject
i ran out of cherrios so add that to the list,reject
add cherrios to the shopping list,reject
can you add cherrios to my shopping list,reject
"for the shopping list, add ham as well",reject
"are eggs on my list, if not add them",reject
i need you to add creamer to my shopping list,reject
please put milk on my list i just used the last of it,reject
"i no longer need milk, so forget that",reject
what things can you help me with exactly,reject
what are the things you can help me with,reject
what exactly can you help me with,reject
what can you help me with exactly,reject
what can you help me with,reject
what kinds of questions can you answer,reject
tell me the subject areas you are familiar with,reject
what sorts of subjects are you well versed in,reject
what are the subject areas you are knowledgable in,reject
what kinds of things are you knowledgable about,reject
tell me the types of things i can ask you about,reject
what sorts of things can i ask you about,reject
tell me what you are capable of answering,reject
what sorts of queries should i give you,reject
what sorts of subjects do you know about,reject
what type of questions may i ask you,reject
which types of questions may i ask you,reject
what kind of questions may i ask you,reject
which types of questions can i ask you,reject
what kind of questions can i ask you,reject
what topics can i ask you about,reject
what information can i ask you,reject
what subjects do you know something about,reject
what kinds of questions can i ask you,reject
what types of things do you know,reject
what kind of questions do you accept,reject
what questions are permissible,reject
what can i ask you,reject
what are my list of commands,reject
what are the kinds of things you can help me with,reject
what kind of questions are you good at answering,reject
can i ask you about anything,reject
can you help me with anything i need,reject
what all can you do,reject
what things do you know about,reject
what are you able to help me with,reject
what types of things are you able to do,reject
what can you answer for me,reject
is there anything i can't ask you,reject
what questions do you respond to,reject
what should i ask you about,reject
what are you able to answer,reject
what's the sort of thing i should ask,reject
what kind of things can you answer,reject
what things can you do,reject
what can you do,reject
what types of questions do you have a response for,reject
what kinds of questions can you respond to,reject
what do you have answers for,reject
what questions am i allowed to ask,reject
what kinds of things can you do,reject
ai can you tell me what things i may ask,reject
"what can i ask you, ai",reject
what am i able to ask the ai,reject
"ai, tell me what things i should ask of you",reject
what sorts of things am i able to ask of you ai,reject
how can i get you to help me,reject
what types of things can i ask you,reject
what sort of things can you help me with,reject
what are you able to do,reject
what can i use you to help me with,reject
how can i use you,reject
what subjects do you know,reject
what subjects are you familiar with,reject
what subjects do you know about,reject
what types of subjects do you know,reject
what are you familiar with,reject
what do you know,reject
what subjects are you versed in,reject
can you tell me the subjects you know best,reject
tell me the subjects you're aware of,reject
let me know what subjects you comprehend well,reject
what are the sorts of things i can ask you about,reject
what questions are you programmed to answer,reject
what kinds of things can i ask you,reject
what kinds of questions can i ask of you,reject
are there certain types of questions i can ask you,reject
what kinds of things would you be able to help me with,reject
i need to know what kind of things you can help with,reject
i want to know what sort of things you can assist me with,reject
what sort of things are you able to help with,reject
let me know what you can assist me with,reject
how can i benefit from using you,reject
how can you assist me,reject
i wanna know the types of subjects are you familiar with,reject
i wish to know the types of subjects are you familiar with,reject
please inform me of the types of subjects are you familiar with,reject
what can you be asked about,reject
tell me the types of subjects are you familiar with,reject
i would like to know the types of subjects are you familiar with,reject
what can i ask you all about,reject
are you familiar with any types of subjects,reject
what skills do you have,reject
what are your capabilities,reject
what topics are you versed in,reject
what sort of stuff do you know,reject
what subjects do you know well,reject
what can i ask you to accomplish,reject
what tasks can you complete for me,reject
what type of questions are you partial to that i can ask you,reject
i don't know the answer,reject
i'm unsure,reject
shit if i know,reject
no idea,reject
hell if i know,reject
either or should work,reject
i dont know,reject
both would work,reject
it could be one or the other,reject
i dont have an answer for that,reject
not a clue,reject
who knows,reject
it could be either,reject
"sorry, i do not know",reject
i'm unsure of the proper answer,reject
i do not know that,reject
"maybe one, maybe the other",reject
"maybe, maybe not",reject
it might be either one,reject
perhaps either of them,reject
i don't know how to answer to that,reject
maybe either,reject
i dunno,reject
"maybe yes, maybe no",reject
"might be true, might be false",reject
possibly,reject
it depends,reject
i'm not sure what the answer is,reject
i will know later,reject
maybe,reject
"one or the other, or both",reject
no clue,reject
i am not to sure about that,reject
either one would work,reject
i really don't know,reject
i am not confident on that,reject
that i don't know,reject
both maybe,reject
i think it could be both,reject
i don't know for sure,reject
cant say,reject
im not certain,reject
im not sure,reject
really dont know,reject
i'm unsure of the answer,reject
it could be possible,reject
i can't answer yes or no right now,reject
i can't answer that,reject
i don't know the answer to that,reject
i'm not sure,reject
i can't decide,reject
i can't tell,reject
i'll have to think about it,reject
not sure if that's a yes or a no,reject
not quite sure how to respond,reject
i'm torn on how to answer,reject
"not sure, maybe",reject
that could maybe be it,reject
i have no earthly idea at all,reject
it may be either one,reject
i don't have that information,reject
i can't make up my mind,reject
it's either of them,reject
i don't have the answer,reject
sorry no idea,reject
it could be that one or the other one,reject
i'm not sure which one because it could be either of them,reject
i'm drawing a blank,reject
i have no knowledge about it,reject
"no idea, sorry",reject
i'm not sure which it is,reject
i'm really not sure,reject
i'm uncertain,reject
i'm unaware of that,reject
i have no knowledge of that,reject
i am thinking it is either,reject
"hmmm, either could be a choice",reject
i'm sure it could be either,reject
"well, i guess maybe",reject
maybe is my answer,reject
i know it could be either one,reject
maybe is what i am going to answer,reject
"hmm, either",reject
i'm pretty sure it could be either,reject
i have no clue,reject
it might be either,reject
i don't know anything about that,reject
it's possible that it could be either,reject
i don't have a clue,reject
"it could be either, i think",reject
i think it could be either one,reject
i don't really know,reject
i'm not sure of that,reject
that's a possibility,reject
how is the weather today,reject
i haven't a clue,reject
i haven't the foggiest,reject
that answer's above my pay scale,reject
i really don't have a clue,reject
i have no idea,reject
how do i change a car's oil,reject
can you find instructions on how to change oil in a car,reject
what do i need to change my oil,reject
how do i change the oil in a car,reject
how do i change the oil in my passat,reject
please tell me how to change the oil in my car,reject
tell me how to change the oil in 2014 odyssey,reject
find instructions for how to change the oil in a 2015 passat,reject
give me instructions for changing the oil in a 2015 passat,reject
do i need to go under the car to change oil,reject
what way can i change oil at home,reject
how do i switch out my oil,reject
what is the way to change motor oil,reject
i need step by step instructions on how to change the oil in my car,reject
what kind of oil do i need to change the oil in my car,reject
give me instructions on how to change the oil in my car,reject
can you tell me the steps to change the oil in my car,reject
is it easy to change the oil in my car,reject
how do i change the oil in my car,reject
can you tell me how to change the oil in my car,reject
do i need any tools to change the oil in my car,reject
what do i need to change the oil in my car,reject
please explain the steps to change oil,reject
i want to change the oil in my car,reject
do you know how to change car oil,reject
can you show me how to change the oil for my car,reject
search for how to change my oil,reject
i need to know how to change my oil,reject
find instructions on how to change my oil,reject
show me how to change my oil,reject
what oil should i use and how do i change it,reject
how do i change my oil with the correct type,reject
what oil do i need and how is it changed,reject
how do i change my oil and choose the right oil,reject
how do i choose the correct oil and how do i change it,reject
teach me how to change my oil,reject
i want a lesson on changing my oil,reject
give me instructions on how to change my oil,reject
i would like to know how to perform an oil change,reject
i intend to learn how to change oil,reject
i intend to learn how to change oil in my car,reject
i want manual on how to change oil,reject
give me manual on how to change oil,reject
i want to learn the process of changing oil,reject
i want to learn to change oil,reject
what is the way i can change my oil,reject
i want to practive changing oil,reject
get me instruction to change oil,reject
give me instruction mannual on how to change oil,reject
what kind of oil does my car take and how do i do a change,reject
"can you assist with an oil change, and what type of oil do i get",reject
"i want to change my oil if you can tell me what to do, and what kind do i get",reject
i should use what kind of oil and can you help me change it,reject
how do i do an oil change and what type do i use,reject
how do i change the oil for my car,reject
what do i do to change my car's oil,reject
can you give me instructions on how to change the oil for my car,reject
can you tell me how to change my car's oil,reject
what steps do i take to change the oil for my car,reject
i need to know how to change my car's oil,reject
tell me the procedure for changing oil in a car,reject
what actions do i take to change a car's oil,reject
how do i go about changing the oil in my car,reject
what are the steps to change the oil in my car,reject
what kind of oil do i need to use for my car,reject
how can i change my car oil,reject
how do i change my oil and what kind do i need,reject
how can my oil be changed in my car,reject
what kind of oil should i use for my current car,reject
how do i change my car oil,reject
how can i change my oil for my car,reject
how will i change my car's oil,reject
what kind of oil do i need to get and use for my car,reject
what is needed to change my oil,reject
how can i change my oil in my car,reject
"i need to change my oil, how do i",reject
"tell me how to change my car's oil, and what type of oil i should buy",reject
"what kinds of oil can i use in my car, and how to i change the oil",reject
i need instructions on how to change my car's oil and what type i should buy,reject
i need to change my oil and have no idea how to do it,reject
"can you tell me how to change my car's oil, and what type i need to buy",reject
i don't know how to change my oil or what type i need,reject
i'm due for an oil change and need assistance doing it and also need to know what kind of oil the car takes,reject
i can't change my oil and don't know what kind i need,reject
help me change my oil and what kind do i need,reject
how do i change my oil out and what kind should i use,reject
can you show me how to change the oil in my car,reject
i want to learn how to change the oil in my car,reject
what are the steps i need to do to change the oil in my car,reject
teach me how to change the oil in my vehicle,reject
give me instructions to change my oil,reject
steps to change car oil,reject
how should i prepare to change my own oil,reject
how do you change car oil,reject
how easy is it to change your own oil,reject
please show me instructions on how to change my oil,reject
what do i need in order to change my oil,reject
what are the procedures for changing my oil,reject
tell me what to do to change the oil in a subaru,reject
walk me through changing the oil on a tesla,reject
"you need to call the melt in lakewood for a table for at 2:00, monday, the first week in march",reject
"hey computer, make a reservation for 2 for my parents at red lobster on wednseday next, 2:00pm if possible",reject
"i think we should reserve dad's regular table friday for 6 people, use his name, make that close to 4:00 pm at the club",reject
"listen i need to get a reservation for , me and teresa at georgetown cafe on tuesday at 7:00 pm",reject
can you make me a reservation for 4 pm on the 22nd at ruth's,reject
i need a reservation at 8 on the 22nd of november at ruth's,reject
can i make a reservation for 6 pm on the 21st at sidetracks,reject
please reserve me a table at hell's kitchen on may 3rd at 8 pm,reject
please reserve me a table for 2 pm at maxwell's on the 14th,reject
can you make a reservation for me at the restaurant,reject
can you make a reservation at the restaurant for tomorrow,reject
can you book a table at the restaurant for me and my husband,reject
can you make a reservation at the restaurant for tonight,reject
can you get me a table for 6 at mark's at 11am,reject
can you get me a table for 1 at the vega at 1pm,reject
can you get a table for 5 at joe's at 5pm,reject
can you get me a table for 3 at captain d's at 2pm,reject
can you get me a table for 2 at mexico viejo at 3pm,reject
can you get me a table for 2 at diablo,reject
can you get me a table for 5 at johnnys,reject
can you get me a table for 8 at johnnys,reject
can you get me a table for 6 at johnnys,reject
can you get me a table for 4 at steve's,reject
reserve a table for 3 at outback steakhouse under the name lance at 7:00pm,reject
reserve a table for 4 at red lobster under the name dave at 7:30pm,reject
reserve a table for 6 at morton's under the name jaime at 8:30pm,reject
can you get me a table for 3 at olive garden at 7pm,reject
book a reservation for 6 at shakey's under the name jason,reject
reserve a table for 5 at lawry's under the name steve at 8:00pm,reject
book a reservation for 5 at lawry's under the name chris,reject
reserve a table for 2 at olive garden under the name jim at 6:00pm,reject
book a reservation for 4 at outback steakhouse under the name dave,reject
can you get me a table for 5 at outback steakhouse at 6:30pm,reject
book a reservation for 3 at red lobster under the name steve,reject
book a reservation for 2 at olive garden under the name jim,reject
can you get me a table for 8 at mastro's at 8:30pm,reject
can you get me a table for 4 at red lobster at 8pm,reject
can you get me a table for 6 at lawry's at 7:30pm,reject
is it possible to get a table for 4 at the village inn around 10am,reject
can you get me a table for 5 at mcdonalds at 5pm,reject
give me a table for 3 at o'reilly's bar for 7 please,reject
can i have a table held at the outback steakhouse for johnson at 5,reject
is it possible to book a room at the taco bell for reavers at 3,reject
i'd like to set up a reservation for kibble at 4,reject
can i reserve a table for 2 at the olive garden at 8,reject
i want to reserve a table at 8 at long john silver's under the name freddie,reject
i want to have a table for 2 at the broadmore around 6,reject
i need an 8 o'clock reservation at pizza hut for the last name mercury,reject
"hey, i need to make a reservation for three at umi, six pm on february 30th",reject
"hello, i'd like a reservation for two at the olive garden at six tonight",reject
can you set me up for a reservation for five at outback steakhouse on february 28th at seven pm,reject
"i need a reservation for one at applebee's, four in the afternoon on march 3rd",reject
"please make a reservation for me: party of two, february 22nd at chili's, two in the afternoon",reject
i gotta make a reservation for 8 pm at red robin for 3,reject
can i make a reservation for 8 pm at red robin for 3,reject
please book a reservation for 8 pm at red robin under the name kevin,reject
i want you to book a reservation for 8 pm at red robin under the name kevin,reject
you have to reserve a table for 4 at red robin under the name kevin at 7,reject
please reserve a table for 4 at red robin under the name kevin at 7,reject
i need you to reserve a table for 4 at red robin under the name kevin at 7,reject
reserve a table for 4 at red robin under the name kevin at 7,reject
i want to make a reservation for 8 pm at red robin for 3,reject
you must reserve a table for 4 at red robin under the name kevin at 7,reject
i think i need to make a reservation for 8 pm at red robin for 3,reject
i need you to book a reservation for 8 pm at red robin under the name kevin,reject
go ahead and book a reservation for 8 pm at red robin under the name kevin,reject
i need to make a reservation for 8 pm at red robin for 3,reject
book a reservation for 8 pm at red robin under the name kevin,reject
would you please make a reservation for 2 at olive garden for 5 pm today,reject
i'd like a reservation for 2 at olive garden for 5 pm today,reject
could you make reservations for 2 at olive garden for 5 pm today,reject
make a reservation at 5 pm today for 2 at olive garden,reject
please make a reservation for 2 at olive garden for 5 pm today,reject
i need you to reserve a table for 6:00 pm for three at devon's seafood,reject
make a reservation for three at prime rib at 6:30 pm,reject
i would like a reservation for 6:30 pm at pietro's under the name david jones,reject
please reserve a table for two at rouge for 7:00 pm,reject
can you get me a table for two for 8:00 pm at parc,reject
i would like you to secure a 4:30 pm reservation for five people at morton's steakhouse,reject
"call and make a 5:45 pm reservation for jason rogers, table for four",reject
i need you to reserve at table for a party of four at devon's for 6:00 pm,reject
reserve a table for two for 7:30 pm at dibruno's under patrick donoghue,reject
please make a reservation at ruth's steaks for a party of five at 7:00 pm under jack arnold,reject
"can i make a reservation for 2 at state bird for 7:30, please",reject
"can i make a reservation for 2 at state bird for 8:30, please",reject
"can i make a reservation for 2 at state bird for 6:30, please",reject
"can i make a reservation for 3 at state bird for 8:30, please",reject
can i make a reservation for 2 at state bird for 8:30,reject
please make a reservation for us at joy bar for 4 adults,reject
please make me a reservation for monty's at noon for 55555,reject
"now, i need a reservation for backwoods crossing at seven for 6 people",reject
make me a reservation for tomorrow at happys for four,reject
make me a reservation for 5 at coral for 10 pm immediately,reject
can you reserve a table for 2 at red lobster at 8pm,reject
schedule me a table for 2 at red lobster at 8,reject
check reservation availability for 2 at red lobster at 8pm,reject
make a reservation for 2 at red lobster at 8pm,reject
reserve a table for 2 at red lobster at 8:00,reject
reserve a table for four for tonight at 7 at the fatted calf,reject
make a reservation for tuesday at 7:00 pm at cielo for 2,reject
savings account balance at chase bank please,reject
check chase bank for my checking balance,reject
what is my checking account balance at chase,reject
i want my checking balance at chase,reject
what's my savings balance at chase,reject
do i have enough money in my chime bank account to take ashley to the movies tuesday,reject
check my visa account and see if i have enough money for dinner tonight,reject
is tehre enough in my bluebird account for groceries this week,reject
do i have enough in my sears account to buy a new dishwasher,reject
is there enough money in my discover account for a new pair of jeans,reject
what is the total of my bank accounts,reject
what is in my bank accounts,reject
what is the balance on my bank accounts,reject
what is remaining in my bank acccounts,reject
how much money is left in my bank accounts,reject
what amount of money is in my bank accounts,reject
what is the balance of my bank accounts,reject
what what kind money is available in my bank accounts,reject
what is the value of my bank accounts,reject
how much funds do i have in my bank accounts,reject
what's my checking account balance,reject
how much do i have in my checking,reject
what's the balance of my savings,reject
how much is in savings,reject
how much money is in my checking account,reject
what's the amount of money accumulated in my bank accounts,reject
what's my current bank savings,reject
how much total cash do i have in the bank,reject
what's my current checking balance,reject
can you tell me my current bank accounts balance,reject
what's the balance of my bank accounts,reject
what is my current balance on my home equity line of credit,reject
please find my balance on my chase mastercard,reject
can you tell me my checking account balance,reject
perform a search for my most recent balance on my amex account,reject
how much is the current balance in my td bank savings account,reject
what is my balance in checking account,reject
how much is available in my savings account,reject
tell me what i have in my money market account,reject
how much money do i have in my account,reject
how much is left of mastercard,reject
what is the available balance in savings,reject
what is the balance on my visa,reject
do i have enough money in my chase account for a new refrigerator,reject
do i have enough money in my charles schwab account to get a new baseball bat,reject
i'd like to know my bank balance please,reject
what's the balance on my bank account,reject
will the money in my capital one account cover a new washing machine,reject
could you check my bank balance for me,reject
will the amount in my chase bank account right now cover the cost of a new dryer,reject
i want to get a new shirt; will the money in my td ameritrade account cover it,reject
how much do i have in the bank,reject
what's my bank balance,reject
what is my bank balance,reject
is there any money left,reject
do i have any cash left,reject
can you tell me how much cash i have,reject
do i have enough in my boa account for a new pair of skis,reject
do i have enough in my chase account for new nikes,reject
can the funds in my wells fargo account cover my lift tickets,reject
do i have enough to cover new skis in my bank of america account,reject
do i have enough in my chase account for a plane ticket,reject
do you know how much i have in checking,reject
what is my saving's account balance,reject
what's the balance in my checking,reject
how much do i have in savings,reject
could you tell me what my checking account balance is,reject
what's my total net worth in all of my bank accounts,reject
what's my account balance,reject
i want to view my balance,reject
check my bank balance,reject
how much money do i have in all of my accounts,reject
how much money do i have in all of my accounts combined,reject
what's my checking balance,reject
how much money do i have total,reject
what's the total of my bank accounts,reject
how much money do i have in checking,reject
i wish to know the balance of my bank of american account,reject
what is the balance of my bank of american account,reject
i need to know my bank balance,reject
i wanna know the balance of my bank of american account,reject
i'd like to know the balance of my bank of american account,reject
i wish to know the balance of my bank of american account now,reject
please tell me my bank balance,reject
i wanna know my bank balance,reject
please let me know what my current bank balance is,reject
what is status of my bank account,reject
what is my balance,reject
what is the balance of my bank account,reject
what is is the details of my bank account,reject
is there enough money in my discover account for a vacation,reject
is there enough money in my account for expenses,reject
do i have enough money in my first hawaiian bank account for a vacation,reject
is there enough money in my bank of hawaii for vacation,reject
is there enough money in my discover account for airplane tickets,reject
what is my savings account balance,reject
what is my savings balance,reject
what is my money market account balance,reject
what is my bank balance for all accounts,reject
tell me my payroll account balance,reject
verify that i have reservations at chilis for john doe,reject
can you check my reservations for mortons under david winters,reject
can you check for reservations at wongs chinese for john acer,reject
check and confirm reservations at ruth chris for carol lee,reject
verify that my reservations at won wons for joe lee are good,reject
check on my reservation for umami at 6pm,reject
"confirm a reservation for nicole brown at diangelo's at 6:45 pm, please",reject
i need you to confirm that there is a reservation under the name david kramer for 7:00 pm at pietro's,reject
"i would like to confirm my 7:30 pm reservation at morton's steakhouse, under michael james",reject
can you please confirm that i have a 6:00 pm table reserved under michelle solomon at devon's,reject
"please confirm my reservation at parc for 8:00 pm, with the name denise jack",reject
please confirm my reservation for thursday at 10am,reject
does it show me as having a reservation for tomorrow at 5,reject
can you confirm my reservation for 6 at the outback,reject
can you check that i have a reservation on february 28th for 3 in the afternoon,reject
i want to make sure my reservation for 5 at mcdonalds is still set,reject
i want to verify my reservation for the 18th at 1pm,reject
"do i have a reservation for may 1st, 2019 at 4 pm",reject
can you verify that i have a reservation at o'reilly's for 9,reject
can you assure me i have a table at taco bell at 7pm,reject
is my 10am village inn reservation valid,reject
please confirm my reservation for morton's at 5 pm,reject
do i have reservations at o'neal's at 3 pm,reject
is my reservation confirmed for lu shi at 7 pm,reject
confirm my reservation at dino's at 6 pm,reject
please tell me if my reservation is scheduled for sally's at 3 pm,reject
check to see if i have reservations at prado at 6 pm,reject
tell me if i have reservations at the back abbey at 6 pm,reject
do you know if my reservation for dono is confirmed at 8 pm,reject
do i have reservations at creme at 7 pm,reject
i need to know if i have reservations at arufflo at 5 pm,reject
i really need you to confirm my reservation for kevin at red robin,reject
can you confirm my reservation for kevin at red robin,reject
i wanna confirm my reservation for 2/20 at 8 pm,reject
i'd like to confirm my reservation for 2/20 at 8 pm,reject
i would like for you to confirm my reservation for red robin at 5 pm,reject
i must confirm my reservation for 2/20 at 8 pm,reject
i really want to confirm that i have a reservation at red robin for josh,reject
i need you to confirm my reservation for kevin at red robin,reject
will you confirm my reservation for red robin at 10,reject
i wanna try and confirm that i have a reservation at red robin for josh,reject
i need to confirm that i have a reservation at red robin for josh,reject
please confirm my reservation for red robin at 9,reject
i wish to confirm that i have a reservation at red robin for josh,reject
i need to confirm my reservation for 2/20 at 8 pm,reject
go ahead and confirm my reservation for kevin at red robin,reject
please confirm my reservation for 2/20 at 8 pm,reject
confirm my reservation for red robin at 8,reject
i need you to confirm my reservation for outback steakhouse at 6,reject
please confirm my reservation for kevin at red robin,reject
i'd like to confirm that i have a reservation at red robin for josh,reject
will you make sure robert has a reservation at ruth's steakhouse,reject
do i still have the reservation on march 21 at 8pm,reject
can you check that there's a reservation for mark at sidetracks,reject
will you check there is a reservation for laura at black pearl,reject
i need to make sure there is a reservation for george at connor oneil's,reject
can you confirm my reservation for 6 pm on the 13th of february,reject
can you confirm i have a reservation at 5 pm on march 13th,reject
can you confirm my reservation for 8 pm on the 7th of november,reject
please confirm i have a reservation for 2 pm on february 21st,reject
can you verify mike has a reservation at black rock at 6 pm,reject
i want my reservation for march 1 at 8 pm confirmed,reject
will you please confirm my reservation for march 11 at 6:30 pm,reject
i would like you to confirm my reservation for next saturday at 11 am,reject
i need you to confirm my reservation for tomorrow at 3 pm,reject
check to confirm my reservation for february 22 at noon,reject
i would like to try and confirm that i have a reservation at houlihan’s for mike,reject
i would like to try and confirm that i have a reservation at the seven dwarves for peter,reject
i would like to try and confirm that i have a reservation at hu hot for paulie,reject
i would like to try and confirm that i have a reservation at macaroni grill for saul,reject
i would like to try and confirm that i have a reservation at chili’s for melinda,reject
i would like to try and confirm that i have a reservation at macaroni grill for silva,reject
i would like to try and confirm that i have a reservation at kelly's for moreno,reject
i would like to try and confirm that i have a reservation at la palapa for bolding,reject
i would like to try and confirm that i have a reservation at gusteau's for krystine,reject
i would like to try and confirm that i have a reservation at chili's for jamie,reject
can you confirm my reservation for jim at lawry's,reject
can you confirm my reservation for dave at outback steakhouse,reject
can you confirm my reservation for lance at morton's,reject
can you confirm my reservation for steve at olive garden,reject
can you confirm my reservation for jaime at red lobster,reject
i'd like for you to make sure my reservation is there for charlie's under jack,reject
can you check and see i have a reservation under alex for bon apetite,reject
can you verify my reservation under steve for friendly's,reject
make sure my reservation is happening for john at olive garden,reject
double check my reservation under adam for outback steakhouse,reject
please confirm my reservation for april 1st at 9am,reject
please confirm my reservation for march 8th at 12:00,reject
can you confirm my reservation for donnobys at 5:00,reject
can you confirm my reservation for minnis at 4:00,reject
please confirm my reservation for may 9th at 4pm,reject
please confirm my reservation for march 1st at 2pm,reject
can you confirm my reservation for torris at 7:00,reject
can you confirm my reservation for applebees at 2:00,reject
can you confirm my reservation for chillis at 8:00,reject
please confirm my reservation for feburary 21st at 6pm,reject
confirm my taco house reservation for jean,reject
can you you confirm my reservation for jean at taco house,reject
does taco house have a reservation for jean,reject
i would like to check my reservation for jean at taco house,reject
can you block my chase account right away please,reject
i want my chase account blocked immediately,reject
i need you to block my chase account immediately,reject
can you put a block on my chase account right away,reject
please block my chase account right away,reject
what do i do to freeze my account,reject
place a hold on my bank account,reject
how can i stop transactions on my account,reject
freeze my account immediately,reject
block my monkey market right now,reject
put a stop on my deposit account,reject
stop any future processing on my savings account,reject
put a hault on my savings account,reject
"could you put a stop on my bank account, please",reject
can you put a stop on my bank account now,reject
"can you put a stop on my bank account, please",reject
could you freeze my account,reject
"could you freeze my account, please",reject
can you put a stop on my bank account,reject
"can you freeze my account, please",reject
could you freeze my account now,reject
can you freeze my account,reject
could you put a stop on my bank account,reject
do you mind putting a stop on my bank account,reject
i would like you to put a stop on my bank account,reject
please turn my account to frozen,reject
please make my account a frozen one,reject
please make sure my account is frozen,reject
is it too much trouble to put a stop on my bank account,reject
i would love it if you could put a stop on my bank account,reject
i would appreciate it if you put a stop on my bank account,reject
please set my account as frozen,reject
please freeze my account,reject
i need my account frozen,reject
i'd like my account frozen,reject
i would like my account frozen,reject
i want my account frozen,reject
i really want my account frozen,reject
no payments on my bank account,reject
turn off my bank account,reject
stop all payments to my bank account,reject
shut down my account,reject
close out my account,reject
turn off my account,reject
i need to hold off on my account,reject
plase hold my account for now,reject
terminate the account,reject
i am going to need a block put on my chase account right away,reject
would you please put a block on my chase account right away,reject
i would like a block put on my chase account asap,reject
can you please put a block on my chase account quickly,reject
i need a block put on my chase account right away,reject
i need to put a freeze on my banking account,reject
put a freeze on my bank account,reject
freeze my bank account,reject
can i freeze my bank account,reject
i want you to immediatly block any further activity on my bb&t bank account,reject
block my citibank account right away,reject
add a block to my capital one bank account so it cannot be used any more,reject
please immediatly block my presidential bank account right now,reject
put a block on my amalgamated bank account right now,reject
please put a stop on my back account,reject
please put a block on my td ameritrade account now,reject
i'd like a stop placed on my bank account,reject
place a block on my capital one account right now,reject
i'd like a block on my charles schwab account immediately,reject
"i need you to place a stop on my bank account, thank you",reject
place a stop on my bank account,reject
i need you to freeze my account,reject
i need you to block my mutualone account now,reject
"help me freeze my bank account, please",reject
i'd like to put a freeze on my bank account,reject
block my chase account asap,reject
can you please freeze my bank account,reject
can you please put a stop on my bank account,reject
pause my account,reject
put a hold on my bank account,reject
please do a stop on my bank account,reject
stop payments from my bank,reject
put a hold on my account,reject
stop my account activity,reject
please pause my banking actions,reject
dont allow any action on my account,reject
don't let payments go through using my bank account,reject
please freeze my bank account,reject
i want my bank account frozen,reject
my bank account must be frozen,reject
please ask the bank to freeze my account,reject
i need to freeze my bank account,reject
put a block on my chase account right away,reject
put a hold on my chase account right away please,reject
freeze my account,reject
place a stop on my main account for me please,reject
please put a block on my wells fargo account,reject
put a hold on my bank account please,reject
put a hold on my bank of america account right away please,reject
can you notify the bank to put a stop on my account,reject
can you put a stop on my account,reject
i need a stop placed on my bank account please,reject
can you put a block on my visa account right away,reject
ways to transfer my 401k,reject
where do i go the transfer my 401k,reject
"who do i go to, to transfer my 401k",reject
what are the ways i can transfer my 401k,reject
i need guidance on how to rollover my 401k,reject
walk me through the process of transferring my 401k,reject
i want to figure out how to rollover my 401k,reject
tell me if i am able to rollover my 401k,reject
i have to transfer my 401k but i don't know how to do it,reject
i want to rollover my 401k but dont know how,reject
i need to know if it is possible to rollover my 401k,reject
i nee to know how to transfer my 401k,reject
will you help me figure out how to transfer my 401k,reject
explain to me how transferring my 401k works,reject
can you instruct me on how to rollover my 401k,reject
do you know if my 401k is able to be rolled over,reject
look up whether my 401k may be rolled over,reject
please walk me through the steps necessary to rollover my 401k,reject
how do i transport my 401k,reject
how do i relocate my 401k,reject
"since i got a new job, i need help with my 401k rollover",reject
i have a new job now and need help with rolling over my 401k,reject
how do i move my 401k,reject
i recently got a new job and need assistance with my 401k rollover,reject
how do i redirect my 401k,reject
"now that i have a new job, i need getting my 401k rolled over",reject
i have a new job and need direction with my 401k rollover,reject
i need help changing my 401k after i got a new job,reject
i just got a new job and need help transferring my 401k,reject
how do i rollover my 401k after i got a new job,reject
i need to rollover my 401k because i got a new job,reject
i jot got hired and need help with my retirement account,reject
could you roll over my 401k for me,reject
what are the steps for transfering my 401k,reject
walk me through on how to roll over my 401k,reject
help me roll over my 401k,reject
could you walk me through transfering my 401k,reject
i could use some help transfering my 401k,reject
help me transfer my 401k,reject
i need your assistance on transfering my 401k,reject
i need your assistance on rolling over my 401k,reject
i need help to roll over my 401k,reject
i have to get my 401k rollover because i just got a new job,reject
i just changed jobs and need help with my 401k rollover,reject
i have just switched jobs and need assistance with my 401k rollover,reject
i just started this new job and need help with my 401k rollover,reject
i just switched jobs and need a 401k rollover,reject
i'd like my 401k to be rolled over,reject
tell me how to get my 401k rolled over,reject
help me to roll over my 401k,reject
i'd like to roll over my 401k,reject
how can i roll over my 401k,reject
will my 401k rollover or not,reject
can a 401k be rolled over,reject
do i have the ability to rollover my 401k,reject
what's up with my 401k and will it roll over,reject
i'm on a new job but i need help with my 401k rollover,reject
i managed to get a new job but i need help with my 401k rollover,reject
i just acquired a new job but i need help with my 401k rollover,reject
i recently took a new job and need help with my 401k rollover,reject
i just got this new job but i need help with my 401k rollover,reject
i want help rolling over my 401k,reject
i need to rollover my 401k to a new job,reject
i want my 401k rolled over to a new workplace,reject
my previous job's 401k needs to be rolled over,reject
i need a 401k rolled over to my brand new job,reject
what do i do to rollover my 401k,reject
i need to rollover my 401k,reject
can you help me with rolling over my 401k,reject
i desperately need to rollover my 401k somehow,reject
my new job requires that i rollover my 401k,reject
can you help me figure out the process of rolling over a 401k,reject
what do i need to do to rollover my 401k,reject
can you help me rollover my 401k to my new place of employment,reject
how can i rollover my 401k at my new job,reject
can you assist me rolling over a 401k for a new job,reject
what's the process for rolling over my 401k,reject
i just found a better job and need to move my 401k over to my new employer,reject
i have to roll over my 401k to a new account and i don't know how,reject
i switched companies and need to rollover my 401k,reject
tell me how to transfer my 401k,reject
what are the steps for transferring my 401k,reject
transfer my 401k please,reject
i need to transfer my 401 k,reject
is there a way to transfer my 401k,reject
can you explain to me how to rollover my 401k,reject
can you help me figure out how to rollover my 401k,reject
"i got a new job, can you help me with my 401k rollover",reject
i want to know how to rollover my 401k,reject
i need help with my 401k rollver since i got a new job,reject
i would like to know how to rollover my 401k,reject
explain to me how to rollover my 401k,reject
please help me with my 401k rollover since i got a new job,reject
can you help me with my 401k rollover since i got a new job,reject
"i have a new job, help me with my 401k rollover",reject
i need assistance figuring out how to rollover my 401k,reject
"i need to get some assistance figuring out how i can rollover my 401k, please",reject
"i need to get some assistance figuring out how to rollover my 401k, please",reject
i need to get some assistance figuring out how to rollover my 401k,reject
"i need assistance figuring out how to rollover my 401k, please",reject
who formed you,reject
who constructed you,reject
what's your design company,reject
what company coded you,reject
who fabricated you,reject
what company wrote your code,reject
what company owns your code,reject
who brought you up,reject
who is it that programmed you,reject
whats it like to be programmed,reject
who was the inventor of ai,reject
ai was made by whom,reject
tell me the inventor of ai,reject
can you tell me who made ai,reject
could you let me know who made you,reject
would you let me know who programmed you,reject
provide me the name of who programmed you,reject
i want to know who made you,reject
provide me the name of who made you,reject
i am needing to know who made you,reject
tell me who made you,reject
tell me who programmed you,reject
let me know who made you,reject
i need to know who programmed you,reject
i am wanting to know who programmed you,reject
give me an answer to who made you,reject
i'm needing to know who made you,reject
what's your brand,reject
who created you,reject
who was your creator,reject
who made your algorithms,reject
who manufactured you,reject
what's the name of the company that designed you,reject
who's responsible for your existence,reject
what's the business that caused you to be made,reject
can you remember who compiled you,reject
what company's software engineers gave you life,reject
who are the people responsible for you,reject
who invented you,reject
who designed you,reject
who developed your actions,reject
who supplied your instructions,reject
who formulated you,reject
which company can i credit your design to,reject
by which company are you designed by,reject
to which company is your design accredited to,reject
which company is responsible for your design,reject
what organization created you,reject
who developed your internal code,reject
who created your ai program,reject
who was your inventor,reject
who engineered you,reject
who is this ai's creater,reject
who made this ai,reject
who did the programming for this ai,reject
i would like to know who programmed this ai,reject
you were built by who,reject
what company manufactured you,reject
who were you made by,reject
are you made in the usa,reject
tell me your brand,reject
tell me the company that produces you and similar machines,reject
may i know who made you,reject
what created you,reject
do you know who you came from,reject
who is your originator,reject
who is your creator,reject
who is responsible for who you are,reject
who crafted you,reject
who was your programmer,reject
the programmer who made you is who,reject
who did the programming on you,reject
what is the name of the person who created you,reject
who built you,reject
how were you made,reject
how did you come to be you,reject
please identify the name of the creator of this ai,reject
this ai was made by what person or team,reject
who is the creator of this ai,reject
how was this ai created,reject
tell me what company programmed you,reject
"the creator of your ai, what is their name",reject
who made the ai,reject
what is the name of the person who made the ai,reject
can you tell me who made the ai,reject
will you tell me who made the ai,reject
would you tell me who made the ai,reject
who makes the ai,reject
ai who made you,reject
who made you ai,reject
can you tell me who created you,reject
who is responsible for making you,reject
who were you invented by,reject
i'd like to know who made you,reject
who brought you to life,reject
who made you up,reject
what company created you,reject
who gave you life,reject
what company sponsored you,reject
which company programmed you,reject
"estimated time to airport from current location, la",trip_planning
how long to get to the airport in la,trip_planning
how early should i leave to the airport in la,trip_planning
does it take a long time to get to the airport in la,trip_planning
is the ride short to the airport in la,trip_planning
how long's it take to get to the panera downtown,trip_planning
how long will it take to drive to the kroger in westwood,trip_planning
how long will it take to walk to the safeway in the strip mall,trip_planning
how long will it take me to get to the mcdonald's in the city,trip_planning
how long will it take me to drive to the park in west county,trip_planning
how long does it take to get to spago's in los angeles,trip_planning
it takes how long to get to the beach in santa barbara,trip_planning
how long does it take to get to universal studios in los angeles,trip_planning
how long does it take to get to disneyland in anaheim,trip_planning
it takes how long to get to mcdonald's in pomona,trip_planning
"if i take the bus, how long will it take to get to dubrovnik",trip_planning
how much time will riding the bus to downtown take,trip_planning
what's my eta on the bus ride to church,trip_planning
how long will it take the bus to get to stop 23,trip_planning
"how long before i get to dallas , in time, not miles",trip_planning
"what is the distance to austin city limits from my hotel , the holiday inn at austin",trip_planning
how far is the airport in dallas from my current location,trip_planning
how far am i from the beach right now,trip_planning
tell the miles it will take to get to las vegas from san diego,trip_planning
give me the time left before i get to the hotel,trip_planning
tell me how far i am from home in time and miles,trip_planning
how miles does it take to get to red lobster from my current location,trip_planning
how many miles until i get to the beach,trip_planning
"how far is the grand canyon from my current location in phoenix, az",trip_planning
how many hours will it take to get to my destination,trip_planning
how long will it take me to drive to my destination,trip_planning
how many miles will it take to get to my destination,trip_planning
where is the closest gas station,trip_planning
what's the estimated time to get to ppg paints arena in pittsburgh via bus,trip_planning
how long would it take to get to times square by bus,trip_planning
how long would a bus to the empire state building take,trip_planning
how long can i expect a bus ride to the liberty bell to take,trip_planning
"if i'm trying to get to heinz field, how long would it take by bus",trip_planning
please let me know how long it'll be until i reach the sky harbor airport,trip_planning
i want to know how long it is from here to the sky harbor airport,trip_planning
will it be long to get to the sky harbor airport,trip_planning
how long does it take to get to the sky harbor airport,trip_planning
how long does it take until i reach the sky harbor airport,trip_planning
approximately how long does it take to get to the resort in miami,trip_planning
about how much time will it take to get to the laundry in this area,trip_planning
approximately how much time will it take to get to tod's in minutes,trip_planning
how long does it take to get to the park in detroit,trip_planning
how long does it take to get to the airport in dallas,trip_planning
how long does it take to get to outback in atlanta,trip_planning
how long does it take to get to applebees in new york,trip_planning
how long does it take to get to the mall in las vegas,trip_planning
"so to go to brooklyn, it would take me how long again",trip_planning
"if i take this bus, how long until i get to brooklyn",trip_planning
"from here, i take this bus to go to brooklyn and how long is the commute",trip_planning
does it take 5 hrs to get to brooklyn by bus,trip_planning
"usually, how long does is the commute to brooklyn by bus",trip_planning
what's the eta for grandma's house,trip_planning
what is the average time to get to walmart in mays landing,trip_planning
how long does it take to get to applebees in nj,trip_planning
how long until i reach my destination,trip_planning
i need a time update on the applebees trip,trip_planning
i want to know the time to get to td bank in toms river,trip_planning
what time will we arrive at the bank,trip_planning
how fast can i get to target in trenton,trip_planning
how long is the ride to phoenix,trip_planning
how long will it take to get to outback in phoenix,trip_planning
how long will it take to get to phoenix,trip_planning
how long does it take to get to phoenix by bus,trip_planning
how long does it take to get to dallas by bus,trip_planning
how long will it take me to get to phoenix,trip_planning
how long is it gonna take to get to red robin in avondale,trip_planning
how long does it take to get to red robin on phoenix,trip_planning
how long does it take to get to virginia by bus,trip_planning
what is the time frame to get to phoenix,trip_planning
how long does it take to get to houston by bus,trip_planning
how long will it take me to get to red robin in glendale,trip_planning
what is the length of time it takes to get to phoenix,trip_planning
how long will it take for me to get to red robin in san diego,trip_planning
how long does it take to get to orlando by bus,trip_planning
how long will a bus ride take if i'm going to the capitol building,trip_planning
"if i go by bus, how long will it take to get to the airport",trip_planning
how long is a bus ride to the library,trip_planning
what amount of time would it take me to reach the university by bus,trip_planning
how long will it take to reach central park by bus,trip_planning
how much time does it take to get to levi stadium from san jose airport,trip_planning
how long will it take to get to golden gate bridge from pier 39,trip_planning
how long is the drive from sfo to fisherman's wharf,trip_planning
how long will it take to get to long beach terminal from long beach airport,trip_planning
how long will it take to get from galleria mall to state capitol,trip_planning
"by bus, how long would it take to get to detroit",trip_planning
"utilizing an automobile known as a bus, how long will it take to get to detroit",trip_planning
what is the time that it will take to arrive at detroit,trip_planning
how much time will pass between the start and end of our sojourn by bus to detroit,trip_planning
what amount of time will pass in order for a person at our location to take bus to detroit,trip_planning
how long will it take to reach my doctors office,trip_planning
how long to reach my doctors office,trip_planning
how much time to reach doctors office,trip_planning
time taken to reach doctors office,trip_planning
time taken from home to doctors office,trip_planning
"if i leave now, how long will it take me to drive to cape hatteras",trip_planning
you refer to me as what,reject
by what name do you refer to me,reject
what name do you use when addressing me,reject
is there a name that you call me,reject
how do you usually refer to me,reject
what is the name you call me saved as,reject
"regarding my name, whats it saved as",reject
what name do you have saved for me,reject
whats my name saved under,reject
what is my first name saved as,reject
do you know my name,reject
say my name if you know it,reject
can you guess my name,reject
i want you to guess my name,reject
by what name people call me,reject
do you remember my name,reject
say what you think my name is,reject
show me what you think my name is,reject
tell me what you think my name is,reject
what can you call me,reject
what would you like to call me,reject
what would i be referred to as,reject
what would you like to refer to me as,reject
what do you think you will refer to me as,reject
what will you call me,reject
what will you refer to me as,reject
what are you going to refer to me as,reject
you saved my name how,reject
in what format did you save my name,reject
you wrote what for my name,reject
what did ya save my name as,reject
how did you save my name,reject
what's my name in your system,reject
how is my name listed,reject
the name you have for me is what,reject
what name am i under,reject
call me by my name,reject
tell me my designation,reject
by what nym do you think of me,reject
how do you say my name,reject
what do you know me as,reject
what do you say for my name,reject
what's my name huh,reject
please tell me the name you use for me,reject
what name do you use to talk about me,reject
how do you reference me,reject
who do you think i am,reject
can you tell me what you refer to me as,reject
what am i called by you,reject
what is my name saved as in your system,reject
do you have any idea what my name is,reject
can you tell me what my name is,reject
what is the name you associate with me,reject
what name do you have listed for me,reject
what is the name you have listed for my identity,reject
what do you refer to me as,reject
what name do you know me by,reject
how do you address me,reject
tell me what you believe my name to be,reject
what am i known as to you,reject
what do you think i am called,reject
tell me your guess of what my name is,reject
can you tell me what you call me,reject
what do you have my name saved under,reject
what's my name saved under,reject
what name do you call me,reject
what is my name saved under,reject
"what is the name that you have for me, please",reject
what is the name that you have for me,reject
what name do you call me by,reject
"what is your name for me, please",reject
what do you have me saved under,reject
"what's the name that you have for me, please",reject
what is my name saved as,reject
what name do you refer to me as,reject
what might my name be,reject
can you tell me my name,reject
"if you were smart, would you know my name",reject
do you call me a certain name,reject
do i have a name to you,reject
what is your name for me,reject
i want you to let me know what names you have for me,reject
could you let me know what names you have for me,reject
would you tell me what names you have for me,reject
let me know what names you have for me,reject
i need to know what names you have for me,reject
do you my name,reject
do you know how to refer to me,reject
can you tell me what your refer to me as,reject
my name is what,reject
do you know what you call me,reject
what is the name you call me,reject
what name is mine,reject
you have what name for me,reject
so what is my name saved as,reject
so what is my current name saved as,reject
i wanna know what do you call me,reject
let me know the name you have for me,reject
so what name do you have for me,reject
let me know what do you call me,reject
timezone of cuba,reject
what is the time zone of france,reject
french time zone,reject
which timezone is colombia,reject
time zone in france,reject
do you know what timezone italy is in,reject
italy's timezone is what,reject
the timezone of italy is what,reject
italy is in what timezone,reject
for italy what timezone is it in,reject
i wanna know what timezone spain is in,reject
what timezone is japan in,reject
what timezone is philadelphia in,reject
what timezone is china in,reject
what timezone is scotland in,reject
i need to know what timezone ireland is in,reject
what timezone is sweden in,reject
what timezone is phoenix in,reject
what timezone is dallas in,reject
tell me what timezone finland is in,reject
what timezone is canada in,reject
tell me the timezone that spain is in,reject
what timezone is detroit in,reject
what timezone is russia in,reject
what's the time zone in miami,reject
time zone in miami is what like,reject
how is miami time zone like,reject
time zone in miami is like what,reject
miami time zone is what,reject
what's the current timezone in barcelona,reject
can you tell me the timezone in san francisco,reject
"in paris, what's the timezone",reject
what's the timezone for london,reject
what timezone does lisbon have,reject
in what timezone is nigeria,reject
which timezone is england in,reject
can you tell me which timezone is cambodia in,reject
in which timezone is jamaica,reject
what timezone is viet nam in,reject
what's the timezone for brasilia,reject
which timezone is buenos aires in,reject
what timezone is lima in,reject
what's chicago's time zone,reject
what is the timezone for quito,reject
what timezone is chicago in,reject
what timezone is boise in,reject
what timezone is miami in,reject
whats the timezone for modesto,reject
what timezone is sacromento in,reject
whats the timezone for san fransico,reject
"if i’m in japan, what time zone am i in",reject
tell me what time zone portugal uses,reject
nigeria is in which time zone,reject
the time zone for brazil is what,reject
what time zone is ireland in,reject
what's the timezone for boston,reject
do you know the timezone for dublin,reject
what's the timezone for san diego,reject
what timezone is london is,reject
what timezone is melbourne in,reject
what timezone would tampa be in,reject
what timezone do they use in la,reject
can you tell me denver's timezone,reject
what timezone does bangor have,reject
does phoenix have a different timezone,reject
do you know the timezone for phoenix,reject
what timezone would i be in if i traveled to moscow,reject
"if you're in melbourne, what timezone are you in",reject
what timezone is milan in,reject
detroit is in what timezone,reject
can you tell me what timezone chicago is in,reject
doy ou know what timezone chicago is in,reject
could you tell me what timezone reno is in,reject
reno's timezone is what,reject
"if i change my timezone to reno, what would it be",reject
do you know what the timezone is in reno,reject
"if i am in reno, what would the timezone be",reject
find the applicable timezone for austin,reject
what time zone are we currently in,reject
please search for portland's timezone,reject
in what timezone does baton rouge fall,reject
can you tell me the timezone that hartford is in,reject
i need to know what timezone sedona is in,reject
can you tell my what france's timezone is,reject
i would like information on france's timezone,reject
i want to know france's timezone,reject
which timezone is france in,reject
what timezone is france in,reject
what timezone is new york in,reject
what timezone is reno in,reject
what timezone is vegas in,reject
what timezone is los angeles in,reject
is austin in the central timezone,reject
does the central timezone include austin,reject
what is the timezone in las vegas,reject
which timezone is las vegas in,reject
las vegas is in what timezone,reject
tell me the timezone las vegas is in,reject
las vegas timezone please,reject
what timezone is boston in,reject
go past this song,reject
put on the next song,reject
please play the next song,reject
go forward to the next song on the playlist,reject
change the song to the next one,reject
go to the next song on the playlist,reject
go to my next song,reject
skip this song,reject
can you skip this song,reject
pass this song,reject
i want to hear the very next song on this playlist,reject
i would like to hear the next song on this playlist,reject
skip this song and play the next,reject
play the next hit,reject
remember to play the next number on this particular playlist,reject
i would like to hear the next tune on this particular playlist,reject
please put on the next number on this playlist,reject
can you move to the next song,reject
lets pause this song and move onto the next,reject
lets pass on this song and do the next,reject
play the next musical number,reject
play the next tune,reject
lets just play the next song please,reject
hop to the next one,reject
go to next song,reject
play the next track,reject
skip over this song,reject
play the next song instead,reject
play the song coming on next,reject
play the next song queued up,reject
move to the next song,reject
what is the next song to be played,reject
can we play the next track,reject
can we stop this song and play the next one,reject
can we skip this song,reject
skip this and go to the next song,reject
skip and play next song,reject
skip and next,reject
go to the next song and skip,reject
go to the next song now,reject
play one song forward,reject
i want to hear the next song,reject
go forward one song,reject
the next song should be played,reject
what's next on the list,reject
play the next song,reject
"next song on the list, please",reject
you must skip this song and play the next one,reject
go ahead and skip this song and play the next one,reject
you need to skip this song and play the next one,reject
go ahead and play the next song on this playlist,reject
go passed the song now,reject
will you play the next song on this playlist,reject
i need you to play the next song on this playlist,reject
please skip this song and play the next one,reject
please change the song now,reject
please play the next song on this playlist,reject
i want you to play the next song on this playlist,reject
i need you to skip this song and play the next one,reject
"i don't want this song, move to the next",reject
skip to the next song,reject
play next song using this playlist,reject
"go to next song, please",reject
forget this song and go to the next,reject
move on to the next song,reject
"using this playlist, play next song",reject
jump to the next song on this playlist,reject
skip to the next song please,reject
please go to the song after this one,reject
please jump to the song that follows this one,reject
let's play the next song now,reject
can you fast forward to the next song,reject
continue to next song on the playlist,reject
take me to the next song on this playlist,reject
find the next song on this playlist,reject
proceed to the next song on this playlist,reject
listen to next song on playlist,reject
i want to listen to another song,reject
go to the next tune,reject
beginning playing the next tune,reject
start playing the next track,reject
advance to the next song,reject
go forward to the next track,reject
give me the next song,reject
skip this song and play the next one,reject
play the song after this,reject
switch to the next song on this playlist please,reject
change the song to the next one on this playlist,reject
i want to listen to the next song on this playlist instead,reject
stop the current song and play the next one on this playlist,reject
"could you skip to the next song on this playlist, please",reject
"could you play the next song on this playlist, please",reject
"can you play the next song on this playlist, please",reject
could you play the next song on this playlist,reject
could you skip to the next song on this playlist,reject
play next on the playlist,reject
skip to next song,reject
next song play,reject
stop this song and go to the next one,reject
play the next song on this list,reject
before i make my mastercard payment can you tell me what i've recently charged on it,reject
please tell me all of my recent transactions,reject
i want to pay my amazon credit card but i need to know the last few transactions,reject
before i pay my walmart credit card did i make any purchases using it recently,reject
i need to know all the recent transactions i've made,reject
please tell me all the transactions i've made recently,reject
what are the last ten transactions i've made,reject
"before i pay my capital one, what are the most recent transactions i've made",reject
tell me the most recent charges on my chase credit card before i pay the bill,reject
read off to me the last five transactions i've made,reject
what transactions have i made on liquor in the past month,reject
i'd like to see last week's atm transactions,reject
show me the transactions from costco yesterday,reject
i need to know something about my latest transaction,reject
can you check on a transaction for me,reject
i need some information on a recent transaction,reject
i need a recent transaction looked into,reject
can you let me know my latest transactions,reject
what was the last thing i purchased,reject
what did i buy last,reject
how much did my last purchase cost,reject
how expensive was my most recent transaction,reject
when was my most recent transaction,reject
show me the transactions made on my business card for supplies last quarter,reject
may i get all of the food transactions that were made last month,reject
can you show me the transactions that were made last night at the restaurant,reject
what transactions did i make yesterday at the flea market,reject
please show me what transactions i made on the first of this month,reject
please tell me my in-person transactions for the last three days using my debit card,reject
please give me my last ten debit card transactions in the month of december,reject
what were my last five transactions on my visa card,reject
i would like to hear all transactions made on my amex for the last ten days,reject
can you list all of my online transactions for the month of january,reject
show me my transactions on groceries,reject
show me my transactions on tacobell,reject
show me my transactions on make up at sephora,reject
show me my transactions on mcdonalds,reject
show me my transactions on clothes at macys,reject
let me see the list of tranaction on my discovery credit card,reject
let me know the list of transaction on my first hawaiian bank,reject
i want to see the list of transaction on my bank of hawaii,reject
list me my recent transaction,reject
what are my recent transaction,reject
please show me my recent transaction,reject
i want to see my recent transaction,reject
let me check my transaction for first bank card,reject
let me check my transaction on my citi card,reject
show me my recent transactoin,reject
on my card what have been my recent purchases,reject
pull up my recent transactions on my mastercard,reject
on the card can you give me the last transactions,reject
whats my recent transactions on my card,reject
on my card what all are my latest transactions,reject
show my transaction statement,reject
retrieve my recent transactions,reject
view my transactions for the last week,reject
my transaction history,reject
may transactions for last 2 days,reject
what was my last transaction,reject
show me recent transactions,reject
what transactions happened in the last week,reject
show me the last month of transactions,reject
show me the last five transactions,reject
what's the last transaction i made yesterday,reject
show me yesterday's last transaction,reject
open yesterday's last payment,reject
show me last transaction,reject
show me transactions related to travel,reject
help me get access to my recent transaction history,reject
i need to see my shopping transactions,reject
get me access to a list of my recent transactions,reject
i would like to take a look at my transaction history,reject
can you pull up my most recent transactions,reject
i want to see my entertainment transactions,reject
where can i find my recent transaction history,reject
can you show me transactions related to utilities,reject
pull up my grocery transactions,reject
what were my purchases on visa card last month,reject
i spent what dollar amount last month on mastercard,reject
what was the amount that i spent on fidelity visa last month,reject
what did i spend at target on my barclays card last month,reject
what amount did i spend for food on chase visa on current bill,reject
i need to know last months transactions,reject
i need to know the transactions i made on the 10th,reject
i would like to see the transactions i made last week,reject
can i see my transactions on the 7th,reject
can i get my transactions for the date of the 23rd,reject
show me the transaction on burger king,reject
show me the transaction on macys,reject
show me the transaction on mcdonald,reject
show me the transaction on the food,reject
show me the transaction on my car,reject
bring up all purchases from target,reject
show me my transactions within the past week,reject
can i see my transactions from yesterday,reject
show me all gas purchases within the last month,reject
can you list all recent transactions,reject
bring up my most recent purchases,reject
i need to see all visa purchases for march,reject
"looking at january, show all wine purchases",reject
can you suggest a restaurant for me to eat tonight,poi_near_stop
tell me where to go since i want to eat out tonight,poi_near_stop
"i'm craving for italian food, where should i go",poi_near_stop
"suggest a restaurant for me to eat tonight, please",poi_near_stop
"i'm not going to cook today, can you suggest a restaurant",poi_near_stop
what restaurants are pet friendly near here,poi_near_stop
what are the best restaurants,poi_near_stop
what decent restaurants around here are italian,poi_near_stop
do you know any good restaurants good for kids,poi_near_stop
any good pizza restaurants around here,poi_near_stop
where should i go to eat tonight,poi_near_stop
where should i eat tonight,poi_near_stop
"i want to eat out, where should i go",poi_near_stop
give me some good restaurants,poi_near_stop
"i'm hungry, where should i go",poi_near_stop
name a good restaurant near me,poi_near_stop
where should i go for dinner,poi_near_stop
its date night and we cant decide where to go help,poi_near_stop
where do people go to eat in this town,poi_near_stop
i am hungry and need a restaurant suggestion,poi_near_stop
can you tell me the best place for cajun shrimp in tampa,poi_near_stop
what's a good place to eat chinese in san francisco,poi_near_stop
what's a highly rated place for steak in omaha,poi_near_stop
where can i pick up a good burger near where i am,poi_near_stop
what's a good place to go to for food around here,poi_near_stop
are there any decent places to get seafood in seattle,poi_near_stop
what's the best place for some thai in new york city,poi_near_stop
i'm famished so give me some places to eat!,poi_near_stop
any ideas on a good place to eat out,poi_near_stop
can you recommend any restaurants,poi_near_stop
"i'm in the mood for italian, are there any good places around",poi_near_stop
please list nearby restaurants with 4 or more star reviews,poi_near_stop
where's a good place to get some grub,poi_near_stop
where would you eat italian in chicago,poi_near_stop
can i get good tacos anywhere in austin,poi_near_stop
is there a good fish place in salem,poi_near_stop
what are good places for a burrito in albuquerque,poi_near_stop
where should i go out for food to,poi_near_stop
can you recommend a decent place in chicago to get pizza,poi_near_stop
do you know of any good restaurants,poi_near_stop
help me find a good sushi spot in chicago,poi_near_stop
can you find me a good restaurant to try eating at,poi_near_stop
i want you to recommend a good local restaurant to me,poi_near_stop
tell me some good mexican restaurants in dallas,poi_near_stop
do you know of any good seafood restaurants in seattle,poi_near_stop
please find me some good thai restaurants in new york city,poi_near_stop
find me a good spot for southern comfort food in los angeles,poi_near_stop
are there any good restaurants in nyc that serve barbecue,poi_near_stop
"i want to go out to eat but have no idea where to go, do you know of any places",poi_near_stop
i want recommendations for good sushi spots in los angeles,poi_near_stop
do you know of any good mexican restaurants in seattle,poi_near_stop
does boise have any good indian restaurants,poi_near_stop
can you suggest some quality chinese restaurants in oklahoma city,poi_near_stop
help me pick a nice restaurant to dine at,poi_near_stop
what mexican restaurant within 5 miles has the best reviews,poi_near_stop
show me 5-star dining establishments in nashville,poi_near_stop
are there any good chinese restaurants open right now,poi_near_stop
what are the best family restaurants in charlottesville,poi_near_stop
"in boston, what are the best pizza places",poi_near_stop
are there some good thai restaurants in san antonio,poi_near_stop
what are the best italian restaurants in chicago,poi_near_stop
where are the good thai restaurants in atlanta,poi_near_stop
recommendations for good thai restaurants in las vegas,poi_near_stop
where should i go for good thai food in las vegas,poi_near_stop
i need suggestions for good thai restaurants in las vegas,poi_near_stop
where are some good thai restaurants in las vegas,poi_near_stop
tell me which restaurants are good for thai food in las vegas,poi_near_stop
can you list off 4 star restaurants,poi_near_stop
what type of restaurants are nearby,poi_near_stop
i need to know what restaurants are near me,poi_near_stop
can you list off different restaurants,poi_near_stop
what are some good places to eat at,poi_near_stop
could you locate me some good places in kentucky that serve sushi,poi_near_stop
does kentucky have any good restaurants that serve sushi,poi_near_stop
can you find me some good places in kentucky that serve sushi,poi_near_stop
what are some good places in kentucky that serve sushi,poi_near_stop
could you direct me to any good places in kentucky that serve sushi,poi_near_stop
find me a new place for dinner,poi_near_stop
can you find a good steakhouse for tonight,poi_near_stop
what's a good restaurant nearby,poi_near_stop
any new restaurants near the mall,poi_near_stop
what's your recommendation for dining out tonight,poi_near_stop
find me an asian restaurant,poi_near_stop
is there a barbecue restaurant around here,poi_near_stop
find an indian restaurant,poi_near_stop
can you recommend an indian restaurant,poi_near_stop
can you find a keto friendly restaurant,poi_near_stop
is there any good place in hawaii for pasta,poi_near_stop
is there any good place in hawaii kai that serve local food,poi_near_stop
"i want sushi, is there any good place in ho chi minh",poi_near_stop
is there any good place for vietnamese food on the east side of the island,poi_near_stop
is there any good place for mexican food in hawaii,poi_near_stop
what are some good sushi restaurants in reno,poi_near_stop
which restaurants in reno are good for sushi,poi_near_stop
what are the best sushi restaurants in reno,poi_near_stop
what are good restaurants in reno that serve sushi,poi_near_stop
are there any sushi restaurants in reno that have good reviews,poi_near_stop
list me some good vietnamese restaurants in new york city,poi_near_stop
suggest some restaurants,poi_near_stop
give me some restaurant suggestions,poi_near_stop
how high are the rewards on my discover card,reject
how many rewards do i now have on my hy-vee card,reject
what's the current reward amount on my mastercard,reject
what's my current reward balance on my amex card,reject
what's my visa's current rewards balance,reject
how many reward points have stacked up for my amex card,reject
how many reward points do i have available to redeem on my visa,reject
what's the current reward amount on my visa,reject
what's the reward point count on my discover card,reject
what is my american express card's rewards balance,reject
what is my chase card's rewards balance,reject
what is my wells fargo card's rewards balance,reject
what is my citigroup card's rewards balance,reject
what is my bank of america card's rewards balance,reject
how can i see my rewards for my visa card,reject
tell me how to check my rewards for my american express card,reject
how can i look at rewards for my amex card,reject
tell me how to check rewards for my mastercard,reject
where are rewards from my visa card visible,reject
what is my current reward point total on my visa card,reject
how would i be able to check my kohls rewards card,reject
i need to know my reward point total looking at my debit card,reject
do i have enough points on my starbucks card yet,reject
help me check my visa rewards card,reject
can i check my gold rewards card online,reject
can you tell me how many points i have on my kohls card,reject
what is the easiest way to check my bank rewards card,reject
is there a better way to check my visa rewards card balance,reject
how many points are on my gold card,reject
what's the amount of points i have earned with my discover card,reject
i wonder how many points i have earned with my bank of america card,reject
have i earned a lot of points on my capital one card,reject
can you tell me how many points i have to date with my capital one miles card,reject
what's the total number of points i earned so far with my chase rewards card,reject
how many points have i already accrued on my chase mastercard,reject
"i would like my total rewards points balance on my bank of america platinum rewards card, please",reject
i need to hear how many points i've obtained on my capital one visa,reject
how many points did i get on my discover card,reject
how many points did my visa earn,reject
what points were earned on my mastercard,reject
how many points have been earned on my amex,reject
how many points did i get on my visa card,reject
what's the balance of my reward points on my discover card,reject
i need to know my rewards balance on my discover card,reject
what's my discover card reward balance,reject
what's my rewards balance on my discover,reject
what is the reward balance on my discover card,reject
how many rewards points do i have for my visa card,reject
how many rewards points do i have for my wells fargo card,reject
how many rewards points do i have for my amazon card,reject
how many rewards points do i have for my chase card,reject
how many rewards points do i have for my mastercard,reject
what is my points total for my mastercard,reject
what's my total point number on my mastercard,reject
how many points do i have on my mastercard,reject
what is the number of points i earned with my mastercard,reject
how many points have i accumulated on my mastercard,reject
how can i see my rewards for my chase card,reject
where can i find my rewards for my chase card,reject
what do i have to do to see my rewards for my chase card,reject
how do i see me rewards for my chase card,reject
where are my rewards for my chase card,reject
what's the point balance on my marriot rewards card,reject
how many points do i have in total on my marriot rewards card,reject
show me the total up to date points on the marriot rewards card,reject
my marriot rewards card has how much for a point total,reject
give my my current points on my marriot rewards card,reject
can you tell me my starbucks rewards balance,reject
can you help me tell what my starbucks rewards balance is,reject
what is the remainder of my starbucks rewards balance,reject
my starbucks rewards balance is,reject
what is the total amount of my starbucks rewards balance,reject
i have how many points on my amex right now,reject
how many points are on my speedway card right now,reject
i have how many tier credits on my caesar's card,reject
how many points do i have on my mlife card,reject
how many delta miles are on my card right now,reject
how many rewards do i have on my chase card,reject
how do i find out my rewards balance on my chase card,reject
can i check my visa reward balance online,reject
when can i receive rewards on my visa card,reject
how do i check how many rewards i have on my master card,reject
how do i check my rewards for my gold card,reject
what rewards does my gold card get,reject
where do i find my gold card rewards,reject
what is the number of remaining rewards points on my chase card,reject
i need to find out the rewards points i have left on my american express card,reject
what is the amount of rewards points on my visa card,reject
do you know how many rewards points are currently on my discover card,reject
does my mastercard have any rewards points remaining,reject
put my points up for master card,reject
figure out my reward points for discovery card,reject
add all of my points for my current discover card,reject
calculate my points for visa,reject
add up my reward points for master card,reject
what the current balance of reward points on my mastercard,reject
what's my reward balance on my amex card,reject
how do i get my rewards balance on my diner's club card,reject
how many reward points does my discover card have,reject
tell me how to check rewards on my american express card,reject
"i want to pay my bill, please",reject
pay my water bill with my charles schwab account,reject
i'd like to pay my bill,reject
pay my internet bill with my discover account,reject
can you help me pay a bill,reject
i need to pay my bill,reject
can i pay a bill,reject
use my capital one account to pay for my gas bill,reject
pay my electric bill from my amex account,reject
i want to pay my house bill,reject
i want to pay my car bill,reject
i want to pay my insurance bill,reject
i want to pay my tax bill,reject
i need help paying my auto insurance bill,reject
i need help paying my hoa bill,reject
i need help paying my tuition bill,reject
i need help paying my phone bill,reject
"my water bill is due, pay it immediately",reject
i need to pay my water bill,reject
please go ahead and make my student loan payment,reject
go ahead and pay my american express bill now,reject
i need to pay my electric bill now,reject
can you assist me in paying my electric bill,reject
i want to do a payment on my water bill,reject
pay my mortgage from my checkings accounts,reject
do a car payment from my savings account,reject
can you give me a hand paying my water bill,reject
i want to pay off my student loan,reject
i need a bit of hand holding getting my trash bill paid,reject
i need to pay my mortgage,reject
are you able to help me pay my mortgage,reject
i want to pay my car payment,reject
i need to pay this month's tv subscription fee,reject
will you aid me in paying my insurance premium,reject
pay a bribe using my money market account,reject
use my savings account to the pay the rent,reject
use my checkings account to pay the electric bill,reject
i'd like to pay my coned bill,reject
please help with paying my cell phone bill,reject
i'd like to make a payment on my credit card bill,reject
i would like to pay my cell phone bill,reject
please help me pay my cable bill,reject
please tell me how to pay my gas bill,reject
i need to get help paying my gas bill,reject
i need help to pay my electric bill,reject
can you help me pay my phone bill,reject
will you take my bill payment,reject
is it possible to pay my bill,reject
how can i pay my bill,reject
can i pay my bill,reject
use my park bank account to pay my electric bill,reject
pay my electric bill from my park bank account,reject
pay my gas bill from my saving account,reject
pay my cable bill from my facebook account,reject
pay my cell bill from my deposit account,reject
pay my electric bill from my paypal account,reject
pay my water bill from my checking account,reject
pay my phoe bill with my debit card,reject
schedule a gas bill payment,reject
pay the cable bill with my visa card,reject
pay the red cross the monthly donation,reject
i want to pay my internet bill,reject
i want to pay my gas bill,reject
i want to pay my electric bill,reject
i want to pay my rent bill,reject
i want to pay my water bill,reject
make a payment on the electric bill,reject
help me pay my electric bill,reject
pay the electric bill,reject
pay electric,reject
please pay electric bill,reject
i got to pay my cable bill,reject
i need help paying my store bill,reject
i wanna pay my cable bill from my checking account,reject
i need help paying my cable bill,reject
pay my cable bill from my checking account,reject
i must pay my cable bill from my checking account,reject
i gotta pay my cable bill,reject
i must pay my cable bill,reject
i wish to pay my cable bill,reject
i need to pay my cable bill,reject
i need help paying my rent bill,reject
i need help paying my water bill,reject
i really want to pay my cable bill from my checking account,reject
i need help paying my electric bill,reject
i need to pay my cable bill from my checking account,reject
what's the best way to pay my bill,reject
i'd really like to pay this bill,reject
can you help me pay this bill,reject
i am not sure how to pay my phone bill and need assistance,reject
i need to make a bill payment,reject
please pay my bill,reject
can anyone help me pay my car bill,reject
i want to pay that bill now,reject
is there anyone available to help pay an internet bill,reject
i need anyone who can help me pay my electric bill,reject
help me pay my cable bill,reject
can you pay the bill now,reject
i need your help to pay my gas bill,reject
pay my insurance bill,reject
how much did i spend at restaurants last week,reject
how much have i spent lately on eating out,reject
what did i spend at the grocery store yesterday,reject
how much money did i spend at starbucks in the last week,reject
what was the total i spent at home depot last month,reject
where did all my money go this month,reject
what have my expenditures been at macys,reject
how much did i spend this week,reject
how much did i spend on christmas gifts in december,reject
how much money did i spend yesterday,reject
what did i spend at bath and body works last month,reject
how much did i spend on lunches last week,reject
what amount did i spend last week,reject
what did i spend my money on last week,reject
how much did i spend on movies last week,reject
have i been spending a lot on groceries lately,reject
have i been spending a lot on shoes lately,reject
have i been spending a lot on food lately,reject
have i been spending a lot on alcohol lately,reject
have i been spending a lot on take out lately,reject
how much have i spent on shoes lately,reject
did i spend a lot on shoes recently,reject
how much have i spent on shoes,reject
have i have been spending a lot of money on shoes,reject
what is the total i spent on shoes recently,reject
what have i spent over the last few days,reject
how much have i spent recently,reject
how much money have i dropped recently,reject
how much money have i spent this month,reject
what's the amount of money i spent yesterday,reject
could you tell me how much i've spent over the past two weeks,reject
how much money have i spent this week,reject
could you tell me how much money i spent last week,reject
please tell me how much i have spent recently,reject
how much did i spend last week,reject
can you tell me my spending history from last week,reject
i want to know how much i spent last week,reject
i want to know my recent spending,reject
how much have i paid for rent in the last 6 months,reject
how much money have i spent on groceries recently,reject
how much did i spend on groceries today,reject
how much have i spent eating out this week,reject
what chunk of my income have i spent on rent this year,reject
what's it been costing me to buy three packs a day,reject
what have car repairs ran me this month,reject
what has gas cost me this week,reject
what did car insurance run me this year,reject
what's the total amount i've spent eating out in the last two weeks,reject
how much have i spent on alcohol recently,reject
how much have i spent on books recently,reject
how much have i spent on food recently,reject
how much have i spent on bills recently,reject
how much have i spent on clothes recently,reject
i need to know my total spending on amazon for november and december 2018,reject
please list my total spending on grocery shopping for the last two months,reject
how much have i spent on starbucks since the beginning of 2019,reject
what is my total spent on dining out for the month of january,reject
what is the total amount that i have spent on the cash app for this month so far,reject
have i spent a lot on food recently,reject
i need to know what i have spent on food recently,reject
can you tell me what i have spent on food recently,reject
what have i spent on food recently,reject
what is the amount i have spent on food recently,reject
how much have i lately spent on eating out,reject
what have i spent lately in child care,reject
how much have i spent lately on food,reject
how much money have i recently spent on entertainment,reject
how much have i paid in medical expenses recently,reject
how much did i spend on gas last week,reject
can you tell me what i spend on gas for the past two weeks,reject
yesterday what did i spend on lunch,reject
i need to know what i spend on utilities for the last year,reject
what did i spend on groceries this month,reject
have i been giving lot of money to food to food lately,reject
how much money did i use to spend on catering five hours ago,reject
how much did i spend on gear two weeks ago,reject
have i been spending a lot on roast beef lately,reject
have i been spending a ton of money on movies lately,reject
how much money did i spend on tent equipment four hours ago,reject
how much did i spend on furniture last week,reject
how much did i spend on petrol 2 days ago,reject
how much money did i spend on food last month,reject
would please let me know how much i spent on food in january,reject
could you check my account and let me know how much i spent on food in january,reject
please check and tell me the amount i spent on food last month,reject
let me know the amount i spent on food last month,reject
i have been spending a lot on food out lately,reject
i have spent a lot on groceries lately,reject
i spent a lot on vacations recently,reject
i have been spending a lot on utility bills lately,reject
i have been spending a lot on insurance lately,reject
did i go out to eat more than usual,reject
have i been spending more money at restaurants,reject
how much did i spend on food,reject
how much do i spend going out to eat,reject
what's my going out to eat tab this month vs last month,reject
how much did i spend shopping for clothes today,reject
how much did i spend the past 3 days,reject
how much did i spend on gas the past month,reject
how much have i spent on food in the past week,reject
have they approved my vacation request yet,reject
give me the status of my vacation request,reject
am i going to be able to get my vacation request,reject
i want to check on my vacation request,reject
is my vacation approved yet,reject
"my vacation, has it been approved yet",reject
have i been approved for vacation yet,reject
am i approved for vacation yet,reject
did they approve my day off request,reject
is my day off approved,reject
did they say yes to my day off request,reject
did i get my day off,reject
is my day off request approved,reject
update on vacation request,reject
what is the current status of my vacation request,reject
i need status on that vacation request,reject
how is my vacation request looking,reject
please inform me on my current vacation request status,reject
have they recieved my vacation request and approved it,reject
will my vacation be approved soon,reject
did my vacation get approved,reject
do we have good news in the form of vacation approval,reject
has my vacation request been acknowledged,reject
has my request for vacation days been signed by my supervisor yet,reject
has my supervisor approved my vacation,reject
has may supervisor approved the vacation days i asked for,reject
"on my vacation request, what is the latest information",reject
what is the news on my vacation request,reject
what is the update on my vacation request,reject
what is the most recent info for my request for vacation,reject
what is the status for what i requested for my vacation,reject
tell me about my vacation request,reject
update me on my vacation request,reject
what about my vacation request,reject
has the status of my vacation request changed,reject
has my vacation request been updated,reject
has my vacation time been signed off on,reject
what's my vacation status,reject
has my vacation been approved,reject
has my vacation been ok'd,reject
will i be allowed to take vacation,reject
are they going to let me take vacation,reject
has my request for vacation time been okayed,reject
has my vacation time at work been allowed,reject
is walmart going to let me take the vacation time i asked for,reject
i'm i okayed for vacation time,reject
did you get confirmation my vacation is a go,reject
is the request for vacation i filed with my manager at intel approved yet,reject
do you know if my vacation request went through,reject
has my manager at mcdonald's confirmed i can take vacation,reject
have they authorized my vacation,reject
i want to know if my vacation request has been approved,reject
"the status of my day off request, please",reject
do you know if my vacation request has been approved,reject
has my vacation request been approved,reject
what is the status of my vacation request,reject
any news for me regarding my day off request,reject
i want to know the status of my day off request,reject
tell me the status of my vacation request,reject
tell me the status of my day off request,reject
could you tell me the status of my vacation request,reject
i requested some vacation time; has it been approved,reject
can you share the status of my day off request,reject
was my day off request approved,reject
status of my request for vacation,reject
what's my day off request's status,reject
has my day off request been approved or denied yet,reject
has my vacation request been denied or approved yet,reject
has my request for the day off been approved yet,reject
how is the approval of my day off progressing,reject
how is the approval of my day off going,reject
whats going on with my day off request,reject
any status update on my day off request,reject
did you hear back about my day off request,reject
is my day off request still pending,reject
has anyone looked over my request for a day off,reject
has anyone approved my day off request,reject
how's my day off request looking,reject
has my day off request been looked at yet,reject
i need you to let me know what the status of my day off request is,reject
please let me know what the status of my day off request is,reject
could you tell me what the status of my day off request is,reject
would you tell me what the status of my day of request is,reject
i need to know the status of my day off request,reject
has my vacation request been approved yet,reject
has my vacation been approved yet,reject
has my time off request been approved yet,reject
check on the status of my vacation request please,reject
please check to see if my vacation request has been updated,reject
please find out the status of my vacation request,reject
do you know if my vacation was approved yet or not,reject
please tell me if my vacation has been approved or not,reject
can you look into the status of my vacation request,reject
i want to know what the latest is on my vacation request i submitted,reject
i need to know if my vacation was approved,reject
please check to see if my vacation has been approved,reject
do you know if my vacation request is still pending,reject
can you find out if my vacation time off request has been approved or not,reject
i sent in a request for vacation time off and am wondering if its been approved yet,reject
"i haven't heard if my request for time off for vacation has been approved , can you get an update for me",reject
how do i look up my credit score,reject
please look up my credit score,reject
can you figure out how to find my credit score,reject
are you able to lookup my credit rating,reject
how can i find my credit rating,reject
where can i check my credit rating,reject
say my credit score,reject
give me my credit score,reject
i want my credit score,reject
inform me of my credit score,reject
clue me in on my credit score,reject
provide me with my credit score,reject
my credit score is,reject
i need my credit score,reject
find my credit score for me,reject
what is my credit score,reject
please get my credit score,reject
can you find my credit score,reject
i'd like to know what my credit rating is,reject
please tell me my credit rating,reject
what in the world is my credit rating,reject
my credit score is what,reject
tell me my credit score please,reject
can you tell me my credit score,reject
find my credit score and tell it to me,reject
get my credit score,reject
what is my exact credit score,reject
how good is my credit score,reject
what's my credit score rating,reject
what kind of credit score do i have,reject
"if i want my credit score, how do i find it",reject
how do i find information about my credit score,reject
what is the process of finding my credit score,reject
how do i get my credit score,reject
how do i locate my current credit score,reject
where is my credit score,reject
how do i see my credit score,reject
how exactly do i find my credit score,reject
how do i locate my credit score,reject
how do i find out what my credit score is,reject
i really wanna know my credit score,reject
i wish to know my credit rating,reject
let me understand my credit rating,reject
i wanna know my credit rating now,reject
i gotta know my credit score,reject
tell me my credit rating,reject
i would love to know my credit score,reject
i wish to know my credit score,reject
i wanna know my credit score,reject
tell me what my credit rating is,reject
can you provide me my credit score,reject
i'd like the number for my credit score,reject
tell me my credit score,reject
verify with me my credit score,reject
can you help me find my credit score,reject
would you tell me my credit score,reject
how do i find my credit score,reject
will you tell me my credit score,reject
do you know my credit score,reject
how to see my credit score,reject
can i see my credit score,reject
hows my credit score,reject
websites that share credit ratings,reject
what's my credit rating,reject
how do i find out my credit rating,reject
how to locate my credit score,reject
where is my credit score located,reject
where can i find my credit score,reject
find my credit score,reject
tell me the steps to getting my credit score,reject
help me locate my credit score,reject
lets look up my credit score,reject
i would like to look up my credit score please,reject
i want to find out what my credit score is,reject
help me find my credit score,reject
what is my fica score,reject
can you reveal my credit score,reject
how is my credit score rated,reject
any idea what my credit score is,reject
show me my credit score please,reject
let me know what my credit score is,reject
is my credit score high,reject
i am trying to find my credit score,reject
show me my credit score,reject
how does my credit score look,reject
is my credit report low,reject
whats my credit rating,reject
what is my current credit score,reject
where can i check my credit score,reject
where can i see my credit score,reject
how can i find out my credit score,reject
inform me of my current credit rating,reject
please notify me of my credit rating,reject
i would like to be told about my credit rating,reject
can you tell me about my credit rating,reject
tell me my current credit rating,reject
what is the number of my credit score,reject
what's my credit score,reject
let me know my credit score,reject
how is my credit score,reject
how can i apply for a discover card,reject
can i apply for a discover card,reject
how do applications for discover cards work,reject
is this how i apply for a discover card,reject
what does it take to get a new card,reject
how do i sign up for a new credit card,reject
can i complete an application for a new credit card,reject
is it possible to get a new credit card,reject
please show me how to apply for a visa card,reject
i need to apply for a visa card,reject
i need to know how to apply for a visa card,reject
tell me how to apply for a visa card,reject
what is the process to apply for a visa card,reject
show me how to apply for a visa card,reject
can you let me know the info on how to apply for a visa card,reject
"visa card, i want to apply",reject
show me the application for a visa card,reject
how do i get a new credit card sent to me,reject
can you send me a new credit card please mine is getting old and unusable,reject
can you apply for idaho independent card for me,reject
please apply cc visa card for me,reject
apply for a kbc card for me,reject
i want to apply for a alphabank card,reject
i would like to apply for a bank of america travel rewards credit card,reject
i need to apply for a new credit card,reject
i wanna apply for a new credit card,reject
i got to apply for a new credit card,reject
i wanna apply for a bank of america travel rewards credit card,reject
i need to apply for a bank of america travel rewards credit card,reject
i desire to apply for a bank of america travel rewards credit card,reject
apply for a bank of america travel rewards credit card,reject
i must apply for a new credit card,reject
i gotta apply for a new credit card,reject
i would like to apply for a master card,reject
i would like to apply for a green card,reject
i would like to apply for a visa card,reject
i would like to apply for a credit card,reject
i would like to apply for a discover card,reject
what's the procedure to apply for a new credit card,reject
how can i get a new credit card,reject
direct me to the application for a new credit card,reject
apply for an american express card,reject
can you tell me if i might be able to apply for a new credit card,reject
might i be able to apply for a new credit card,reject
can you help me apply for a visa card,reject
i want to apply for a discover card,reject
am i eligible for a new credit card application,reject
is it possible to apply for a new credit card,reject
i think i'd like to apply for an amex,reject
am i able to apply for a new credit card,reject
application for a mastercard,reject
can i get a new card,reject
i would like to apply for a new card,reject
can i maybe apply for a new card,reject
can i please get a new card,reject
can i get a brand new card please,reject
list the steps for applying for an american express card,reject
what's the process for getting an american express card,reject
what do i need to do to get an american express card,reject
help me get an american express card,reject
help me apply for an american express card,reject
i am hoping to apply for an amex card,reject
i want to find a new credit card to sign up for,reject
how do i apply for a barclay's card,reject
walk me through the process of applying for an american express card,reject
i need help figuring out a new credit card to get,reject
i am interested in applying for a visa card,reject
i am interested in acquiring a new credit card,reject
i want to apply for a mastercard,reject
walk me through applying for a visa card,reject
i want to submit an application for a barclay's card,reject
can you help me sign up for a new credit card,reject
i need to know how to apply for a mastercard,reject
i intend to apply for an american express card,reject
tell me how to apply for an american express card,reject
i feel like it is time for me to sign up for a new credit card,reject
how to apply for platinum card,reject
"i would like to apply for a air canada card visa, can you help me",reject
please help me apply for a silver card,reject
tell me the process of applying for a apollo card,reject
can you tell me how to apply for a western card,reject
how can i apply for a visa card,reject
"how can i apply for a visa card, please",reject
"how do i apply for a visa card, please",reject
"how can i apply for a mastercard, please",reject
what if you need to obtain a new credit card,reject
what if you want to obtain a new credit card,reject
what if you want a new credit card,reject
what if you need to get a new credit card,reject
show me how i can get a new credit card,reject
can you help me find out how to get a new credit card,reject
how do i get a new credit card,reject
can you help me get a new credit card,reject
what is the process i need to follow to get a new credit card,reject
may i apply for a new credit card,reject
how do i go about applying for a new credit card,reject
i would like to apply for a new credit card,reject
could you please let me apply for a new credit card,reject
is it possible to apply for a visa card,reject
hey what do i do to apply for a visa card,reject
locate lost luggage from flight america airlines in o'hare,reject
on flight america airlines in o'hare lost luggage,reject
in o'hare lost luggage on flight america airlines,reject
lost luggage on flight america airlines in o'hare,reject
while on flight america airlines i lost luggage in o'hare,reject
it seems my luggage was lost,reject
my luggage was lost so what do i do,reject
my luggage is missing i was on spirit flight ab123 from chicago,reject
i think my luggage has been lost,reject
i think my luggage was misplaced or has been lost,reject
i lost my luggage coming from new york city on american flight ab123,reject
what step do i take if my bag got lost on the flight,reject
i lost my luggage coming from chicago on delta flight ab123,reject
what is the next step if my luggage was lost,reject
"i lost my luggage, what now",reject
i lost my luggage,reject
my luggage is missing i was on frontier flight ab123 from seattle,reject
my luggage was lost on the flight,reject
my luggage is lost i was on delta flight ab123 from detroit,reject
can you please help me find my lost luggage,reject
my luggage has not arrived and i would like help locating it,reject
my luggage has not arrived and i would like assistance locating it,reject
can you please help me locate my luggage,reject
my luggage is lost and i would like help trying to locate it,reject
im at lax and my bags aren't,reject
my bags did not arrive here at smf,reject
i got to vegas airport but my bags didn't,reject
"where are my bags, not here at the airport",reject
my bags didn't make it to the new orleans airport,reject
i'm not able to find my luggage and i was on southwest airlines flight ab123 out of houston,reject
my luggage is missing i was on american airlines flight ab123 out of dallas,reject
i just traveled on american airlines flight ab123 out of dallas i can't find my luggage,reject
i flew on southwest airlines flight ab123 out of dallas and i can not find my luggage,reject
i was on american airlines flight ab123 out of houston and i can't find my luggage,reject
what if i lost my luggage,reject
"help, i lost my luggage",reject
what to do if luggage lost,reject
how to find lost luggage,reject
what do you do if your luggage is missing,reject
what is the best way to deal with my lost luggage,reject
i'm in baggage claim at the airport and my luggage didn't make it,reject
who can i turn to if i lost my luggage,reject
i'm waiting for my luggage in the airport now but it's been a while and it's still not arrived,reject
where do i begin the process of reporting my luggage lost,reject
"my luggage is nowhere in sight, it might be lost",reject
"if i lost my luggage, where can i get help",reject
i believe it looks like my luggage has disappeared,reject
"my luggage is missing, i think",reject
it appears that my luggage has vanished,reject
can you tell me what to do as i am in the airport and have been for some time and there is still no sign of my suitcase,reject
there's a strong possibility that my luggage has gone missing,reject
how do i handle the situation if i lost my luggage,reject
is there someone i can talk to since i am in the airport waiting for my luggage which never came,reject
what should i do if i'm waiting at the airport and my luggage is not here,reject
i think my luggage got lost,reject
i believe that my luggage was lost,reject
it looks as though my luggage has been lost,reject
i don't know where my luggage is,reject
i'm having trouble finding my luggage i was on delta flight ab123 out of new york,reject
i was on delta flight ab123 out of new york and i can't find my luggage,reject
i miss placed my luggage i was on delta flight ab123 out of new york,reject
my luggage is lost i was on delta flight ab123 out of new york,reject
i was on delta flight ab123 out of new york and haven't been able to locate my luggage,reject
my luggage appears to be missing,reject
i need to find my luggage,reject
do you know where my luggage is,reject
i can't find my luggage anywhere and there's no more on the conveyor,reject
can you see if you can track where my luggage is,reject
"what the heck, where's my luggage!",reject
i can't find any of my luggage!,reject
do you know where the luggage for people on panam flight ab123 out of tuscon is,reject
who do i report lost luggage to,reject
i'm here at dia but my luggage isn't!,reject
find me the number for jet blue's customer service so i can yell at someone about my missing luggage,reject
can you help me locate lost luggage,reject
how do i find lost luggage,reject
i arrived on delta flight ab123 from juno but my luggage doesn't appear to have come with me,reject
what's the procedure to deal with lost luggage,reject
i just flew in on american airlines flight ab123 from chicago and can't find my luggage,reject
can you check where my luggage is off jetblue flight ab123 out of buffalo,reject
where's my luggage for american airlines flight ab123 out of denver,reject
how do i go about resolving my luggage that didn't arrive,reject
can you find out what happened to my luggage,reject
do you know whom i should contact since my luggage did not arrive,reject
"my luggage did not arrive, please investigate",reject
"where is my luggage, i was on delta flight ab123 out of dc",reject
"i need my luggage found, i was on delta flight ab123 out of san francisco",reject
"i can't locate my luggage, i was on jetblue flight ab123 out of detroit",reject
"my luggage is lost, i was on american airlines ab123 out of los angeles",reject
"i need assistance with my lost luggage, i was on american airlines ab123 out of talahasse",reject
help me find my luggage,reject
tell me where my luggage is,reject
how do i find lost luggage in an airport,reject
i need to figure out what to do about lost luggage,reject
"my luggage is lost,what do i do now",reject
who do i go to to find lost luggage,reject
who do i complain to about my luggage not arriving at the airport,reject
can you help me find my luggage it was lost on delta flight abc123 from houston,reject
i need my luggage that your airline lost it was flight abc123 and now it’s suddenly missing,reject
my luggage was on delta flight abc123 out of houston and now i can’t find it,reject
i didn't hear you please repeat,reject
please repeat,reject
i want you to repeat that,reject
one more time please,reject
i need you to repeat that,reject
i need you to please repeat that,reject
one more time for me please,reject
i would like that repeated,reject
just another time please,reject
say it again please,reject
i must have you repeat that,reject
say it again,reject
i need that repeated,reject
just one more time,reject
i want to have that repeated for me,reject
i want that repeated,reject
ai what was the question,reject
ai i didn't hear you,reject
ai please repeat,reject
ai could you say that again,reject
excuse me,reject
i did not hear you,reject
"i didn't get that, please repeat",reject
please repeat yourself,reject
"i didn't catch that, please repeat",reject
can you say that over,reject
restate the last thing you told me,reject
repeat what you just said,reject
i didn't catch that say it again,reject
what was that last thing you said,reject
repeat what you just told me,reject
please say that one more time,reject
hold on what was that you just said,reject
repeat that last response,reject
"i need you to repeat that, please",reject
"i did not quite hear you, can you say it again",reject
can you please repeat that response,reject
"i did not hear you, please repeat",reject
say it one more time please,reject
"i didn't hear, please say it again",reject
im sorry can you repeat yourself,reject
"i missed what you said, can you say it again",reject
"i couldn't hear you, can you repeat it",reject
i didn't hear say it again please,reject
can you repeat yourself,reject
i would like you to repeat yourself,reject
"i missed that last one, please repeat",reject
what was that,reject
i didn't hear you can you repeat that,reject
please repeat that phrase,reject
"i missed what you said, please say it again",reject
can you tell me what you just said,reject
"will you repeat that, please",reject
"could you repeat that, please",reject
"would you repeat that, please",reject
would you repeat that,reject
would you please ask the question again,reject
i am needing for you to say that again,reject
i need for you to ask the question again,reject
could you ask the question again,reject
i am going to need you to say that again,reject
"would you say that again, please",reject
repeat the question,reject
i didn't hear what you said,reject
repeat that please,reject
i didn't hear you,reject
"i didnt hear what you just said, can you say it again",reject
may you repeat what you said again,reject
"i didn't hear what you just said, can you repeat it",reject
"i didn't understand what you just said, can you repeat it",reject
"i didnt understand what you just said, can you say it again",reject
can you say what you just said again,reject
could you repeat what you just said again,reject
would you repeat what you just said,reject
will you please repeat what you said,reject
what did you just mention,reject
i need that said again,reject
i need to know again,reject
please say it again,reject
tell me once more,reject
repeat that again,reject
replay what you just said,reject
"i missed that, say it again",reject
could you say that again,reject
repeat your last message,reject
say it one more time,reject
i did not understand say it again,reject
can you please sat it one more time,reject
"i did not catch that, repeat what you just said",reject
"sorry, i didn't hear you, can you say that gain",reject
"i didn't hear you, can you repeat that louder",reject
i didn't catch that so please repeat it,reject
please run that by me again,reject
i missed that say it again,reject
can you say again,reject
please repeat what you just said,reject
can i get you to say that once more,reject
will you repeat what you just said,reject
please repeat over what you said,reject
come again with that,reject
what kind of mileage do i get out of gas,reject
what's the fuel economy of my car,reject
how many miles per gallon do i get in my car,reject
tell me my car's fuel economy,reject
what kind of gas mileage do i get,reject
what gas mileage does my car get,reject
"in my car, what's the fuel economy",reject
how many miles per gallon do i get,reject
what's my car's gas mileage,reject
how many miles per gallon does my car get,reject
look up the gas mileage for my vehicle,reject
can you tell me the miles per gallon rate of my car,reject
tell me my car's gas mileage please,reject
what is the gas mileage for the car that i drive,reject
how many miles can i drive on 1 gallon of gas,reject
how many miles does my car get per gallon,reject
what’s my gas mileage,reject
retrieve my current mpg on my car,reject
tell me the gas mileage on my car,reject
tell me my miles per gallon on my car,reject
how much mpg does this car get in the city,reject
what kind of mpg does this car get in the city,reject
how many miles per gallon does it get in the city,reject
how many miles per gallon does it get on the highway,reject
can you give me the car's mpg for the city,reject
what's the mpg for the car when it's on the highway,reject
what are the estimates for the car's highway mpg,reject
how much highway mpg does it get,reject
"for city driving, what's the car's mpg",reject
how far can the car get per gallon on the highway,reject
tell me the mpg of this car,reject
can you tell me the mpg of this car,reject
how many mpg does this car get,reject
mpg of this car,reject
what is the mpg of this car,reject
what is the mpg,reject
how much is this mpg,reject
what's my current mpg,reject
how much mpg do i have,reject
what's my car's miles per gallon,reject
calculate car mpg,reject
what's my gas mileage like,reject
is the fuel economy of this car good or bad,reject
average mpg,reject
what mpg does my car get,reject
what is my average mpg in this car,reject
tell me about this cars fuel economy,reject
do you know the fuel economy of this car,reject
what's the mpg of this car,reject
what's the miles per gallon on this car,reject
how does this do on gas mileage,reject
whats the cars fuel mileage like,reject
how does this car do on its fuel,reject
what is the city mpg for this car,reject
how many miles per gallon does this car get in the city,reject
what is the city fuel efficiency for this car,reject
what's the fuel economy for this car downtown,reject
how many mpg does this rig get when i'm in the city,reject
how much gas does this use in the city,reject
do you know what this car's mpg is,reject
how is this car rated for fuel economy,reject
what's this car guzzle in gas when driving in town,reject
what mpg does this car get on the expressway,reject
what's the non-city mpg for this car,reject
what'll this car do for gas mileage on the open road,reject
how good is the fuel usage for this vehicle,reject
what's this car get for highway driving,reject
how much gas does this car use in the city,reject
do you know the mpg for this vehicle,reject
how's the mpg for this on the freeway,reject
how many mpgs does this car get on the highway,reject
how's the fuel efficiency for city driving for this car,reject
what's this car do for fuel economy,reject
what is the amount of miles per gallon this car gets on the highway,reject
how many mpg does this get on the highway,reject
what is the highway mpg on this car,reject
how many miles per gallon does this car get on the highway,reject
does this car get good mpg on the highway,reject
what is the cars mpg on the highway,reject
what is the mpg like for this car while driving in the city,reject
what is the mpg on this car,reject
how does this cars mpg do on the highway,reject
whats the cars mpg,reject
please tell me what the mpg is for this car,reject
how does this car do with mpg in the city,reject
tell me what this cars highway mpg is,reject
what is the mpg for this car in city,reject
does this car get good mpg in the city,reject
what mpg does this car get in city,reject
what mpg does this car get on the highway,reject
how much mpg does this car get on the highway,reject
please look up the this cars mpg,reject
my mpg is how much,reject
how many miles per gallon am i getting,reject
how much is my mpg,reject
what's the mileage on my car,reject
how expensive is it to fuel this car,reject
how many miles will a gallon of gas take this car,reject
how many mpg does this car have,reject
how far can i go on one tank of gas,reject
when should i change my car oil,reject
do i need to change my oil,reject
how often do you have to change your oil,reject
how do i know when i have to change my oil,reject
when do i need to change my oil,reject
when am i due for an oil change,reject
how long before i neet to get my oil changed,reject
at how many miles am i required to get my oil changed,reject
when should my oil get changed,reject
when do i need you change my oil,reject
when is my oil due to be changed,reject
when should my oil be changed,reject
how long until i need to change my oil,reject
how many miles can i drive before changing my oil,reject
"at which mileage, should i get my oil changed",reject
when should i change my oil again,reject
at what point should the oil be changed again,reject
how much longer until i need an oil change,reject
when do i need to change the oil again,reject
when do i need to change my oil again,reject
when should i change my oil next,reject
at what point will i need another oil change,reject
when will i need another oil change,reject
when will i need to change my oil again,reject
when do i need to get an oil change,reject
when must i change oil,reject
when do i need my oil changed,reject
when should oil be changed in my car,reject
when is an oil change needed by me,reject
i really must know when should i get my oil changed next,reject
when must i change the oil in my car,reject
i gotta know when should i get my oil changed next,reject
when do i have to change oil,reject
when should i change the oil in my car,reject
when do i need an oil change,reject
when does my oil need some changing,reject
i wanna know when should i get my oil changed next,reject
i must know when should i get my oil changed next,reject
i need to know when should i get my oil changed next,reject
how often should i change my oil,reject
oil changes are typical done how often,reject
when's my next oil change due,reject
oil changes are typical done when,reject
when is my oil change expected,reject
is there a way to tell when i need my oil changed,reject
when is my next oil change,reject
tell me how i know when i need an oil change,reject
how do i know when i need my next oil change,reject
when do i need my next oil change,reject
is it time for an oil change,reject
should i get an oil change,reject
when is the best time for my next oil change,reject
what date should i next change my oil,reject
"the next time i change my oil, when should it be",reject
what duration of time should i wait before i change my oil,reject
after how long should i change my oil,reject
when will my car need an oil change,reject
can you make a note for my next oil change,reject
how long before i need an oil change,reject
when do you think i should change my oil,reject
when is my next oil change suggested,reject
what is the due date for my next oil change,reject
in how many miles do i need to schedule my oil change,reject
when is my car due for an oil change and lube,reject
how many miles can i drive before needing the next oil change,reject
"it's been 3 years since i changed my oil, how long until i have to deal with it",reject
can you check when i'm next due for an oil change,reject
"my oil seems pretty black, does that mean i should change it",reject
when's the next time i should go for an oil change,reject
"my car's been throwing cels that i think are oil related, so i'm wondering if it's time to take it in or not",reject
my next oil change is when,reject
at what time should i get my oil changed next,reject
how much longer until i need to get my oil changed,reject
what is the next date that i should change my oil at,reject
when would you recommend i get my oil changed,reject
when would it be required for me to get my oil changed,reject
when is my next oil change due,reject
what is the average time to go between oil changes,reject
do i need to have my oil changed after 3000 miles,reject
how soon should i have my oil changed,reject
how often should i have my oil changed,reject
what is the recommended time frame to change my oil,reject
how many miles can i drive before i need to change my oil,reject
how long can i go before changing my oil,reject
how long is an oil change good for,reject
i need to know when my oil should be changed,reject
when do people typically change their oil,reject
how often should the oil get changed,reject
what is the time frame for changing oil,reject
about how long before i need another oil change,reject
how long does oil last in a car,reject
do you change the oil in your car more than once a year,reject
when is my car due for an oil change,reject
when do cars need their oil changed,reject
when do i change my oil,reject
how long can you go between oil changes,reject
how often should you get an oil change,reject
when can i get oil changed,reject
when should i change this oil,reject
when to change my oil,reject
yep,reject
that is affirmative,reject
what you just said is true,reject
that is not false,reject
that is a fact,reject
i agree with the truth of what you just said,reject
i believe what you just said is true,reject
that would be great,reject
that would be awesome,reject
that is totally true,reject
oh yes,reject
yes that is right,reject
that is a yes,reject
that seems true,reject
positive,reject
true,reject
very true,reject
that will be true,reject
that appears true,reject
that is true,reject
it is true,reject
that is right,reject
that statement was correct,reject
i think that's true,reject
that is accurate,reject
"yes, that is it",reject
correct,reject
the answer is yes,reject
all right,reject
it's indeed true,reject
that's a yes from me,reject
yes you are correct,reject
that's a definite yes,reject
yes that's it,reject
i vote yes,reject
that is correct,reject
"yes, that is true",reject
"yep, that's right",reject
yeah that's what i want,reject
you got it,reject
"yeah that's right, so true",reject
true is my response,reject
"yes, that's affirmative",reject
"yes, you got it",reject
absolutely!,reject
do that,reject
absolutely correct,reject
confirm,reject
"yes, i'd really like that alot",reject
"agreed, that's valid",reject
"affirmative, go ahead",reject
yes that's correct,reject
"yeah, that's how it is",reject
"yeah, that's right",reject
of course,reject
that's the truth,reject
exactly right,reject
"yes, that's accurate",reject
"yes, that is accurate",reject
"yes, that's what i want",reject
"yes, that is a fact",reject
"yes, that is correct",reject
"yes, that's confirmed",reject
indeed,reject
yes,reject
uh-huh,reject
"correct, that's true",reject
"yes, that's correct",reject
yeah,reject
yeap,reject
ok,reject
sure thing,reject
yes you are right,reject
yes you are,reject
yes i do like that,reject
yes that is correct,reject
yes i am,reject
i think it's true,reject
that would be yes,reject
that would be true,reject
i believe that's true,reject
uh huh,reject
"yep, that's true",reject
"yes, that is actually true",reject
"yes, that's it",reject
"yes, that is right",reject
"correct, it is affirmative",reject
the answer to that is a resounding yes,reject
i can confirm it is affirmative,reject
my response to that is yes,reject
i have to say affirmative on that one,reject
i would have to say yes as my answer,reject
the answer to that is affirmative,reject
"that is true, yes",reject
it is definitely affirmative,reject
is is very much true,reject
it is a true,reject
its a for sure true,reject
yes sir,reject
it's true,reject
can you give me some suggestions to go site seeing when i get there,reject
can you get me any recommendations for the place i'm traveling to,reject
please suggest some fun tourist activities in tokyo,reject
i need help with some fun tourist things to do in tokyo,reject
could you tell me what fun tourist things i could do in tokyo,reject
what should i do for fun in tokyo,reject
what do tourists do in tokyo,reject
what sites are there to see when in evans,reject
what can i do in evans,reject
name some things i should do while in evans,reject
"if i go to evans, what should i do",reject
what is there to do in evans,reject
what can i do in new orleans for fun,reject
what do you recommend to do in vegas,reject
is there anything fun to do in berlin,reject
find something fun for me to do in dallas,reject
what's fun to do in thailand,reject
where should i book my next trip,reject
what are some hot travel destinations,reject
what's a good place to travel to,reject
where should i travel to next,reject
what's the best place to travel to this time of year,reject
"when visiting chicago, what things can i do there",reject
what are some good restaurants in chicago,reject
what are some activities to do in chicago,reject
"when travelling in chicago, what kinds of attractions should i see",reject
what kind of entertainment is available in chicago,reject
show me some things to do in gatlinburg,reject
what are the main attractions in gatlinburg,reject
name the five star attractions in gatlinburg,reject
what are some of the attractions in gatlinburg,reject
what are the most popular attractions in gatlinburg,reject
where should i spend my time off,reject
give me some awesome travel destinations,reject
what's the best place to just get away from it all,reject
what are some tourist sites to see in ann arbor,reject
name some tourist things to do in chicago,reject
"in austin, what are some tourist things to do",reject
name some tourist things to do in seattle,reject
"what are some fun, tourist sites to see in nyc",reject
what experiences does kentucky offer,reject
what's something interesting to do kentucky,reject
what things are there to do in kentucky,reject
what could i do for fun in kentucky,reject
what does kentucky have to offer for things to do,reject
what are the big tourist sites in sweden,reject
what are some fun things to do in sweden,reject
can you tell me about the best tourist attractions in sweden,reject
what are some of sweden's best sights,reject
what can i do in nashville,reject
help me find things to do in nashville,reject
can i do a lot in nashville,reject
i need ideas for things to do in nashville,reject
do you know of any activities in nashville,reject
what are some touristy things to do in boston,reject
what kinds of fun things are there in boston for tourists,reject
are there any exciting tourist things to do in boston,reject
what kinds of fun touristy things are there to do in boston,reject
are there any fun tourist things to do in boston,reject
what are some fun things i can partake in in atlanta,reject
tell me things i can do in chicago,reject
provide me with ideas of things we can do in charlotte,reject
give me a list of things to do in orlando,reject
where should i travel if i want to visit some history museums,reject
i'd like some suggestions on where to go on my vacation this year,reject
"are there any interesting things to do in atlanta, georgia",reject
"is there anything fun to do in manassas, virginia",reject
i want to travel this year but i need some suggestions,reject
where should i travel if i want to go to a nice beach,reject
give me some ideas on what i can do in seattle for fun,reject
"what do you suggest for entertainment in tampa, florida",reject
"what are some fun things to do in butte, montana",reject
"in portland, what things are there to do",reject
what things can i do in portland,reject
what are some things i can do in portland,reject
what are some things to do in portland,reject
what things are there to do in portland,reject
what is there to do besides drink in germany,reject
what festivals are there to see in paris,reject
what fun is there to do in england,reject
where is the best winery in the south of france,reject
what should i do in france,reject
where do you suggest i plan my next vacation,reject
what are your best travel suggestions,reject
what are some suggestions for places to travel,reject
what do people in sioux falls do for fun,reject
what's there to do in seattle,reject
are there any interesting activities to do in austin,reject
where's a good place to go if i want to see mountains,reject
what's a nice place to visit a beautiful beach,reject
what should i do in bangor,reject
what do tourists do for fun in seattle,reject
are there any fun tourist activities in australia,reject
what's a good use of my time in toronto,reject
what can a tourist in denver do,reject
what sort of things do people do in new york,reject
tell me some things to see in tampa,reject
is there anything neat to do in boston,reject
what are some interesting things to do in dc,reject
what's the funnest thing for a tourist to do in iceland,reject
what do my health benefits consist of,reject
what health benefits are available to me,reject
what health benefits can i use,reject
what are the health benefits i have,reject
what health benefits do i have,reject
i need to know my health benefits,reject
what is my health plan,reject
what's the name of my medical coverage,reject
i need to know more about my health plan,reject
are my health benefits good,reject
tell me what my health plan is called,reject
do i have many health benefits,reject
tell me about my health insurance,reject
what is the name of my health insurance,reject
list all of my health benefits,reject
my insurance gives me what benefits,reject
what benefits are available with my insurance,reject
what benefits does my insurance provide,reject
what benefits are provided by my insurance,reject
my insurance benefits are what,reject
what benefits do i get from insurance,reject
give me information on my health plan,reject
i'd like to know about my health plan,reject
can you tell me my health plan,reject
insurance benefits,reject
what benefits are associated with my insurance,reject
can you tell me my insurance benefits,reject
what benefits does my insurance have,reject
i'm curious what health plan i'm on,reject
i'm wondering what health plan i'm on,reject
can you let me know what health plan i'm on,reject
do you know the health plan i'm on,reject
is it possible for you to let me know what health plan i'm on,reject
tell me about my insurance benefits,reject
list my insurance benefits,reject
list insurance benefits,reject
insurance benefit information,reject
insurance benefit details,reject
give me the name of the insurance plan that i enrolled in,reject
tell me the name of my insurance plan,reject
what is the name of my insurance plan,reject
what is the name of the insurance plan that i'm enrolled in,reject
please provide the name of the insurance plan that i'm enrolled in,reject
what's the healthcare plan i'm on,reject
what's the deal with my health care,reject
what's my current health care plan,reject
any word on my healthcare plan,reject
what healthcare plan do you have me on,reject
i need you to tell me what benefits are included in my insurance,reject
please find the benefits provided by my insurance,reject
what benefits do i have with my insurance,reject
can you tell me what is included in my health benefits,reject
please tell my what insurance plan i registered for,reject
"i need to know what my health benefits cover, please",reject
"i would like to hear a list of my insurance benefits, please",reject
what is the insurance plan that i'm signed up for,reject
please tell me what's provided in my health benefits,reject
which insurance plan do i currently have,reject
can you tell me the name of the insurance plan i'm a member of,reject
remind me of which insurance plan i'm currently enrolled in,reject
what benefits does my health coverage give me,reject
i would like to know all of the covered benefits that are given by my health care plan,reject
can you tell me what benefits i receive with my insurance,reject
is there an insurance plan for my health,reject
can i see my health benefits,reject
what are the benefits i get for my health,reject
what is the aid i get from these health benefits,reject
can i obtain health benefits,reject
give me info on my health plan,reject
what was my health plan again,reject
what health plan do i have,reject
tell me my health plan,reject
what's my health plan,reject
"which insurance plan am i enrolled in, please",reject
"what type of insurance plan am i enrolled in, please",reject
what kind of insurance plan am i enrolled in,reject
"what kind of insurance plan am i enrolled in, please",reject
may i know my insurance benefits,reject
where is the list of my insurance benefits,reject
what's my insurance benefits like,reject
how do i know my insurance benefits,reject
what insurance benefits am i getting,reject
how would you define my health benefits,reject
will you summarize my health benefits,reject
define my health benefits,reject
how would you describe my health benefits,reject
what is the definition of my health benefits,reject
can you explain my benefits,reject
whats included with my insurance,reject
what insurance benefits do i have,reject
what do my benefits look like,reject
what benefits are included in my package,reject
what are my insurance assets,reject
what are my insurance advantages,reject
what are my insurance perks,reject
what are my insurance rewards,reject
what are my insurance amenities,reject
do you know what my health benefits are,reject
please look up the name of my insurance plan,reject
can you tell me the name of my insurance plan,reject
i need to add the chore of vacuuming to my task list,reject
put wash the counters down on my list of pending tasks,reject
take doing the dishes off my todo list,reject
blank out my todo list,reject
erase all items on my todo list,reject
delete everything on my todo list,reject
add clean bathroom to my to do list,reject
go ahead and take cleaning the bathroom off my todo list,reject
you can remove vacuuming off the todo list,reject
make my todo list blank,reject
please take shoveling the car off my todo list,reject
i'd like you to remove throw away dvds off my todo list,reject
put clean stovetop on my list of reminders,reject
nuke all items on my todo list,reject
will you put change the light bulbs on my list of things to do,reject
delete everything from the task list,reject
hurry up and just erase everything from the todo list,reject
can you kindly clear my agenda list,reject
hey just take off everything from my todo list,reject
i don't want to do anything today so just clear the todo list,reject
please include feeding the fish on my to do list,reject
please remove laundry from my list of chores,reject
please clear out my whole to do list,reject
i want you to clear out my to do list,reject
i want you to add cleaning the toilet to my to do list,reject
make sure my to do list is completely clear please,reject
please include laundry on my to do list,reject
can you please add take out recycling on my list of chores to complete,reject
please get rid off everything on my to do list,reject
please take feeding the fish off of my list of tasks to complete,reject
i need to add dusting the bookshelf to my to do list,reject
please put washing the dishes on my list of tasks to accomplish,reject
please be sure to put folding laundry on my to do list for me,reject
please put watering the plants on my to do list,reject
please erase everything on my to do list,reject
take watering the plants off of my to do list,reject
"i just finished taking out my recycling, so cross that off my to do list",reject
can you check washing the dishes off on my to do list,reject
i need laundry put on my list of tasks to complete,reject
please add watering the plants to my current to do list,reject
to my domestic task list please add paint kitchen,reject
add to my task list get carpet cleaned,reject
add clean the bathroom to my task list,reject
put clean refrigerator on my spring cleaning to do list,reject
on my big project task list please add paint shutters in spring,reject
delete my to do list,reject
"erase get a haircut from my to do list, please",reject
i need to include a stop at the pharmacy to the list of things to do,reject
please cross off schedule acupuncture appointment off of the to do list,reject
please put my acupuncture appointment on my to list,reject
"can you add a trip to the post office to my to do list, please",reject
please also list wash laundry on my to do list,reject
will you please put remember to drop off at the dry cleaner's to my current to do list,reject
would you kindly remove five mile run from my list of things to do,reject
"let's go ahead and scratch laundry off my to do list, please!",reject
can you delete lunch with david from my to do list,reject
put dishes on to do list,reject
"on my to do list, add dishes",reject
i need to do dishes put it on my to do list,reject
add dishes to my list,reject
cleaning needs to be on my to do list,reject
please add cleaning on my list to do,reject
cleaning needs to go on my list of things to do,reject
"on my to do list, add cleaning",reject
i need to do cleaning so add it to my to do list,reject
"on my to do list, i need cleaning added",reject
put cleaning on my to do list,reject
please put cleaning on my list of things to do,reject
add cleaning to my to do list,reject
"on my list of things to do, add cleaning",reject
can you place laundry on my to do list,reject
help remind me that i need to add laundry to my list of housework,reject
if you could remind me about doing laundry i would appreciate it,reject
please remind me to add laundry to my list of chores,reject
add laundry to my list of shit to do,reject
add change filters to my to do list,reject
add schedule appraiser to my to do list,reject
add mop bathroom to my to do list,reject
add do laundry to my to do list,reject
put buy dog food on my to do list,reject
"on my to do list, add exercising",reject
remove all items from todo list,reject
add grocery shopping to my list of things to do,reject
clear out my entire todo list,reject
remove laundry from my todo list,reject
put laundry on my to do list,reject
nix folding laundry from my todo list,reject
add washing dishes to my to do list,reject
cross volunteering off my todo list,reject
take everything off my todo list,reject
i no longer need to wash dishes; take it of my list,reject
delete everything on my to do list,reject
mark down cleaning the bathroom on my list of things to do,reject
throw mopping onto my to do list,reject
can you remind me to mop later by putting it on my to do list today,reject
will you make sure that mopping is on my to do list,reject
will you add mopping to my to do list please,reject
can you put mopping on my to do list,reject
place cleaning the backyard on my list of things to do,reject
please put the meeting with carla on my to do list,reject
tell me my reminders,reject
tell me my current reminders list,reject
please read my reminders,reject
will you repeat my reminder list,reject
check my reminders for mop and floor,reject
read my reminder list to me,reject
is mop the floor already in my reminders,reject
read back the reminder list,reject
what's on the reminder list,reject
read my reminders to me,reject
check my reminders for mop the floor,reject
what reminders do i have,reject
read what i added to the reminder list,reject
can you list each item on my reminder list,reject
can you tell me what reminders i've set,reject
tell me what's on my reminder list,reject
do i have any reminders to look up how to properly do a potato in my microwave,reject
do i have a reminder for our neighbor's anniversary,reject
tell my all my reminders,reject
is respond to the professor's email on my list of reminders,reject
read me my reminders list,reject
go through all the reminders on my list and state what they are,reject
is there a reminder for my aa meeting on my list,reject
speak back to me what's on my reminder list,reject
iterate the items on my reminder list,reject
please go through my reminder list and tell me what's on it,reject
did i add to my reminder list that i need to take the car in for an oil change,reject
what did i want to remember again,reject
what did i put on my list of reminders,reject
can you tell me the reminders i have set up,reject
what were the reminders that i made,reject
i wanted to remember what again,reject
can you remind me what i was trying to remember,reject
i had a list of reminders what were they,reject
remind me of what i asked you to remember,reject
what reminders did i have,reject
what are the thing i told you to help me remember,reject
read my reminders please,reject
what's on my reminder list today,reject
do i have anything in my reminders,reject
what did i ask to be reminded about,reject
check if getting a light bulb is on my list of reminders,reject
is buying a light bulb on my reminders list,reject
confirm that buy a light bulb is on my list of reminders,reject
please read my list of reminders,reject
what is now on my reminder list,reject
what things are currently on my reminder list,reject
tell me what is showing up on my reminder list,reject
what are the items on my reminder list,reject
can you read my list back to me,reject
can you repeat my list back to me,reject
can you describe my list back to me,reject
what is on my reminder list,reject
is checking the mail on my list of reminder,reject
i want to see my reminder list,reject
what do i want to remember,reject
let me know what is on my reminder list,reject
can you please repeat my list back to me,reject
tell me what is on my reminder list,reject
let me see the reminder list please,reject
can you read me my list of reminders,reject
what do i have on my list of reminders,reject
what did i list in my reminders,reject
"i wanted to remember some things, what were they",reject
can you remind me the things i was trying to remember,reject
let me know what's on my list of reminders,reject
can you tell me what things i was trying to remember,reject
tell me what's on my reminders list please,reject
what were those things i was trying to remember,reject
do you know what things i wanted to remember,reject
what are in my reminders list,reject
my list of reminders is what,reject
on my list of reminders is what,reject
the lists of my reminders is what,reject
reminders of my list is what,reject
is there a reminder set to clean the gutters,reject
what do i have on my reminder list,reject
please read all the items on my reminder list,reject
can you tell me all the reminders i have set on my reminder list,reject
did i request a reminder for my niece's graduation,reject
"can you read my reminder list, please",reject
is the company party on my list of reminders,reject
did i set up a reminder to clean the bathroom,reject
what did i include on my list of things to remember,reject
please look to see if paying bills is on my reminders list currently,reject
please tell me everything on my list of reminders,reject
tell me if flipping the mattress is on my list of reminders please,reject
i need to know the content of my list of reminders,reject
tell me everything i included on my list of things to remember for later,reject
check to see if picking up glenn from the airport is on my list of reminders,reject
go through my reminder list with me please,reject
i would like to hear you read my reminder list to me,reject
i want to hear what is on my reminders list,reject
read my list of reminders to me,reject
tell me what i had wanted to remember earlier,reject
did i include cleaning the hamster cage on my list of reminders,reject
walk me through the items on my reminder list,reject
i need to know what it is that i wanted to remember before,reject
please give me a rundown of my reminder list,reject
i want to hear everything on my reminder list,reject
can you slow your speaking down,reject
slow down your talking too fast i don't understand you,reject
you're talking too fast i need you to slow it down,reject
"you're speaking too fast, slow down",reject
can you speak slower please,reject
can you please speed up your speech settings,reject
i want you to adjust your speaking to be faster,reject
can you speak faster please,reject
i want you to speak to me faster,reject
decrease the speed of your speech please,reject
please speed up your speaking pattern,reject
i want you to talk more slowly,reject
"your voice speed is too slow, please increase it",reject
i want your speech settings to be made slower,reject
"you are talking far too fast for me, can you slow it down a bit",reject
please make it so you say your words more slowly,reject
can you talk slower please,reject
can you speed up your speech please,reject
i want you to talk more quickly,reject
"you are talking too fast for me, please slow down",reject
"please increase the speed of your speech, it is too slow",reject
could you slow down your speech,reject
please increase the speed of your talking,reject
please slow down i can't understand you,reject
i want you to speak more slowly to me,reject
speed up your speech,reject
speak slower,reject
i'd like you to talk faster,reject
speak at a slower rate,reject
"talk slower, please",reject
slow your roll,reject
slow your speech,reject
slow down your speech,reject
slow down your talking,reject
"speak faster, please",reject
"speak more quickly, please",reject
i need you to speak faster,reject
you should talk faster,reject
slow your speech down,reject
present your speech at a slower pace,reject
can you slow down,reject
make your speed a bit slower,reject
can you please speed up your speech,reject
make your speech slower than now,reject
change the speed of your voice to slower,reject
slow down,reject
can you please slow down,reject
find a new voice that is slower than your current voice,reject
can you please talk faster,reject
talker faster please,reject
slow the speech down,reject
"hey, speak slowly",reject
reduce your speed of voice,reject
"hey ai, don't speak fast",reject
"hey, slow down and take your time",reject
"hey ai, reduce your speed of speaking",reject
can you slow down your speech,reject
how do i slow down my ai's voice,reject
could you speak a little more slowly,reject
how do i change your options so that you speak more slowly,reject
how do i change the speed of my ai's voice,reject
adjust speech rate to a faster setting,reject
please use a quicker rate of speech,reject
speak faster,reject
speed up your talking please,reject
could you not talk so slowly,reject
can you please talk slower,reject
can you talk a bit slower please,reject
can you please not talk so fast,reject
speak slower please,reject
please don't speak so fast,reject
can you speak with me using faster speech,reject
please say things more quickly,reject
will you speak more rapidly,reject
i would like you to increase the speed of your speech please,reject
i'd like you to speak a bit slower,reject
can you change how fast you're talking to speak more slowly,reject
i can't understand you because of how rapidly you're speaking,reject
can you slow down how fast you talk,reject
please speak slower,reject
whoa whoa please slow down,reject
is there any way you can decrease your speaking rate,reject
"why are you talking so sloooooooooowly, please speed it up!",reject
can i get you to talk at a slightly faster rate,reject
can you talk at a normal speed please,reject
please stop talking so fast,reject
"hey, stop talking like you're a stretch taped",reject
please slow down how you're speaking,reject
you're talking too quickly for me to understand,reject
is it possible to speed up of your replies,reject
where do i find instructions on how to speed up voice replies,reject
how do i speed up the speech of this ai,reject
"sorry, can you speak a little faster",reject
"sorry, can you speak a little quicker, please",reject
"can you speak a little faster, please",reject
"sorry, can you speak a little faster, please",reject
"could you speak a little faster, please",reject
i need to change your voice settings,reject
can you slow down the speed in which you speak,reject
you're speaking too fast and i need to change that,reject
how's the air pressure in my tires,reject
what's my tires current air pressure,reject
what's the amount of air in my tires right now,reject
are my tire's air pressure good enough to drive on,reject
what's the inflation of my tires,reject
what's the current psi for my tires,reject
how low is the pressure in my tires,reject
what's the current tire pressure of my tires,reject
is the air pressure in my tires low,reject
what's my current tire pressure,reject
is the air pressure on my tires low,reject
do i need to fill up my tires,reject
are my tires in need of air,reject
should i put air in my tires,reject
are my tires requiring a fill-up,reject
are my tires good on air,reject
have my tires got adequate amounts of air in them,reject
do i need more air in my tires,reject
should i be concerned about the air in my tires,reject
how is the air level in my tires,reject
how much air is in my tires,reject
is there air in my tires,reject
air amount in tires,reject
how high is the air in my tires,reject
how much air remains in my tires,reject
what is the tire pressure in my car,reject
are my tires full or low,reject
what is the current tire pressure level in the car,reject
tell me my car's tires' air pressure,reject
do i need to fill my tires,reject
tell me my tires' air pressure,reject
what's my tires' air pressure,reject
what's my car's tire pressure,reject
what is the air pressure in my tires,reject
can you tell me the tire pressure in my car,reject
what's my air pressure right now,reject
what's the air level in my tires,reject
tell me my car's tire pressure level,reject
how many psi's are my tires at the moment,reject
the car feels wobbly so check my tire pressure,reject
what is my current tire pressure for each tire,reject
tell me ths pressure of my tires,reject
please measure my tire pressure,reject
"the cars riding funny, does the tire pressure feel low to you",reject
can you check the tire pressure,reject
do the tires look a little low on pressure,reject
what is the pressure like on my tires,reject
measure tire pressure,reject
check my car's tire pressure,reject
gauge the tire pressure,reject
how much pressure is in my car's tire,reject
what is my car's tire pressure,reject
are my tires fully inflated,reject
do i need to inflate my tires,reject
are my tires aired properly,reject
are my tires ok on pressure,reject
is the pressure in my tires optimal,reject
are my tires properly inflated with air,reject
are my tires good on pressure,reject
do my tires have enough air,reject
please check and report on my tire pressure,reject
how's my tire pressure,reject
i want an evaluation of my car's tire pressure,reject
can you give me a reading of my car's tire pressure please,reject
i would like to know my car's tire pressure please,reject
how are my tires,reject
are my tires low,reject
should i air up the tires,reject
do the tires need air,reject
how is the tire pressure,reject
how much pressure are currently in my tires,reject
how much pressure is in my tires,reject
whats the pressure like in my tires,reject
how are the tires on air pressure,reject
please check the pressure in my tires,reject
hows the air in my tires,reject
i am needing to know how low the air in my tires are,reject
tell me how low the air in my tires are,reject
i want to know how low the air in my tires are,reject
let me know how low the air in my tires are,reject
would you let me know how low the air in my tires are,reject
what does my tire pressure look like,reject
are my tires under-inflated,reject
is my tire pressure in the correct range,reject
do my tires need air,reject
should i pump my tires,reject
are my tires low on air,reject
do my tires seem too low on air,reject
would it be smart to put air in my tires,reject
what's the tire pressure of my car,reject
is my tire pressure okay,reject
can you tell me what's the car's tire pressure,reject
tire pressure please,reject
can you check my tire pressure,reject
can you tell me what my tire pressure is,reject
can you check the air in my tires,reject
check how much air is in my tires,reject
how much air do i have in my tires,reject
tell me what my tire pressure is,reject
how full are my tires,reject
"no, that's incorrect",reject
that's not true,reject
"that is not true, it's false",reject
no way,reject
not really,reject
naw,reject
nay,reject
i must say no,reject
i think not,reject
that is actually false,reject
i gotta say no,reject
no thanks,reject
no is the answer,reject
i don't think so,reject
it's a no,reject
i think it is false,reject
not true,reject
that is not true,reject
not at all,reject
that turns out to be false,reject
"please, no",reject
not that,reject
definitely not,reject
i would have to say the answer to that is no,reject
i say no to that question,reject
"no, that is my response",reject
"i don't believe that is possible, it is false",reject
i would say that the statement is definitely false,reject
i am afraid that that is not the case,reject
"no, that information is wrong",reject
that is a completely false statement,reject
that would be a no,reject
"i do not think that is true, so i would say it is a false statement",reject
"incorrect, it is certainly a false statement",reject
i do not believe that that is correct,reject
the answer is definitely no,reject
"sorry, that is not true",reject
that's a negative,reject
no!,reject
that's not right,reject
"no, don't do that",reject
"i don't like that, no",reject
no way!,reject
"oh hell no, that'd be terrible!",reject
that's inaccurate,reject
that's not what i want!,reject
that's completely false,reject
that's incorrect!,reject
that's totally wrong!,reject
that's a hard no from me,reject
no don't do that!,reject
no that is not right,reject
false for sure,reject
that's definitely false,reject
"nope, that's false",reject
"no, that is not right",reject
"no, that is inaccurate",reject
"no, that can't be right",reject
that is untrue,reject
i disagree that is false,reject
what you just said is false,reject
that is erroneous,reject
no that's wrong,reject
that isn't the right answer,reject
the information is wrong,reject
that is not correct,reject
that is not right,reject
that is wrong,reject
i'll pass,reject
not that one,reject
"that's not right, so no",reject
the answer is false,reject
"no, that is not right at all",reject
that is overwhelmingly false,reject
that's not right it's false,reject
i say negative,reject
negative for sure,reject
nope,reject
no thank you,reject
that is not the case,reject
no that isn't the case,reject
no that isn't it,reject
no that isn't correct,reject
"that would be ""no",reject
you are wrong,reject
no that is wrong,reject
that is false,reject
negative,reject
what you just said is wrong,reject
that’s actually wrong,reject
that’s not correct,reject
that’s incorrect,reject
are you sure i don’t think that’s correct,reject
that'd be a no,reject
nada,reject
the answer is no,reject
i think that's false,reject
i believe that to be false,reject
it seems not,reject
that would be false,reject
is the apr on my credit card good,reject
how good is the apr on my credit card,reject
do i have a good apr on my credit card,reject
does my credit card apr fall into a good range,reject
tell me how the apr on my hy-vee card is,reject
what's my apr on my discovery card,reject
what's an example of a good apr and what do i have,reject
how much is my apr on my bank of america card,reject
is my visa card's apr decent,reject
how good is the apr on my mastercard compared to others,reject
is the apr rate on my amex pretty good,reject
can you inform me what my apr is on my visa,reject
how high is the apr on my mastercard,reject
how much is my amex's apr,reject
what's the current apr for my mastercard,reject
how much do i pay in apr on my amex card,reject
what is the apr on my master card,reject
what is the apr on my visa card,reject
what is the apr on my discover card,reject
what is the apr on my chase freedom card,reject
what is the apr on my american express card,reject
what is the credit card apr exactly,reject
what is the credit card apr at the moment,reject
what is the credit card apr if you could fill me in,reject
what is the credit card apr please,reject
what is the credit card apr if you could tell me,reject
could you tell me what is the apr for the credit card,reject
could you please state the apr for the credit card,reject
what is the credit card's apr,reject
what is the apr for the credit card,reject
could you please tell me the apr for the credit card,reject
what is the apr rate on my bank of america card,reject
"i need to know on my citibank card, what is the apr",reject
i need to know the apr on my credit union visa,reject
"on my bank of america visa, what is the apr",reject
what is the apr on my aaa visa card,reject
review of my card apr,reject
how good is card apr,reject
can you give me an appraisal of my card's apr,reject
tell me the apr on my mastercard,reject
give me the apr for my mastercard,reject
fill me in on the apr for my american express card,reject
would you say that my card's apr is,reject
give me information about my card's apr,reject
what is the apr on my barclay's card,reject
i need to know the apr for my visa card,reject
can you look into whether my card has good apr or not,reject
tell me how good the apr is on my card please,reject
i must know my visa card's apr,reject
i need the apr on my visa card,reject
get me the apr on my visa card,reject
the apr on my visa card is what,reject
can you tell me the apr on my visa card,reject
my visa card  what's the apr on that,reject
"the apr on my disney visa, what is that exactly",reject
i'd like to know the apr on my visa card,reject
"hey siri, tell me the apr on my disney visa",reject
"check the apr on my disney visa, please",reject
how much is the apr these days on my nordstrom credit card,reject
"on my wells fargo mastercard, what is the current apr",reject
tell me the current apr on my visa card from bbt,reject
what is the apr on my chase visa,reject
what will the apr on my transferred balance be after the first year on my bank of america credit card,reject
what's my apr on the credit card i used for a purchase a week ago,reject
what's my apr on the card i recently used to make a purchase,reject
what's my apr on my primary credit card,reject
what's my apr on this card,reject
what's the apr like for my credit card,reject
this credit card's apr is what,reject
what apr do i have with my credit card,reject
what apr does this credit card have,reject
what is the apr to my credit card,reject
i want you to tell me my credit card's apr,reject
tell me what my credit card's apr is,reject
would you please inform me about my credit card's apr,reject
do you know my credit card's apr,reject
it would be great if you could tell me my credit card's apr,reject
what is my credit card's annual percentage rate,reject
tell me my credit card's annual percentage rate,reject
"my credit card's apr, please",reject
can you let me know my credit card's apr,reject
what is my apr for my credit card,reject
what is my apr,reject
i want to know my credit card apr,reject
is my apr for my credit card available,reject
tell me my credit card apr,reject
"what's the apr on my visa card, please",reject
what's the apr on my amex card,reject
"what's the apr on my amex card, please",reject
"what is the apr on my amex card, please",reject
what is the apr on my amex card,reject
give me my credit card's apr,reject
what is the apr for my credit card,reject
please say my credit card's apr,reject
what is my credit card's apr,reject
please say the apr for my credit card,reject
credit card annual rate,reject
what's the annual rate on my discover card,reject
tell me the apr of my credit card,reject
what's the apr of my discover card,reject
what's the nutritional info for spaghetti,reject
what's the nutritional info for pizza,reject
how healthy are potato skins,reject
how healthy is spaghetti,reject
share the nutrition info for brownies with me,reject
share the nutrition info for french fries with me,reject
what's the nutritional info for potato skins,reject
what's the nutritional info for lasagna,reject
how healthy are french fries,reject
share the nutrition info for spaghetti with me,reject
share the nutrition info for cake with me,reject
what's the nutritional info for french fries,reject
how healthy is tomato soup,reject
share the nutrition info for pizza with me,reject
what do you know to be the nutritional info for macaroni and cheese to be,reject
the nutritional info for macaroni and cheese is what,reject
can you read to me the nutritional info for macaroni and cheese,reject
do you know the nutritional info for macaroni and cheese,reject
can you remember the nutritional info for macaroni and cheese,reject
is it healthy to eat pizza,reject
is pizza healthy,reject
how healthy is pizza,reject
could pizza be healthy,reject
is pizza considered healthy,reject
"i'd like to know the nutritional content of eggs, please",reject
what's the nutrition content of chicken nuggets,reject
give me the nutrition facts for chicken breast,reject
what's the nutritional information for steak,reject
can you tell me the nutritional content of chicken nuggets,reject
what's the nutritional information of iceberg lettuce,reject
what kind of nutritional content do carrots have,reject
nutritional information for celery,reject
what are the nutritional facts of waffles,reject
can you tell me the nutrition info for pork sausage,reject
what's the nutritional info for an apple,reject
what's the nutritional info for chicken breast,reject
what's the nutritional info for a banana,reject
what's the nutritional info for a cheeseburger,reject
what's the nutritional info for a loaf of bread,reject
mashed potato's nutrition,reject
nutrition information of mashed potatoes,reject
what are the nutritional data for mashed potatoes,reject
are mashed potatoes good nutrition,reject
give me the nutritional information for mashed potatoes,reject
how healthy are apples,reject
i want to know if pizza is healthy,reject
can you tell me how healthy apples are,reject
are pasta dishes healthy,reject
do you know the nutrition facts for grapes,reject
i must know the nutritional info for grapes,reject
grapes have what kind of nutritional facts,reject
tell me the nutrition for grapes,reject
can you show me the nutrition facts for grapes,reject
i want to know the nutrition info for chicken nuggets,reject
tell me the nutritional information for chicken nuggets,reject
"nutrition information for chicken nuggets, please",reject
can you tell me the nutritional information for chicken nuggets,reject
i would like you to share with me the nutrition info for chicken nuggets,reject
i want to know how nutritious an avocado typically is,reject
can you give me nutritional info on oranges,reject
can you tell me how many calories are in an apple,reject
i would like to know how much fat is in tbsp of olive oil,reject
can you give the nutritional information for the pasta,reject
let me see the nutrition content of the chicken tacos,reject
i need to see the chicken salad's nutritional info,reject
i need to know all about the nutrition of the beef taco,reject
i want to see the nutritional content of the hamburger,reject
what sort of nutrients does a steak have,reject
what's the facts about nutrients in rice milk,reject
what type of nutrition does spaghetti have,reject
how many kinds of nutrients does a glass of rice milk have,reject
can you give me information about the nutrition facts for celery,reject
what's the nutrient make up of a plate of spaghetti,reject
what's the nutrient info for a donut,reject
what's the nutritional info for a ganola bar,reject
can you tell me about the nutrients in jello,reject
how many nutrients are there in a bowl of cereal,reject
i need to know how healthy meatloaf is,reject
what are the nutrition facts of grilled chicken,reject
what are the nutrition facts for macaroni and cheese,reject
please fill me in on the nutrition facts for shrimp scampi,reject
is spaghetti healthy,reject
tell me how healthy mac and cheese is,reject
please give me the nutrition facts for chicken parmesan,reject
how healthy is grilled chicken,reject
i want to know the nutrition facts for pizza,reject
do you have nutrition facts for cheerios,reject
where are the nutrition facts for cheerios,reject
how nutritious are cheerios,reject
where on the cheerios box are the nutrition facts,reject
does the box have nutrition facts for cheerios on it,reject
what are the nutrition facts for a mcdouble at mcdonalds,reject
how healthy are lunchables,reject
what are the nutrition facts for a medium popcorn at the movies,reject
what's the nutritional info for a subway chicken sandwhich,reject
what are the nutrition facts for a rodeo cheese burger at burger king,reject
how healthy is pho,reject
what's the nutritional value for a pizza lunchable,reject
how healthy is stax chips,reject
what's the nutritional info for a cup of noodle soup,reject
does my calendar have anything for january 1st,reject
what is there on january 1st on my calendar,reject
are there any events on my calendar for january 1st,reject
what do i have to do on january 1st,reject
do i have anything scheduled on january 1st,reject
what items do i have on my calendar for easter,reject
"what do i have on my calendar today, the 3rd",reject
"what've i got set for friday, the 13th, of next year",reject
is my daughter's birthday on my calendar,reject
did i had my wife and mine anniversary to my calendar,reject
did i put an item on the calendar to get the dog neutered,reject
"can you tell me what's on my calendar for march 05, 2019",reject
does the calendar already have easter noted on it,reject
do i have a note on the calendar for black friday,reject
what's on my calendar for march 01,reject
anything on the schedule for october 14th,reject
what does my schedule look like for april 1,reject
do i have anything to do march 2nd,reject
what do i have on my calendar for february 8,reject
how is my calendar looking for may 6th,reject
what do i have planned on my calendar for next sunday,reject
do i have anything on my calendar next sunday,reject
show me my calendar for next sunday,reject
is my calendar free next sunday,reject
what is on my calendar next sunday,reject
what do i have scheduled on march 2nd on my calendar,reject
are there any events on my calendar for march 2nd,reject
have i scheduled anything on march 2nd on my calendar,reject
do i have anything on my calendar for march 2nd,reject
what do i have going on march 2nd on my calendar,reject
what's happening on may 3rd,reject
what's in the books for april 30th,reject
what do i have going on may 4th,reject
what is on my calander for valentines day,reject
on the 26th what is on the table for my calendar,reject
when am i next having a meeting in december,reject
what is currently on my calendar for friday the 1st,reject
tell what is showing on my calendar for the 17th of march,reject
i wanna know what is currently on my calendar for friday the 1st,reject
let me know what is showing on my calendar for the 17th of march,reject
please inform me what is showing on my calendar for the 17th of march,reject
i must know what is currently on my calendar for friday the 1st,reject
i need to know what is currently on my calendar for friday the 1st,reject
what is showing on my calendar for the 17th of march,reject
i gotta know what is currently on my calendar for friday the 1st,reject
tell me what is showing on my calendar for the 17th of march,reject
what do i have scheduled on 3/15,reject
what do i have planned on 3/15,reject
what do i have to do on march 2 that's on my calendar,reject
tell me what is on my calendar for march 2,reject
what do i have on my calendar for march 2,reject
let me know my march 2 calendar,reject
what is on march 2 calendar,reject
what time is my haircut on wednesday,reject
do i have any appointments on tuesday,reject
can you see whether i have an event called amy's surprise party on my calendar,reject
can you tell me what my may 1st will be like according to my calendar,reject
tell me everything on my calendar for may 1,reject
remind me of the date of the event called 'anniversary dinner,reject
what is on my schedule for the day of march 5th,reject
what do i have scheduled for february 28th,reject
what events are on my calendar for april 1st,reject
is there an event titled anniversary dinner on my calendar,reject
tell me if there is an event called annual physical in my calendar,reject
can you give me an overview of what march 23 will look like for me,reject
tell me what my calendar looks like for march 12th,reject
check my calendar to see if an event called final exams exists,reject
what do i have on my calendar for march 11,reject
does my calendar include an event called shana's baby shower,reject
pull up my calendar and tell me what i have scheduled for march 30,reject
do i have anything on my schedule for april 15,reject
tell me any events scheduled on my calendar for april 15,reject
tell me what my calendar looks like for april 13,reject
what have i got planned for the date of april 23,reject
tell me what is on my calendar for april 1,reject
"the 21st, what is on my calendar",reject
what's on the calendar for march 4th,reject
what's on my calendar for tuesday,reject
what's on my calendar for the 18th of march,reject
i have what to do on wednesday,reject
what do i have scheduled for march 2,reject
do i have anything on my calendar for may 3,reject
i want my schedule for march 2,reject
tell me what is on my calendar for may 3,reject
what's on my schedule for may 3,reject
read me my schedule for march 2,reject
do i have anything on my schedule for may 3,reject
read my appointments for march 2,reject
what is on my schedule for tomorrow,reject
search my calendar for birthday party,reject
do i have 30th birthday party on my calendar,reject
search my calendar for birthday,reject
check my calendar for 30th birthday party,reject
check my calendar for saturday,reject
tell me what's on the calendar for saturday,reject
read my calendar events,reject
what's on my agenda for tomorrow,reject
what am i supposed to be doing today,reject
what do i have planned for tomorrow,reject
what do i have on my calendar for monday the 1st of march,reject
book an uber for 6 people to go to the movies,ride_request
i need an uber for 6 people to the movies,ride_request
book a 6 person uber to the movies,ride_request
i need an uber to the movies for me and 5 other people,ride_request
i'm going to the movies book an uber for 6 people,ride_request
i need an uber to take me to the mall,ride_request
are there any ubers available that fit 5 people we are going to wendys,ride_request
call an uber that fits 5 people that are on their way to wendys,ride_request
book an uber suitable for seating 5 individuals and headed for the mall,ride_request
book me an uber to olive garden,ride_request
please book an uber for chima's,ride_request
call an uber to mark's house,ride_request
call an uber to mcdonalds,ride_request
i need an uber for 5 people to go to wendys,ride_request
please order an uber for me to go to the zoo,ride_request
can you please book an uber to the zoo,ride_request
order a large uber for 5 people to the zoo,ride_request
schedule an uber to the bean,ride_request
i am in need of an uber to the hospital,ride_request
i need an uber to times square asap,ride_request
i need an uber that will accommodate eight people to go to the closest amc theater,ride_request
can i get an uber for five people to go to the national gallery of art,ride_request
i need to get an uber for three people to go to the zoo,ride_request
i want to get an uber for one person to go to the library,ride_request
i need an uber that fits ten people to go to chipotle,ride_request
get an uber to take me to my brother's house in mineola,ride_request
i need an uber for 3 passengers to go to madison square garden,ride_request
get an uber to pick me up at work and take me home,ride_request
we need an uber pool for 2 passengers going to the greenboro airport,ride_request
find an uber xl to take me to the kroger near me,ride_request
find an uber for two passengers we are going to the airport in toledo,ride_request
"i need an uber with a car seat for 2 adults and one child to take us to wilmington, de",ride_request
get an uber for 4 passengers to get us to the phl airport,ride_request
i need an uber pool from home in the morning at seven to the capitol building,ride_request
i need an uber to class tonight on the mainline campus,ride_request
can i get an uber for 2 home,ride_request
can i get an uber to central park for 5,ride_request
can i get a car to the baseball field for 12,ride_request
can i get an uber for 4 to the mall,ride_request
can i get an uber for myself to the grocery store,ride_request
i need to go to phoenix sky harbor airport using uber,ride_request
can you send me an uber to go to a restaurant in downtown phoenix,ride_request
is there any uber available to take me to the airport,ride_request
i want to reserve an uber to go to the airport,ride_request
i need an uber please,ride_request
help me get an uber to soldier field,ride_request
help me get an uber to ann arbor,ride_request
i need an uber to the sears tower,ride_request
can you get me an uber to the science museum,ride_request
assist me with finding an uber to big ben,ride_request
"book an uber with the destination set to david's house, please",ride_request
i need an uber reserved to take me to the restaurant,ride_request
"i would like an uber going to the train station, please",ride_request
please book me an uber ride to the stadium,ride_request
can you please reserve my uber to go to devon's seafood restaurant,ride_request
can you please order me an uber to get to jfk international,ride_request
"please book me an uber and enter destination penn station, new york",ride_request
"make an uber reservation to the ymca, center city, philadelphia, please",ride_request
i need an uber to get to dulles airport,ride_request
"i would like an uber going to atlantic city, new jersey",ride_request
i need an uber,ride_request
please get me an uber to get to the movies,ride_request
i would like to get an uber to the movies,ride_request
i would like an uber please,ride_request
am i able to get an uber to the movies,ride_request
can you get me an uber to the movies,ride_request
i want an uber,ride_request
i need an uber to the movies,ride_request
get me an uber,ride_request
i would like to request an uber please,ride_request
"uber, i have 3 people who are going to union station",ride_request
i need to get 3 riders to union station,ride_request
i want to book uber for 3 people to union station,ride_request
3 of us need to get to union station via uber,ride_request
can i get an uber to union station for 3 riders,ride_request
i need an uber to the doctor,ride_request
i need to catch an uber to cal expo,ride_request
schedule an uber to the mall,ride_request
get me an uber to the napa winery,ride_request
schedule me an uber to my job,ride_request
schedule me an uber to the mall,ride_request
get me an uber to the airport,ride_request
get me an uber to chilis,ride_request
book an uber to school,ride_request
get an uber to the airport,ride_request
ai i need to go to charlies with eight adults can you get uber,ride_request
ai i have 4 people need to get to get me uber,ride_request
i am stranded and need uber,ride_request
set me up with an uber,ride_request
i will need an uber for 3 to go to jfk airport,ride_request
i need an uber for 2 for orlando,ride_request
get me an uber for 4 heading to miam,ride_request
i will need an uber for 2 people to get to philadelphia,ride_request
i need to uber somewhere,ride_request
help me get an uber,ride_request
schedule an uber for 3 to go to the airport,ride_request
call an uber for 2 people to go to fourth street live,ride_request
i'm going to need an uber to take 4 people to the mall,ride_request
i need an uber for 7 people to go to safire restaurant,ride_request
can you call an uber for 2 to go to proof on main,ride_request
what is 7 x 7,reject
please add 456 and 781 for me,reject
what is 8 factorial,reject
can you tell me what 30% off 279 is,reject
"can you tell me what 30% off 235 is, please",reject
what is the sum of 3 plus 5,reject
"could you tell me what 30% off 235 is, please",reject
can you tell me what 30% off 235 is,reject
"can you tell me what 30% off 279 is, please",reject
what is the sum of 10 plus 5,reject
what is 4 + 4,reject
what is 60 percent off of 350 dollars,reject
what is an 18 percent tip on 20 dollars,reject
what is 25 percent of 6999,reject
can you tell me what is 18 percent of $2500,reject
what is 3/4 of 18,reject
i need to know what is 85% of $1500,reject
what is 20% of a thousand,reject
what is 55 times 300,reject
what is the square root of 1 million,reject
will you help me with a math problem,reject
can you help me solve a math problem,reject
how to solve this math problem,reject
what is 4 + 7,reject
what is 4 x 4,reject
what is 2 + 2,reject
what is 20+ 5,reject
what is 500 x 25,reject
what is 2+2,reject
what is 10 + 20,reject
what is 22+ 6,reject
what is the square root of 80,reject
what is 5 x 4,reject
what is 15% of 3143,reject
what is the square root of 10294,reject
how many square feet is a 13 by 74 room,reject
what is three quarters of one sixth,reject
what is 213 times 3,reject
what is the square root of 144,reject
what is the antilog of 365,reject
what is 78 times 85,reject
what is 250 times 118 times 9,reject
what is 78 times 81 minus 5,reject
what is 1785 minus 334 minus 87 plus 374 minus 400 plus 17,reject
help me with math,reject
i need you to help me with some math if you can,reject
please help with my math,reject
can you help me do math,reject
can you do a math problem,reject
what is 1 million twelve hundred divided by 400 thousand,reject
what is the square root of 10500,reject
what is 20 times 20 times 30,reject
what is 10 to the 12th power,reject
how much is 50 plus 756,reject
what is 750 divided by 5,reject
if i win 200000 how do i split it 7 ways,reject
what is 900 times 8,reject
can you tell me what 80 divided buy 4 is,reject
560 divided by 3,reject
what is 606 divided by 5,reject
subtract 100 from 12,reject
what is 005 percent of 1 percent,reject
what is the square root of 31,reject
what is six divided by 16,reject
how many times can 12 go into 600,reject
what is the square root of sixteen,reject
what is 562 times 400,reject
add twelve and twelve please,reject
what is 10 + 10,reject
what is the square root of 5,reject
what is 1/2 times 5/8,reject
what is 80980 + 098098 + 80980 + 1243,reject
what is 13 times 45,reject
what is 34 times 80908,reject
what is 90908 divided by 30890,reject
what is 38% of 389209,reject
what is the square root of 66,reject
what is 2/3 x 1/9,reject
can you do algebra,reject
what is 1 fifth times 2 fifths,reject
what's 3 plus 3,reject
what's ten times eight,reject
i need to know what 75 plus 43 is,reject
what do you get if you divide 3 by 2,reject
what is the area of a 20 x 20 room,reject
subtract 85 from 997,reject
what is 20 + 20,reject
what is the square root of 2784,reject
how many times does 8 go into 2000,reject
what is 35 times 23,reject
what is 3 to the 6th power,reject
what is 63 percent of 145,reject
can you calculate 18 divided by 45,reject
what is the square root of 104,reject
what’s the answer to 5-6=,reject
what is the sum of 8 + 3,reject
please provide the square root of 36,reject
what does 6 x 1 equal,reject
what does 2 + 2 equal,reject
what is 10000 divided by 20,reject
i would like to know what today's date is,reject
i need information on today's date,reject
tell me what date it is please,reject
tell me what day today is,reject
can you tell me tomorrow's date,reject
what is the date for tomorrow,reject
i would like to know tomorrow's date,reject
what is the month and day tomorrow,reject
"in six days, what will it be",reject
what day will it be in fourteen days,reject
which day will it be five days from now,reject
"after another eight days, what day will it be",reject
what day is it gonna be in twenty-one days,reject
current date,reject
what day of the month is it today,reject
what date is it,reject
can you tell me the date today,reject
please share today's date,reject
what date is it today,reject
what day is it,reject
what is the day,reject
tell me what day it is,reject
"is it monday, tuesday, wednesday, thursday, friday, saturday, or sunday",reject
what's the day of the week,reject
"what's the date tomorrow, please",reject
what is the date tomorrow,reject
"what is the date tomorrow, please",reject
"what is tomorrow's date, please",reject
can you tell me what today's date is,reject
"what is today's month, day and year",reject
today's date is what,reject
please tell me today's date,reject
could you tell me today's date,reject
i need to know today's date please,reject
would you please tell me today's date,reject
what is the date today,reject
today's date is what exactly,reject
please tell me what date it is today,reject
can you tell me today's date,reject
i need to know today's date,reject
what would tomorrow's date be,reject
tell me the date today,reject
i'd like to know the date tomorrow,reject
"in 2 days, what date will it be",reject
what will be the date tomorrow,reject
what will the date be in 10 days,reject
"15 days from today, what will the date be",reject
what's the date tomorrow,reject
i need to know what date it is tomorrow,reject
"in 100 days from now, what will be the date",reject
what will be the date in 100 days from now,reject
tell me what the date is tomorrow,reject
give me tomorrow's date please,reject
what day is it today,reject
do you have the date,reject
what is the date of today,reject
please give me today's date,reject
what is today's date,reject
what date is today,reject
what is today,reject
today is what date,reject
what's the day today,reject
what year is it,reject
what's the date 400 days from now,reject
can you tell me the current date,reject
tell me the date 650 days from now,reject
"what's the current date, month and year",reject
what will the date be 100 days from now,reject
what day of the week is it,reject
what day will it be 373 days from now,reject
i need to know the date in 256 days,reject
what is the date,reject
give me the date today,reject
i need to know what the date is today,reject
i'd like to know what the date is,reject
what's today's date,reject
tell me what the date is today,reject
show me a calendar,reject
show me the date,reject
i need the full date for today,reject
what day of the month is it,reject
can you remind me of the date,reject
"tomorrow, what will the date be",reject
tell me what the date is for tomorrow,reject
tell me what the date will be tomorrow,reject
what is tomorrow's date,reject
what's tomorrow on the calender,reject
what date is tomorrow,reject
calender says tomorrow is,reject
tell me tomorrow's date,reject
the date tomorrow is what,reject
when will it be in 10 days,reject
what day is it tomorrow,reject
what's the current date,reject
what is the full date after today,reject
what's the date 32 days from now,reject
can you tell me the date,reject
what will the date be in 64 days,reject
can you tell me what the next day is,reject
what's today,reject
"if i fly american to los angeles, how many carry ons am i allowed",reject
how many carry ons will american let me take for a flight to los vegas,reject
"if i take a flight on pan am to denver, how many carry ons are included",reject
"if i fly on virgin to chicago, how many carry ons can i take",reject
how my carry ons does spirit airlines allow me for a flight to dallas,reject
would you let me know how many carry ons i can take on a flight with southwest airlines to miami,reject
i need to know the carry-on restrictions for united airlines,reject
tell me the carry-on restrictions for united airlines,reject
i need to know how many carry ons i can take on a flight with southwest airlines to houston,reject
let me know how many carry ons i can take on a flight with southwest airlines to dallas,reject
tell me how many carry ons i can take on a flight with southwest airlines to dallas,reject
would you let me know the carry-on restrictions for american airlines,reject
i am wanting to know how many carry ons i can take on a flight with southwest airlines to houston,reject
could you list out the carry-on restrictions for american airlines,reject
i am wanting to know the carry-on restrictions for united airlines,reject
what carry-on restrictions does southwest impose,reject
carry-on restrictions for air emirates,reject
does delta have any carry-on restrictions,reject
what's restricted in my carry-on with united,reject
what restrictions do my carry-ons need to comply with for delta,reject
how much luggage can i carry with me on flight dl2200 to denver,reject
am i allowed carry ons for my flight with westjet to edmonton,reject
how many carry ons am i allowed to take on my canadair flight to frankfurt,reject
is there are limit of carry ons for my flight with aer lingus to cork,reject
what are the carry on limits for delta,reject
am i limited in carry ons for jet blue,reject
what am i allowed to carry on for american airlines,reject
does delta have any restrictions for what i can carry on,reject
does jet blue have any carry-on restrictions,reject
how many carry-on items are allowed per passenger,reject
what are the carry-on rules,reject
is there a carry-on item weight limit,reject
how big can a carry-on bag be,reject
does delta have carry-on restrictions,reject
do you know the carry-on restrictions for delta,reject
delta has too many carry-on restrictions! do you know them,reject
are there carry-on restrictions for delta,reject
what are the carry on rules for united,reject
tell me united's carry on policy,reject
what should i know about the carry on policy for american,reject
let me know the carry on policy for alaska airlines,reject
i want to know the carry on policy for southwest,reject
"if i fly internationally, do brittish airwaiys have carry-on limitations",reject
"can i carry on a garment bag, a small travel bag, and a back pack on my trip with american airlines",reject
i am flying jetblue and need to know what the most number of bags are that i can carry on,reject
what are the carry-on fees with delta for international flights,reject
what are the carry-on limits for flying domestically with delta,reject
how many carry ons can i take on a flight with jet blue to washington dc,reject
how many carry ons can i take on a flight with virgin airlines to vancouver bc,reject
how many carry ons can i take on a flight with delta to mexico city,reject
how many carry ons can i take on a flight with united to lax,reject
how many carry ons can i take on a flight with american airlines to seattle,reject
what is the carry-on policy say for flights on delta airlines,reject
what are the carry-on restrictions for singapore airlines,reject
what are the carry-on restrictions for frontier airlines,reject
what does the carry-on policy say for flights on united airlines,reject
how many bags can i carry-on for flights on singapore airlines,reject
what are the carry-on restrictions for delta,reject
what are the carry-on restrictions for united,reject
what are the carry-on restrictions for southwest airlines,reject
what are the rules regarding carry-on baggage for flights on virgin airlines,reject
what can't i carry-on to delta,reject
what is the carry on limit,reject
what are delta's carry-on policies for flights,reject
what are the rules for carry on luggage,reject
can you look up the carry-on restrictions for delta,reject
are there restrictions for carry-ons on delta,reject
what can i carry-on delta flights,reject
do i have to pay for carry-ons on delta,reject
what are the carry on limits for delta flights,reject
is there a carry on weight limit,reject
what restrictions are there for carry-on on delta,reject
what are the rules for carry on luggage for delta,reject
what are delta's carry-on restrictions,reject
tell me the carry on rules,reject
does united airlines allow more than one carry on,reject
how strict is spirit when it comes to carry ons,reject
can i have 3 carry ons with delta at jfk,reject
what is american airlines carry on policy,reject
does delta allow more than one carry on when traveling to miami,reject
does delta charge for carry ons,reject
what are my carry on options when flying american airlines to trenton,reject
how many carry ons does spirit allow when flying to dallas,reject
what is delta's carry on policy,reject
do you know about carry ons out of tampa with spirit,reject
search for carry on rules for flights on delta airlines,reject
what are the requirements for carry on on flights with united airlines,reject
please find the rules for carry on when flying with spirit airlines,reject
i need to know the carry on policy for american airlines flights,reject
can you tell me jet blue airlines' carry on policy,reject
"from a flight from muscat to qatar, how many carry ons can i take",reject
do i need to pay for delta carry on,reject
which rules does delta have for carry on,reject
"when taking a flight with lion to singapore, how many carry ons are allowed",reject
how many carry ons are allowed on a flight with wow to iceland,reject
"on a flight with allegiant to orlando, how many carry ons can i take",reject
"when taking a flight with porter to toronto, how many carry ons can i take",reject
"on a flight with jin air to jeju, how many carry ons are allowed",reject
let me know the rules for carry ons for continental,reject
i want to know the carry on policy for aeromexico,reject
have i used half of my days off yet,reject
"go to my job portal, i'd like to know how many days off i have used",reject
what amount of days off have i already utilized,reject
call hr so i can figure out how many days off i've taken,reject
how many times have i taken off from work this year,reject
about how many vacation days have i taken,reject
count how many sick days i've used,reject
can you check how much pto i have already used,reject
tell me the exact amount of pto i have used,reject
my pto used so far is what right now,reject
i've used how much pto so far,reject
get the details on the pto i have used,reject
how much time did i take off so far,reject
"including the day i missed because of snow, how much time have i take off work so far",reject
"how many sick, personal, and vacation days have i billed so far this year",reject
can you add up how much time i've taken off so far,reject
what's the number of day's i've taken off,reject
how many days so far have i taken off,reject
tell me how many days i've taken off at this point,reject
so far how many days have i taken off,reject
i need to know how many days so far i've taken off,reject
how many days have i taken off this year,reject
can you tell me how much pto i've gone through,reject
how many personal days have i taken,reject
how many vacation days have i consumed,reject
how much pto have i depleted,reject
how much vacation have i already used this year,reject
what's the total of days i've taken for me time so far,reject
how many of my sick days have i gone through,reject
what amount of pto have i taken,reject
what is the extent of the pto i've taken,reject
what's the amount of time off i've had,reject
what's the amount of time i've taken off work this year,reject
what's the total vacation days i've gone through,reject
how many personal days have i taken this month,reject
what's the total pto i've used,reject
count the number of vacation days i've taken and tell me,reject
how many of my vacation days have i depleted,reject
what's the amount of vacation days i've taken,reject
how much of my pto have i depleted,reject
"up to this point, how much of my pto have i used",reject
please find out how many of my vacation days i have spent,reject
check to see how many days off i have used in total so far,reject
look up my total number of days off so far,reject
i need to know how many vacation days i have used up please,reject
find out how much of my pto is already used,reject
tell me the amount of pto i have used at this point,reject
check to see how many days off i have used,reject
look up how many of my days off i have used so far,reject
look up the amount of vacation days i have used please,reject
can you count for me the total number of days off i have used,reject
look up the amount of pto i have already used,reject
do you know the total number of vacation days i have used,reject
i need to know how many of my days off i have used at this point,reject
please find out how many days off i have used by this point,reject
what is the total number of days i have taken off so far,reject
i need to know how much of my pto has been used at this point,reject
how many vacation days have i spent in total,reject
find out for me how many days off i have taken in total at this point,reject
i need to know the number of days off i have taken at this point,reject
how many days did i skip work,reject
how much vacation have i taken,reject
how many days was i sick or on vacation,reject
which days did i take vacation,reject
which days did i take off work,reject
how many vacation days have i used,reject
how many days have i taken off so far,reject
how much time have i taken off this year,reject
how many times have i used my annual leave,reject
how much paid time off have i taken,reject
how many of my paid days off have i used,reject
how much pto do i have used up,reject
how much of my time off have i used,reject
how many days of pto have i used,reject
can you tell me how many vacation days i've taken,reject
what's my vacation day usage so far,reject
what kind of pto do i have left,reject
how many times did i take a day off,reject
tell me how many vacation days i've used,reject
how much pto has been used on my behalf,reject
how many days off have i taken,reject
what kind of pto have i used,reject
what kind of vacation days have i used so far,reject
tell me how much pto i've used,reject
how much paid time off have i used,reject
how many days off did i use so far,reject
tell me the number of days off i took this year,reject
how many days off have i had this year,reject
"so far, how many days off have i taken",reject
tell me my usage of vacation days,reject
whats my count of vacation days used thus far,reject
how many vacation days have i taken,reject
what is the status of my pto,reject
how much paid time off do i have left,reject
how many days of pto are available,reject
how many vacation days have i used up,reject
how many vacation days did i use,reject
what is the total number of vacation days i've used,reject
have i used any vacation days this year,reject
how many vacation days have i used so far,reject
my car needs to be brought for maintenance,reject
could you schedule car maintenance for me,reject
i need someone to look at my car because my check engine light is on,reject
locate someone to look at my car because my check engine light is on,reject
i require a car maintenance,reject
who is available to check why my check engine light is on,reject
could you find someone to check out my car because the check engine light is on,reject
i need to schedule car maintenance,reject
please schedule car maintenance for me,reject
who can i contact about why check engine light is on,reject
i want to schedule a tire check up somewhere,reject
i need to get my tires checked out somewhere,reject
i need to find somewhere to check my tires out,reject
i need to get my tired checked at one of the location,reject
can i schedule a check up for my tires somewhere,reject
where in sacramento ca i schedule maintenance on my car,reject
i want to to schedule maintenance on my vehicle,reject
look for auto companies that do scheduled maintenance on my vehicle,reject
i need some work done on my car so need to schedule auto mechanic for maintenance,reject
find local deals who schedule maintenance on cars,reject
where can i find a place where i can schedule to check my tires out,reject
is there a special place where i can schedule to check my tires out,reject
where can i schedule to get my tires checked out,reject
where is an appropriate place where i can schedule to check out my tires,reject
is there a location i can schedule to check out my tires,reject
can you make an appointment for an oil change,reject
please make an appointment for an oil change,reject
i need you to find a mechanic for my check engine light,reject
please schedule an appointment for my oil to get changed,reject
my car needs maintenance scheduled,reject
how i do schedule car maintenance,reject
my check engine light is on and someone needs to look at it,reject
i need to get my oil change so make an appointment,reject
the check engine light is on and i need a mechanic,reject
my car needs maintenance prepared,reject
my car needs an appointment for an oil change,reject
i need someone to look at my check engine light,reject
help me find someone to look at my check engine light,reject
put a tire inspection on my schedule please,reject
i need to find someone to look at my check engine light,reject
is it possible to get schedule getting my tires inspected,reject
i'd like to schedule a tire inspection,reject
who in the area can inspect my engine light,reject
set an appointment for an oil change,reject
book an oil change please,reject
can you please obtain an oil change appointment for me,reject
where can i get my tires checked and how can i schedule it,reject
is there someone in the area who can check my engine light since it is on,reject
i need the soonest appointment for an oil change,reject
"i am in need of an oil change, set an appointment",reject
"please find someone who specializes in cars, my check engine light has turned on",reject
"my check engine light has switched on, schedule someone to inspect it",reject
i need to schedule a car repair,reject
can i schedule a car repair,reject
how do i schedule car maintenance,reject
i want to schedule car maintenance,reject
i wanna have an appointment to get my oil changed,reject
i wanna schedule some car maintenance,reject
can someone look at my car cause the check engine light is on,reject
i need to schedule some car maintenance,reject
i got to schedule somewhere get my tires checked out,reject
i must schedule somewhere get my tires checked out,reject
i'd like to get an appointment to get my oil changed,reject
i want to schedule somewhere get my tires checked out,reject
i gotta schedule some car maintenance,reject
y check engine light currently came on and i need assistance with it,reject
i need help cause my check engine light came on,reject
i have to schedule somewhere get my tires checked out,reject
i need to have an appointment to get my oil changed,reject
i need an appointment to get my oil changed,reject
i got to schedule some car maintenance,reject
"my engine light came on, so i need to get help",reject
i want to get an appointment to get my oil changed,reject
my check engine light is on and i need to take a look at it,reject
i have to schedule some car maintenance,reject
i need to schedule somewhere get my tires checked out,reject
i would like an appointment to get my oil changed,reject
can i please get an appointment to get my oil changed,reject
"i need an oil change, make an appointment",reject
find a mechanic to look at my check engine light,reject
book an appointment for an oil change,reject
"i should get my tires checked, schedule that",reject
how do i schedule getting my tires checked,reject
i need someone to look at my car and tell me why the light is on,reject
schedule an oil change for me,reject
which mechanic can check my check engine light,reject
make a reminder to schedule a tire check,reject
"who can look at my car, the engine light is on",reject
set a time to get my oil changed,reject
make an appointment to check my tires,reject
"i don't know why my check engine light is on, i need a mechanic",reject
make an appointment for an oil change,reject
make arrangements for me to get my oil changed,reject
can you schedule me a mechanic,reject
schedule an appointment to get my oil changed,reject
i need to get my oil changed,reject
schedule a time to get my oil changed,reject
find me a mechanic,reject
schedule a mechanic,reject
schedule car repairs,reject
im going to be in canada from august 10th until august 12th,reject
im going to be in slovakia from january 16th until january 19th,reject
im going to be in paraguay from january 7th until january 10th,reject
i'm going to be in thailand from october 15th until october 23rd,reject
im going to be in jamaica from october 4th until october 8th,reject
my bank needs to know i am going to be out of the country,reject
i am going out of country and my bank needs to be notified,reject
i need to inform the bank i am going out of country,reject
i am going out of country and need to inform my bank,reject
tell the bank i'm traveling between denver and la,reject
tell my bank i am traveling out of country,reject
i'm driving from la to denver and need my bank notified,reject
notify my bank i am travailing from denver to la,reject
i'm traveling between denver and la so tell my bank,reject
i need to let my bank know i am traveling to la,reject
i need to let my bank know i am traveling to detroit,reject
i need to let my bank know i am traveling to new york,reject
i need to let my bank know i am traveling to chicago,reject
i need to let my bank know i am traveling to paris,reject
"i will be traveling to rome from february 1 to march 1, please make this aware to my bank",reject
inform my bank that i will be in rome from february 1 to march 1,reject
please let my bank know that i will be in rome from february 1 to march 1,reject
mark down that i will be in rome from february 1 to march 1 and notify my bank,reject
notify my bank that i will be in rome from february 1 to march 1,reject
i need to let my bank know that i'll be travelling internationally,reject
can you tell my bank that i'll be travelling internationally soon,reject
i'll soon be travelling internationally; could you let my bank know,reject
"i'll be out of the country soon, and want to notify my bank",reject
i'm going out of the country and need to notify my bank,reject
tell my bank that i'm going to france,reject
tell my bank that i'll be in canada this weekend,reject
let my bank know that i'm traveling to prague,reject
"let my bank know that i'll be in moscow, russia",reject
inform my bank that i'll be going to europe,reject
i'm traveling to paris soon and want to inform my bank,reject
i'm traveling to fresnosoon and want to inform my bank,reject
i'm traveling to london soon and want to inform my bank,reject
i'm traveling to ca soon and want to inform my bank,reject
i'm traveling tony soon and want to inform my bank,reject
i've let me bank know that i'm visiting south america from may to october,reject
i've notified my bank that i'm in mexico from august 1 to august 5,reject
i let my bank know that i'm traveling to greece from march to april,reject
i've told my financial institution that i'm in africa from august 6 to december 5,reject
call the bank and tell them i will be in france on the 16th until the 26th,reject
notify my bank i'll be in rome from the 1st to the 17th,reject
tell my bank i'll be in jamaica from the 4th to the 11th,reject
please tell my bank i will be in israel from the 6th to the 23rd,reject
alert the bank that i am traveling to tokyo on the 7th until the 21st,reject
i'm traveling to denmark soon and want to inform my bank,reject
alert my bank and let them know that i'm travelling to switzerland,reject
alert my bank and let them know that i'm travelling to china,reject
i'm traveling to belgium soon and want to inform my bank,reject
i'm traveling to sweden soon and want to inform my bank,reject
i'm traveling to morocco soon and want to inform my bank,reject
alert my bank and let them know i'm travelling to japan,reject
tell my bank that i will be taveling to south korea,reject
alert my bank and tell them that i'm travelling to paris,reject
i'm traveling to england soon and want to inform my bank,reject
how can i tell my bank i'm going to vietnam,reject
how do i let my bank know i'm going to vietnam,reject
"i'm going to paris soon and want to let my bank know, how do i do that",reject
how can i let my bank know i'm going to denmark,reject
how do i inform my bank i'm going to paris,reject
"from january to august, i will be in uruguay, please let me bank know",reject
tell my bank that i'll be in uruguay during january to august,reject
"i will be in uruguay from january to august, please let me bank know",reject
can you let my bank know i'll be in uruguay from january to august,reject
please let my bank know that i will be in uruguay from january to august,reject
tell my bank i am taking a trip to brazil from june 1st to july 1st,reject
inform my bank i will travel to brazil from june 1st to july 1st,reject
let me bank know i will be in brazil from june 1st to july 1st,reject
tell my bank i will be traveling in brazil from june 1st to july 1st,reject
tell my bank i will be in brazil from june 1st to july 1st,reject
i'm travelling to seattle soon and want to inform my bank,reject
i'm travelling to thailand soon and want to inform my bank,reject
i'm travelling to spain soon and want to inform my bank,reject
alert my bank and let them know that i'm travelling to brussels,reject
alert my bank and let them know that i'm travelling to oslo,reject
alert my bank and let them know that i'm travelling to stockholm,reject
i'm travelling to boston soon and want to inform my bank,reject
alert my bank and let them know that i'm travelling to london,reject
i'm travelling to ireland soon and want to inform my bank,reject
alert my bank and let them know that i'm travelling to madrid,reject
the bank should know i am going to asia soon,reject
"since i am traveling to asia, i need to inform the bank",reject
i need to tell bank that i am taking a trip to asia,reject
"i am going to asia in a bit, i should tell the bank",reject
i need to let my bank know i am visiting asia soon,reject
let my bank know i will be travelling to the cayman islands,reject
"i am going to south america, let my bank know",reject
inform my bank i will be travelling to central africa,reject
let my bank know i will be on travel to fes,reject
tell my bank i will be travelling to the caribbean,reject
please tell my bank that i will be traveling abroad,reject
the bank needs to know that i am traveling soon,reject
make sur eyou tell the bank that i will be traveling internationally soon,reject
please tell the bank i will be traveling internationally,reject
tell the bank i will be traveling internationally soon,reject
let my bank know that i'm going to norway between march 3 and march 5,reject
tell my bank i'm going to france,reject
please link with my phone,reject
please connect the device to my phone,reject
please link up to my phone,reject
could you link with my phone,reject
please turn off your wifi from my phone,reject
please remove your connection to my phone,reject
please unlink my phone,reject
please get off my phone connection,reject
please desync my current mobile,reject
i no longer want this phone to sync,reject
please link up to my cell,reject
create a link with my phone,reject
stop syncing with this phone,reject
i don't want this phone synced any more,reject
desync from my iphone,reject
please immediately disconnect this mobile,reject
establish a connection to my phone,reject
my phone needs to be unsynced now,reject
could you unsync my phone please,reject
you can unsync from my phone now,reject
disconnect from my phone please,reject
please unsync phone from phone from home system,reject
i must disconnect from my phone,reject
go and disconnect from my phone,reject
you must connect to my phone,reject
please connect to my phone,reject
you have to connect to my phone,reject
go ahead and disconnect from my phone,reject
i wanna disconnect from my phone,reject
i need to disconnect from my phone,reject
you need to connect to my phone,reject
go ahead and connect to my phone,reject
get connected to my phone,reject
i want for you to connect to my phone,reject
disconnect from my phone for me,reject
would you disconnect from my phone,reject
help me to disconnect from my phone,reject
would you connect to my phone,reject
i need for you to connect to my phone,reject
i need you to disconnect from my phone,reject
i want for you to disconnect from my phone,reject
connect to my phone for me,reject
mind connecting to my phone,reject
connect with my phone please,reject
can you link to my phone,reject
will you connect to my phone,reject
please disconnect from my phone,reject
please connect with my phone,reject
please unsync from my phone,reject
pair with my smart phone,reject
i want you to disconnect from my phone,reject
unsync from my phone,reject
please connect with my smart phone,reject
"disconnect from my phone now, please",reject
could you connect to my phone,reject
"can you connect to my phone, please",reject
"disconnect from my phone, please",reject
"could you connect to my phone, please",reject
"can you connect with my phone, please",reject
"could you connect with my phone, please",reject
pair my phone please,reject
pair with my phone please,reject
with my phone please pair,reject
pair with my phone,reject
would you unsync the phone now please,reject
unsync my phone now please,reject
how can i unsync my phone,reject
go ahead an unsync my phone now,reject
unsync my phone,reject
please remove the phone's sync,reject
remove the sync from my phone,reject
please unsync my phone,reject
desync from my phone,reject
can we pair this with my new phone,reject
i would like to pair this with my new phone,reject
i am going to go ahead and pair this with my new phone,reject
lets pair this with my new phone,reject
i need to pair this with my phone,reject
use my phone and connect please,reject
would you please pair with my phone,reject
"initiate connection with my phone, please",reject
please begin pairing with my phone,reject
will you please end the connection to my phone,reject
you can disconnect from my phone now,reject
stop the connection with my phone,reject
let's terminate connection to my phone please,reject
i want you to connect using my phone,reject
i want to disconnect the current connection to my phone,reject
disconnect from my phone now,reject
disconnect from my phone,reject
i'd like you to disconnect from my phone,reject
do you think you could disconnect from my phone,reject
can you disconnect from my phone,reject
please get off my phone,reject
are you able to get into my phone at the moment,reject
can you get access to my phone right now,reject
do you have access to my phone,reject
are you able to link to my phone,reject
is my phone connectable right now,reject
quickly disconnect the phone,reject
"you have been a big help, thank you so much",reject
"i appreciate your help, thank you",reject
"i really appreciate your help, thank you",reject
i am very grateful,reject
i appreciate the assistance,reject
i want to thank you for helping,reject
much obliged,reject
your help is appreciated,reject
gracias,reject
i appreciate that,reject
thanks so much!,reject
many thanks,reject
appreciate it,reject
thanks!,reject
i thank you,reject
thank you kindly,reject
thank you so very much,reject
thank you for helping me,reject
i'm grateful to you,reject
you did a good job thank you,reject
good looking out,reject
i wish you were here earlier,reject
it's so much easier with you around,reject
you've been a great help,reject
thanks for the help,reject
thanks please,reject
why thank you,reject
thanks for the answer,reject
thank you very much for the answer,reject
okay thanks,reject
thanks a lot,reject
thanks a lot for the answer,reject
thank you for the answer,reject
thank you a lot for that answer,reject
thanks for helping me!,reject
i'm so glad you helped me!,reject
i appreciate your help!,reject
i am thankful for your help!,reject
i have much gratitude for your help,reject
i appreciate your help,reject
i appreciate you helping me,reject
"awesome, thanks",reject
thank you so much,reject
thank you very much for the assistance,reject
i appreciate it,reject
thanks again!,reject
thanks for the info,reject
thanks for letting me know,reject
"that's all i need, thanks!",reject
"thanks, that's helpful",reject
thank you for the information,reject
thanks for answering my question,reject
your efforts don't go unnoticed,reject
i appreciate what you did,reject
you are so thoughtful and i appreciate your gesture,reject
you are so nice to think of me,reject
you were so kind to do that,reject
your answer pleased me,reject
i'm happy with your answer,reject
your answer was enjoyable,reject
your answer was good,reject
thanks for giving me assistance,reject
really great!,reject
appreciate the help,reject
i'm grateful for the answer you just gave me,reject
"that'll work, good job!",reject
"good answer, thanks for providing it",reject
i'm grateful for the assistance,reject
thanks for that!,reject
good job with assisting me,reject
"nice, excellent!",reject
i'm grateful,reject
i appreciate that answer!,reject
i would like to thank you,reject
i can not thank you enough,reject
i need to thank you,reject
i really thank you,reject
let me thank you,reject
thank you!,reject
thanks for the help!,reject
you're the best!,reject
i appreciate that answer,reject
your answer is appreciated,reject
i am thankful for the answer,reject
oh sweet thanks,reject
"oh, thanks",reject
merci beaucoup,reject
thanks again,reject
thanks,reject
thank you for answering that,reject
thank you,reject
thanks for that,reject
thank you for your time,reject
i appreciate the help,reject
thank ya!,reject
thanks for your response,reject
youre a doll,reject
thanks for your cooperation,reject
i owe you one!,reject
thanks for helping out,reject
will you roll a d20,reject
will you roll a 12 sided dice,reject
will you roll a 10 sided dice,reject
i'd like you to roll dice,reject
i'd like a 7 sided dice roll please,reject
i need to roll a 10 sided die,reject
please roll a 7 sided die,reject
let's roll some dice,reject
i want to roll some dice,reject
"can you roll a fair, 6 sided die",reject
i'd like to roll a dice and get the result,reject
can you roll a dice,reject
i want to roll a dice,reject
help me roll a dice,reject
roll a dice for me,reject
go ahead and roll those dice,reject
i need you to roll an 8 sided dice,reject
i want you to roll dice,reject
go ahead and roll that 9 sided dice,reject
roll a 7 sided dice,reject
roll the 10 sided dice on time,reject
roll a pair of dice,reject
please do a dice roll,reject
please roll a 6 sided dice,reject
roll a 6 sided die,reject
roll a die,reject
roll die,reject
please roll a die now,reject
roll this dice,reject
i need a 10 sided die rolled,reject
i would like a 10 sided die rolled,reject
would you roll the dice,reject
role a 10 sided die for me,reject
could you role a ten sided die,reject
can you roll a 10 sided die,reject
the dice need to be rolled,reject
i would like the dice to be rolled,reject
toss a die would you,reject
play vegas baby roll a dice for mama,reject
find a virtual dice and roll it for me please,reject
roll a dice and give me a number from 1 to 6,reject
roll dice now,reject
roll dice,reject
roll the dice,reject
roll dice please,reject
go ahead and roll the dice,reject
please roll dice,reject
will you roll a 6 sided dice,reject
will you roll a 3 sided dice,reject
will you roll a 5 sided dice,reject
will you roll a 2 sided dice,reject
will you roll a 4 sided dice,reject
please roll the dice,reject
roll a dice,reject
give me a random number between 1 and 6,reject
i want you to roll a dice,reject
"ai, please roll the dice",reject
"roll that dice, ai",reject
"ai, would you kindly roll the dice",reject
"ai, go ahead and roll the dice",reject
"please roll the dice, ai",reject
could you roll a 6 sided dice,reject
can you roll a 6 sided dice,reject
i'd like you to roll a 6 sided dice,reject
roll a 6 sided dice for me,reject
could you roll the 8 sided dice,reject
can you roll the 12 sided dice please,reject
go ahead and roll the 6 sided dice for me,reject
please roll the 10 sided dice,reject
please roll the 5 sided dice,reject
give the dice a roll,reject
roll the dice for me,reject
can you roll the dice,reject
could you roll the dice please,reject
i need you to roll dice now,reject
provide a random roll of the dice,reject
can you roll dice,reject
throw the dice,reject
roll the dice!,reject
roll the die!,reject
shoot the dice!,reject
throw the dice!,reject
roll them bones!,reject
6 sided dice roll,reject
roll 6 sided die,reject
"roll die, 6 sided",reject
roll a die with 6 sides please,reject
roll a die with 6 sides,reject
what do you get if you roll a six sided dice,reject
tell me the result of a dice roll with five sides,reject
what do you get when you roll a dice with five sides,reject
i'd like to know how much you get when you roll a ten sided dice,reject
when you roll a six sided dice what is the results,reject
roll an eight sided die,reject
roll a pair of eight sided dice,reject
i need an algorithm to give me the result of rolling one twelve sided die,reject
what number do you get when you roll one six sided die,reject
roll a pair of six sided dice,reject
can you roll a 4 sided dice,reject
roll a seven sided dice for me,reject
jello should stay in the fridge for how long,reject
when will my milk be no good,reject
when will my eggs go bad,reject
how long will my eggs be good for,reject
what date does my apple juice expire,reject
how long until my cereal is ruined,reject
what's the max time i can leave a green pepper in the fridge,reject
what's the time frame for hamburger stored in the freezer to go bad,reject
how long can i keep deer meat in the freezer before it's unedible,reject
has the leftover hamburger from last saturday gone bad,reject
is there a limit to how long you can store bread in the freezer,reject
"i've had eggs in the fridge since monday, are they still safe",reject
how long can you keep chicken in the freeze before it goes bad,reject
is the tofu i put in the fridge tuesday still edible today,reject
how long does cottage cheese keep in the fridge,reject
what's the shelf life of guacamole in the fridge,reject
how long does it take for dough in the freezer to go off,reject
will i get sick if i eat the tuna salad from friday,reject
i put some leftover stew in the fridge and want to know how long it'll last,reject
how long can i leave tuna casserole in the fridge,reject
is it still safe to consume the cake she backed last thursday,reject
can i safely eat chicken that i've had in my fridge since monday,reject
can i eat chicken if it's been in the fridge since monday,reject
is it safe to eat chicken that has been in the fridge since monday,reject
will the chicken have gone bad if it's been in the fridge since monday,reject
is it okay to eat chicken that i put in the fridge on monday,reject
how soon until the milk expires,reject
the milk will expire when,reject
tell me when the milk will expire,reject
what is the expiration date of the milk,reject
will it be all right for me to drink milk i've had in the fridge since tuesday,reject
what is the shelf life for beef in the freezer,reject
can i eat the eggs i've had in the fridge since 2/21,reject
how long can i keep a ham in the freezer,reject
how long will chicken last in the freezer,reject
can i drink milk i've kept in the fridge since wednesday,reject
how long will steaks last in the freezer,reject
what's the shelf life for eggs in the fridge,reject
how long can i store eggs in the fridge,reject
will it be okay for me to eat my leftover turkey from monday that's been in my fridge,reject
how long can i keep fish in the freezer before it gets ruined,reject
how long will my milk be good in the fridge,reject
how long will eggs last in the fridge,reject
i've had eggs in the fridge since monday are they safe eat,reject
"is the meatloaf still good to eat, i've had it in the refrigerator since last monday",reject
apples expire in how long,reject
cut cucumbers can stay in the fridge for how long before spoiling,reject
ribs can stay in the fridge for how long before they turn,reject
when do ribs expire,reject
bananas expire in how long,reject
how long does it take tomatoes to expire,reject
how long can i keep avocados in the fridge before they go bad,reject
how long can i keep macaroni in the fridge before it spoils,reject
oranges expire in how long,reject
cut carrots can stay in the fridge for how long before going bad,reject
i wanna know how long can i keep pizza in the freezer for before it goes bad,reject
how long can i keep pizza in the freezer for before it goes bad,reject
"it seems to be that i have had pizza in the fridge since monday, so is it safe to eat",reject
how long can pizza be in the fridge,reject
so how long can pizza last in the fridge,reject
"it turns out i have had pizza in the fridge since monday, so is it safe to eat",reject
i got to know how long can i keep pizza in the freezer for before it goes bad,reject
"so it seems i have had pizza in the fridge since monday, so is it safe to eat",reject
how long can i leave pizza in the fridge,reject
tell me how long can i keep pizza in the freezer for before it goes bad,reject
how long can i have pizza in the fridge,reject
"i have had pizza in the fridge since monday, so is it safe to eat",reject
"so i have had pizza in the fridge since monday, so is it safe to eat",reject
i need to know how long can i keep pizza in the freezer for before it goes bad,reject
how long can i put pizza in the fridge,reject
what is the length of time i can leave pork in the fridge,reject
how long until pork spoils in the fridge,reject
how long is pork good in the fridge,reject
is there a time limit on leaving pork in the fridge,reject
when does pork go bad in the fridge,reject
when does milk expire,reject
how long does it take frozen steaks to go bad,reject
how long does bread last in the freezer,reject
how long does bread last,reject
how long can i expect chicken breast to be good for before expiration,reject
how long will eggs keep in the freezer,reject
how long do i have before frozen chicken will go bad,reject
how long are eggs good for,reject
how long can i expect to keep steak in the freezer,reject
what's the expiration for steak,reject
is it ok to eat alfredo that's been in the fridge since last sunday,reject
my chinese food has sat in the fridge since friday but can i still eat it,reject
how long is it safe to leave a burger in the refrigerator,reject
what is the fridge life of spahghetti,reject
check if it is ok to eat cheese that has been in the refrigerator since last tuesday,reject
give me the length of time that i can leave milk in my fridge,reject
how long is it safe to leave shrimp in the fridge,reject
"i have had pasta in the fridge since monday, can is till consume it",reject
am i good to eat this burger from the fridge that i got two mondays ago,reject
when will lettuce in the fridge go bad,reject
"i've got some chips from monday, will they still be ok to eat",reject
"i have potatoes in the cupboard from wednesday, are they fine",reject
"i have tomatoes from tuesday, do you think those are still good",reject
"i've had these burger patties in the freezer since saturday, are they still fine to cook",reject
if i have garlic from sunday is it still fine to use,reject
how long will the turkey take to cook,reject
so how long do you think the chicken will take,reject
how long does pizza take to cook,reject
how long is the chicken gonna take,reject
how long will the chicken take to cook,reject
how long does it take to cook roast beef,reject
how long does it take to boil an egg,reject
how long does it take to bake a pork loin,reject
how long does it take to make roast chicken,reject
how long does it take to cook a pork chop,reject
how much time do i need to make the chicken,reject
what's the prep and cooking time on pizza dough,reject
how long does it take to make lasagna,reject
how long will it take to make the wings,reject
what's the cooking time for the cake,reject
the steak must go under the broiler for how long,reject
how long do i put the casserole in,reject
if i cook the pizza at 400 degrees how long must it be in for,reject
how long do you need to put the cuish in for,reject
the sauce must simmer then go in the oven but for how long,reject
i need the cooking length for a turkey,reject
how many minutes do i cook baked ziti,reject
how long does it take to cook ham,reject
i need to know how long to do a pot roast in a slow cooker,reject
how long does a roast take,reject
how long is it acceptable to carmelize onions,reject
when should i take an apple pie out,reject
how long do you cook a salmon,reject
how much time does it take to boil an egg,reject
what is the duration of time cookies should be in the oven,reject
about how long should you cook lasagna,reject
what is the prep time for a 10 lb turkey,reject
how many minutes to melt cheese,reject
how long to reheat chinese food,reject
how long do you cook pasta for,reject
about how long should you cook a 10 pound turkey,reject
how long does it take to prepare pot roast,reject
how long to microwave a pizza,reject
how long should i cook a glazed ham,reject
how long should i cook a spiral ham,reject
how long do the brownies have to cook,reject
how long to i bake the brownies,reject
how long should i bake the brownies for,reject
for how long should i bake the brownies,reject
how long do the brownies need to be in the oven,reject
how long does this dish need to be in the oven,reject
for how long does this need to cook,reject
what do i set the timer for if i'm making gyoza,reject
what should i put on the timer to cook this dish,reject
how long do i cook this dish of rice,reject
how long should a cake bake,reject
how long to microwave a frozen dinner,reject
what's the preparation time for spaghetti,reject
how long should this be in the oven,reject
how long to cook a frozen pizza,reject
"i want to bake brownies, how long do they bake for",reject
how long do you bake a cake,reject
how long does it take to make shrimp scampi,reject
how long to cook steak for,reject
how long do you cook a hamburger for,reject
how long should i expect beef stroganoff to prepare,reject
how long do i cook steak,reject
what's the cooking time for chicken alfredo,reject
how long does it take pork to cook,reject
how much time do i need to prepare chicken,reject
noodles need to cook for how long,reject
how long should i boil noodles for,reject
how long do noodles need to cook,reject
what time should i cook noodles for,reject
how long do i need to make lasagne,reject
how long will it take me to make baked chicken,reject
how long will it take to fix shepherd's pie,reject
how long do cheeseburgers take to make,reject
how long should i cook the ham for,reject
how long should i cook the eggs for,reject
how long should i cook the asparagus for,reject
how long should i cook the pasta for,reject
how long should i cook the steak for,reject
what is the necessary amount of time required to prepare pot roast,reject
how long am i supposed to cook pork loin,reject
how long must i cook spaghetti for,reject
tell me how long i will need to spend preparing a meat loaf dish,reject
i need to know the preparation time required for fried chicken,reject
how long should i spend preparing roast beef,reject
what amount of time do i need to cook lobster for,reject
what is the proper time to cook steak for,reject
how long should i cook chicken,reject
tell me how long i ought to spend preparing fajitas,reject
how long should i cook chicken thighs,reject
how long should i cook a ny steak,reject
how long do i cook pork,reject
how long do i cook the chicken roast,reject
how long do i cook chicken breast,reject
what's the time it takes to make a decent omelette,reject
how long should i fry an egg for,reject
what's the prep time for a garden salad,reject
what's the usual time for tuna casserole,reject
how long do you need to bake chicken for it to be safe to eat,reject
how long should i cook a steak for,reject
how long should i wait before i can bake bread with homemade dough,reject
remind me to call my mother saturday morning,reject
please set up a reminder i need to remember to ask about work,reject
make a reminder for me to do my resume,reject
remind me to take out the garbage in the morning,reject
"the next time it rains, remind me to close the windows",reject
could you make me a reminder to do the floors,reject
i need a reminder set for signing up for the conference,reject
set a reminder for me to call my brother at 8 pm,reject
make me a reminder about booking it,reject
"at 4 tomorrow afternoon, remind me to start the oven",reject
how about a reminder,reject
i would like a reminder,reject
i need to make a reminder please,reject
please give me a reminder,reject
can you set me a reminder,reject
can i set a reminder,reject
please make a reminder,reject
add a reminder to check how the body is decomposing,reject
remind me to set the meat out to defrost,reject
create a reminder for me to exercise this week,reject
will you add a reminder for me,reject
add a reminder to pick milk up at the store,reject
make a reminder to do my taxes,reject
set a reminder to remind me to check when my car payment is,reject
set a reminder for me to take my meds,reject
can you create a reminder,reject
create a reminder for me to send flowers to my mom for mother's day,reject
i'd like to have a reminder made,reject
set a reminder for later,reject
please remind me later,reject
remind me again please,reject
remind me later,reject
please remind me at a later time,reject
set a reminder,reject
remind me,reject
please remind me of something,reject
i need a reminder,reject
i would like to be reminded,reject
set a reminder for me,reject
i need a reminder to remind me to do something,reject
i want you to remind me of something,reject
i need you to remind me to get something done,reject
remind me to call the vet tomorrow,reject
set a reminder for me to do this in a bit,reject
can you set a reminder for the meeting,reject
set a reminder to go dress shopping,reject
remember to remind me of this later,reject
i need to set a reminder to go to the post office,reject
set a reminder for tomorrows meeting,reject
set a reminder for the movie,reject
set a reminder to go grocery shopping,reject
set a reminder to feed the dogs,reject
set a reminder to go check the mail,reject
make a reminder to change the cat litter,reject
set a reminder for my doctors appointment,reject
dont forget to set a reminder to pay the bills,reject
please remind me to do this later,reject
remind me to do this in awhile,reject
help me set a reminder to work out,reject
dont let me forget to do that thing later,reject
make a reminder to work out at the gym,reject
set a reminder to pick up the kids,reject
set a reminder to call my mom,reject
remind me to take the chicken out in a hour,reject
set reminder to prepare for my meeting at 10 am,reject
set reminder for tomorrow to eat,reject
remind me to bring a jacket in tomorrow,reject
set a reminder to bring a book to work tomorrow,reject
set a new reminder for tomorrow at 4am,reject
make reminder to pay rent on the 30th of every month,reject
"open up a reminder, pay taxes on monday",reject
"new reminder, please",reject
create a reminder to give the cat her flea medicine,reject
set up a reminder to give the cat her flea medicine,reject
i need you to make a reminder for me to give the cat her flea medicine,reject
"make a reminder, pay taxes on monday",reject
set reminder pay taxes on monday,reject
make a reminder to give the cat her flea medicine,reject
set up an alarm to remind me to give my cat her flea medicine,reject
set reminder to feed cat tonight at 6pm,reject
set a reminder for monday pay taxes,reject
create a reminder to pay taxes on monday,reject
remind me to use the bathroom,reject
please reminder for car meet,reject
remind me to clean room,reject
i need to be notified to clean the room,reject
remind me tommorow at 3pm i have a doctors appointment,reject
remind me friday to call my mother,reject
make me a reminder that tommorow is trash day,reject
set up a reminder that i need to pay my car ins the 23rd,reject
set up a reminder to mail a check tommorow,reject
i need to take out the trash please remind me,reject
set a reminder to take out the trash,reject
tell me to take out the trash in an hour,reject
remind me to take out the trash,reject
please remind me to take out the trash,reject
i need to be reminded to pray,reject
i want to get reminded to clean my room,reject
remind me to call bob,reject
give me a reminder for calling bill,reject
immediately the credit card company must be told that i lost my card from them,reject
i lost my debit card and need it reported as lost,reject
i can't seem to find my gold card and want it reported as lost,reject
i lost my chase bank card and want it labeled as lost,reject
can you report my td bank card as lost,reject
i misplaced my visa and need it marked as lost,reject
what do i do if my visa card got stolen,reject
what should i do when my visa card is stolen,reject
my visa card was stolen,reject
my visa card got stolen,reject
i think my visa card was stolen,reject
my visa has been stolen by someone,reject
someone stole my mastercade,reject
my visa was stolen,reject
my american express card needs to be reported as stolen,reject
my discover card has been stolen,reject
report lost card to discover company,reject
report discover card as lost,reject
how do i report a lost discover credit card,reject
where to report lost discover credit card,reject
report lost card,reject
report a lost card here,reject
please report my stolen card,reject
"could you please help me, my card has been stolen and i need to report it",reject
"my credit card has been stolen, please report it",reject
"oh no, report my card, it's stolen",reject
i would like to have my card reported as stolen,reject
i need to report a card that's been lost but i dont know how,reject
how can i report a card that has been lost,reject
file a report for a lost american express card,reject
help me report my lost mastercard,reject
"i lost my card, how should i report that",reject
what should i do if my card is lost,reject
report my lost visa card,reject
i lost my amex and need to report it,reject
i have to report a lost visa card,reject
walk me through the process of reporting a lost card,reject
what can i do if my card is lost,reject
my card is lost what do i do,reject
my card is lost how do i report it,reject
what must i do to report my card lost,reject
can you help me report my lost card please,reject
my card is lost please report it,reject
i need to report that my card has been lost,reject
i want you to repord my card as lost,reject
"i lost my card, what do i do",reject
i need to report that my card is lost,reject
i need to replace my lost card,reject
what do i do if i lost my card,reject
how do i report a lost card,reject
someone stole my discover card,reject
my american saving bank was stolen,reject
someone stole my discover credit card,reject
someone stole my capital one credit card,reject
my capital one credit card was stolen,reject
my card is to be reported stolen,reject
my stolen card needs to be reported,reject
i need to report my stolen card,reject
i have to report my card as stolen,reject
i am obliged to report my stolen card,reject
"i need to report my card as stolen, please",reject
"i can't find my mastercard and i want to report it as lost, please",reject
i can't find my visa card and i want to report it as lost,reject
i can't find my mastercard and i want to report it as lost,reject
i would like to report my card as stolen,reject
"i can't find my visa card and i want to report it as lost, please",reject
i'd like to report my card as stolen,reject
"i'd like to report my card as stolen, please",reject
"i can't locate my mastercard and i want to report it as lost, please",reject
"i would like to report my card as stolen, please",reject
"i need to report a stolen card, please",reject
i think my card is stolen and needs to be reported,reject
i would like to report a stolen card,reject
"is there anyway, i can report my card being stolen",reject
"my card is stolen, i need to report it",reject
my new debit card is lost and i need to report it,reject
my bronze card is missing i would like to report it as lost,reject
i lost my purple credit card and need to report it,reject
i lost my silicon valley card,reject
i lost my commerce card and need to report it as lost,reject
someone stole my card,reject
i need help since someone stole my card,reject
my credit card was stolen,reject
i need to report credit card theft,reject
who do i report card theft to,reject
i want to report my card as lost,reject
i need to report a lost card,reject
what do i do to report a lost card,reject
how do i report my lost card,reject
help me report a lost card,reject
can you report my lost discover card,reject
report my card as lost,reject
i lost my card how do i report it,reject
"i lost my discover card, i want to report it",reject
i want to report my discover card as lost,reject
"i can't find my discover card, how do i report it",reject
i can't find my credit card and i want to report it as lost,reject
i can't find my insurance card and i want to report it as lost,reject
i can't find my student id card and i want to report it as lost,reject
"i need to report my card as stolen, who do i tell",reject
what about changing the sugar for baking soda,reject
can i swap sugar for salt,reject
would it be possible to replace the salt with baking soda,reject
"instead of pepper, can i use salt",reject
can i take out the olive oil and use lard,reject
can i use water instead of milk,reject
it is okay to use water in place of milk,reject
it is okay to replace water instead of milk,reject
is it okay to switch water for milk,reject
will it be okay if i use water instead of milk,reject
can i substitute ginger for garlic,reject
can i substitute rice for potatoes,reject
can i substitute oregano for basil,reject
can i substitute bacon for sausage,reject
can i substitute honey for sugar,reject
can i switch cream with milk in a recipe,reject
can i exchange milk for cream in recipes,reject
is milk an ok substitute for cream,reject
can i use milk instead of cream,reject
can i switch cream out for milk,reject
can i substitute skim milk for whole milk,reject
is it okay to substitute oregano for basil,reject
can i use colby jack cheese instead of cheddar in a recipe,reject
can i use dark brown sugar instead of brown sugar,reject
can i substitute lemon juice for vinegar,reject
can i use apple juice instead of grape juice,reject
can i substitute apple juice for wine,reject
can i substitute vinegar for apple cider vinegar,reject
can i substitute lemon juice for lime juice,reject
can i use sour cream instead of yogurt,reject
is it possible to substitute apple cider vinegar for lemons,reject
i need to know if i could substitute apple sauce with eggs,reject
is honey a good sugar substitute,reject
could i use olive oil instead of grape seed oil,reject
can i use flour as a substitute for bread crumbs,reject
i need to swap salt for baking soda,reject
i wanna swap salt for baking soda,reject
i need to sub sugar for salt,reject
can i sub sugar for salt,reject
is it ok to sub sugar for salt,reject
let me swap salt for baking soda,reject
please allow me to swap salt for baking soda,reject
is it acceptable to swap salt for baking soda,reject
i gotta sub sugar for salt,reject
i wanna sub sugar for salt,reject
can i use flour instead of cornstarch to make gravy,reject
can i substitute yogurt for sour cream,reject
"if a recipe calls for sour cream, can i use yogurt",reject
can i use sour cream in place of creme fraiche,reject
can i use yogurt in place of sour cream,reject
can i use sour cream instead of milk,reject
"i don't have sour cream, can i use yogurt instead",reject
can i swap yogurt for sour cream,reject
can yogurt be used for sour cream,reject
is it fine to sub bread flour with all-purpose flour,reject
are you able to sub white sugar for brown sugar,reject
can you sub half and half for heavy whipping cream,reject
can i use baking powder instead of baking soda,reject
do you think i can sub honey for sugar,reject
proper to substitute cumin for tumeric,reject
can substitute cumin for tumeric,reject
cumin may be substituted for tumeric,reject
is almond milk an acceptable substitute for milk,reject
can i swap coconut milk for condensed milk,reject
can i substitute eggs for milk in a recipe,reject
could i use white wine instead of red wine in a recipe,reject
can i substitute ketchup for mustard,reject
can i substitute milk for almond milk,reject
is it acceptable to swap milk for water,reject
is it acceptable to swap chicken for pork,reject
is it acceptable to swap marinara for alfredo,reject
can i substitute milk for water,reject
is it acceptable to swap rice for quinoa,reject
can i substitute butter for margarine,reject
is it acceptable to swap beef for tempeh,reject
can i substitute salt for pepper,reject
is it ok to use brown sugar instead of powdered sugar,reject
can i use margarine instead of butter,reject
can i switch in almond butter for peanut butter,reject
can i use salt instead of baking soda,reject
can i substitute cream for milk,reject
can i use baking soda instead of baking powder,reject
what can i use as a substitute for yeast,reject
substitute for milk in pancakes,reject
alternatives to white wine in food,reject
can i use something else if i don't have eggs,reject
can i use a green pepper instead of a red pepper,reject
is it possible to use sausage instead of hot dog,reject
is it ok to substitute spinach for lettuce,reject
is crushed garlic the same as powdered garlic for a spaghetti sauce,reject
can i use almond milk instead of rice milk,reject
can i swap cayenne pepper for black pepper,reject
can i use normal flour if i don't have bread flour,reject
can i use olive oil instead of butter,reject
can i use coconut oil instead of olive oil,reject
can you just use regular milk instead of buttermilk,reject
can i use strawberries instead of pineapples for this,reject
can i use sharp cheddar instead of muenster,reject
can i use mayonnaise instead of miracle whip,reject
can i substitute rice milk for milk,reject
place a phone call to yiming,reject
phone lobby,reject
can you call dominos pizza,reject
can you redial the last number dialed,reject
call 911,reject
can you call a taxi,reject
can you call mom,reject
call work,reject
call justin,reject
call home,reject
call erryn,reject
i have to call the commander,reject
i will be calling hr,reject
it is important that i call katie,reject
x is who i need to call,reject
i am going to call the landlord,reject
call macy,reject
dial lisa's cell phone number,reject
please dial david now,reject
i need you to call michael at home,reject
can you call mary,reject
please phone lizzy,reject
please dial x's phone number,reject
dial x's phone please,reject
please call toby,reject
call dave,reject
call my best friend,reject
can you make a phone call to mark,reject
can you call my mom,reject
call mark,reject
call friend,reject
can i call a restaurant,reject
can you make a phone call to kevin,reject
call bob for me,reject
call my mother,reject
call jim,reject
can you make a phone call to roger,reject
can you make a phone call to dave,reject
call mymother,reject
can you make a phone call to randy,reject
bella needs to be called,reject
give liz a call,reject
would you give jenny a call,reject
i want you to call bella,reject
phone call secretary,reject
get a hold of sue,reject
i'm looking to call a group,reject
call tom,reject
dial x's number,reject
dial christie's cell,reject
call christie's work number,reject
phone christie,reject
call christie,reject
please dial christie's number,reject
can you call someone,reject
call someone for me,reject
dial someone's phone number,reject
i need to talk to someone on the phone,reject
call someone,reject
it's time for me to call drew,reject
it's necessary to call michael,reject
i must call jordan,reject
x is waiting for me to call,reject
put me on a call to sally,reject
place a call to bill now,reject
i want to place a call to mike,reject
i have to call jane,reject
can you call russell,reject
place call to robby,reject
dial sarah,reject
call robby,reject
phone sarah,reject
call sarah,reject
call robby for me,reject
i want to call robby,reject
can you call robby,reject
phonecall sarah,reject
i want to talk to sarah,reject
dial steven,reject
phone steven,reject
ring steven,reject
call steven,reject
i want to make a call to uncle,reject
use my phone to dial work,reject
start a phone call with kathy,reject
initiate a phone call with receptionist,reject
can a phone call be made to maria,reject
i need you to call the broker,reject
please do me a favor and call brother mario,reject
can you please call nata,reject
call sandra right now,reject
immediately call tom,reject
i must call dr smith,reject
connect me to bob,reject
place a call to father callahan,reject
i should call ruthie,reject
please call christy,reject
i must call roderick,reject
please make a phone call to christopher,reject
i need to call mark,reject
wake me up at noon tomorrow,reject
set my alarm for getting up,reject
make sure my alarm is set for three thirty in the morning,reject
please set an alarm for mid day,reject
have an alarm set for three in the morning,reject
you need to set alarm for me,reject
i need you to set alarm for me,reject
set the alarm for me,reject
can you set alarm for me,reject
please set alarm for me,reject
make a new alarm for 6 in the morning,reject
make a new alarm,reject
create an alarm,reject
i need an alarm for 6am,reject
can you alert me at 6 in the morning,reject
i'd like a new alarm set for 6am,reject
"set an alarm for 6am, please",reject
initiate a new alarm please,reject
set up an alarm,reject
make up a new alarm,reject
i want to make an alarm,reject
i would like an alarm set,reject
schedule an alarm,reject
i need an alarm set,reject
i need alarms set for 6am and 615am,reject
i need an alarm to go off tomorrow at five fifteen,reject
can you set an alarm for seven fifteen for tomorrow,reject
set me an alarm for 4pm and another for 5pm,reject
set one alarm for 215pm and another for 7pm,reject
create an alarm for 9 am and another one for 11 am,reject
set the alarm to go off at 9 tomorrow,reject
make an alarm for tomorrow at twilight,reject
set up two alarms one for 10am and another for 2pm,reject
please set up an alarm to go off tomorrow at daybreak,reject
could you set one alarm for 8am saturday and one for 9am sunday,reject
can i turn on the alarm now,reject
how do i set the alarm,reject
please turn on the alarm,reject
set my alarm for 6am tomorrow,reject
set alarm for 6am,reject
can you play an alarm at 5pm,reject
create alarm 6am,reject
set alarm for 5pm,reject
make an alarm 6am,reject
create an alarm for 6am,reject
put in an alarm for 5pm,reject
i want an alarm at 5pm,reject
set my alarm for 5pm,reject
set an alarm,reject
create alarm,reject
set alarm,reject
i need an alarm to wake me up at 8 tomorrow morning,reject
i need you to set an alarm for 8am tomorrow,reject
please set an alarm for 5 am,reject
set an alarm for 9pm please,reject
i need an alarm set for 6 in the morning,reject
i need an alarm set for 10:00 and another set for 3:00,reject
set an alarm for me for 10:00 and another one set for 4:00,reject
would you set my alarm for 10:00 and another for 3:00,reject
provide assistance by setting an alarm at 8:00 and another for 11:00,reject
assist me by setting my alarm for 9:00 and another for 11:00,reject
tomorrow i need an alarm at 7 tomorrow,reject
"at 9 tomorrow, set off the alarm",reject
tomorrow i would like an alarm for 9 tomorrow,reject
tomorrow i need the alarm to go off at 5,reject
sound the alarm at 6 am tomorrow,reject
set reminder for 2 pm,reject
wake me up at 6 am,reject
ring my phone at 12 pm,reject
set alarm for 5 am,reject
please set an alarm for 2 pm for me,reject
set an alarm for 5 pm,reject
can you make an alarm for 7 am,reject
set a 5 am alarm please,reject
i need an alarm at 8 pm,reject
set an alarm to start work and another to stop,reject
set an alarm to go to sleep and another to wake up,reject
please set a reminder for me,reject
set an alarm to work out and another to go home,reject
create an alarm for me,reject
set an alarm for lunch and another for dinner,reject
make an alarm for me,reject
set an alarm for my meeting and another for my phone call,reject
i want an alarm set up,reject
i need an alarm set please,reject
have an alarm wake me at 10:30 am,reject
i want an alarm to go off at 9 am,reject
i need an alarm set for 9 am and another for 11 am,reject
i need an alarm set for 5:30 pm,reject
i need you to schedule an alarm,reject
please create an alarm for 5:45 am and an alarm for 6:15 am,reject
would you set up an alarm for me,reject
please create one alarm for 330 pm and one for 8 pm,reject
please create a new alarm for me,reject
i need an alarm to go off at 6 am,reject
"please set two alarms, one at 12 pm and the next at 1 pm",reject
please create an alarm for 12 noon,reject
i need one alarm to go off at 6:30 am and a second alarm set for 8:00 am,reject
help me get up at eight thirty in the morning tomorrow,reject
i want to be woken up at 9 tomorrow,reject
what are the things that i have for today,reject
what is left to do today,reject
what do i have to do today,reject
"the tasks for today, what are they",reject
i need to know what my to-do list is looking like,reject
is cleaning the kitchen coming up on my list of things i have to do today,reject
do i have cleaning the counters on my to-do list,reject
is cleaning the toilet on my to-do list,reject
tell me what is on the list of things to do,reject
tell me what is on my to do list,reject
is vacuuming on my list of things to do,reject
will an oil change be on my to-do list tomorrow,reject
read me my list of things to do,reject
please read my todo list,reject
tell me what is on my todo list,reject
i need my todo list read,reject
i need to hear my todo list,reject
is taking out the trash on my to do list,reject
read to me my to do list,reject
read back my to do list,reject
can you tell me my to do list,reject
i want to know what i have to do,reject
read back to me my to do list,reject
tell me the content of my to do list today,reject
what is on my to do list,reject
please read back to me my to do list,reject
let me know what i have to do today,reject
is fixing mom's kitchen blind on my to do list,reject
check my domestic to do list for carpet cleaning,reject
do my task list have call kath on it,reject
check my to do list to see if jewelry repair is listed,reject
does my errand list have goodwill on it,reject
can you tell me the items on my to do list,reject
do i have brush my teeth on my todo list,reject
what chores do i have waiting on my reminder list,reject
do i have get an oil change on my todo list,reject
do i already have a task on my todo list to research delaware,reject
what do i have on my need to do list,reject
read my complete todo list to me,reject
i want to hear everything on my todo list,reject
do i have any birthdays on my todo list,reject
how many items are on my todo list,reject
is doing my laundry already on my todo list,reject
how many chores are on my todo list,reject
iterate the items on my todo list,reject
do i have an item on my todo list related to shopping,reject
are the items on my todo list listed alphabetically,reject
did i add purchase tickets to the penguin game to my todo list,reject
did i remember to add buy flowers to my chore list today,reject
can you check if i've added an item to throw out the carcasses on my todo list,reject
what tasks have i yet to complete off my list,reject
do i have anything on my todo list about shoveling snow,reject
what items do i need to do,reject
did i create a task to clean the gutters on my list,reject
tell me what i have on my todo list,reject
is studying for the chem exam on my todo list,reject
please tell me all items on my todo list,reject
do i have a car wash scheduled on my to do list,reject
at what time is laundry on my to do list,reject
have i set aside a time on my to do list to do my taxes,reject
did i jot down a time to see my accountant on my to do list,reject
when is babysitting on my to do list,reject
what does my to-do list consist of,reject
can you please tell me what is on my to-do list,reject
i wonder what my to-do list looks like for today,reject
what does my to-do list look like,reject
"let me hear all of the items on my to do list, please",reject
"repeat my to do list to me, please",reject
let's go over the list of items on the to do list just to be sure we got it all,reject
can i hear the complete to do list just dictated,reject
"tell me what things i need to accomplish per my to do list, please",reject
"can you tell me all of the things on my to do list for tomorrow, please",reject
please remind me of the tasks on my to do list,reject
go ahead and say all of the points on my list of to-do's please,reject
"what do i have to do tomorrow, according to my to-do list",reject
i want to hear my to do list please,reject
what have i got on my to-do list,reject
let me know whether folding laundry is on my to do list,reject
can you tell me the tasks on my to-do list,reject
i need to know what tasks are on my to-do list,reject
i want to hear my to do list read out loud,reject
can you look to see whether feeding the fish is on my to do list,reject
please let me know if giving the dog a bath is on my list of tasks to complete,reject
can you walk me through the various tasks on my to do list,reject
what do i have left to do on my to-do list,reject
is changing the water filter on my to do list right now,reject
please tell me all the items on my to do list right now,reject
please inform me of what tasks i have listed on my to do list,reject
look to see if i have folding laundry on my to do list,reject
please read out my list of tasks to accomplish,reject
i need to know everything on my to do list currently,reject
i need to know if sorting the mail is on my to do list,reject
can you read my to do list to me please,reject
check my to do list to see if feeding the fish is on it,reject
did i put unpacking groceries on my to do list,reject
will you please go back over everything on my to do list,reject
read my to-do list to me,reject
i need to know if cleaning out the fridge is on my to do list,reject
do i have watering the plants on my to do list,reject
let's go through my to do list items please,reject
use a different accent,reject
try using a different accent,reject
speak in a different accent,reject
change the accent you're speaking in,reject
could you change the accent you're using,reject
would you change your accent to the male british one,reject
i want your accent changed to the male british one,reject
i need for you to change your accent to the male british one,reject
would you please get your accent changed to the male british one,reject
try it with a male voice,reject
could you use a male voice,reject
use a male voice now,reject
use a male voice instead,reject
try a male voice,reject
i would prefer your voice to be male,reject
please use a male voice when speaking,reject
can you switch to the female voice,reject
change to a male voice,reject
please change your accent to a british male,reject
can you change the way you talk to a male british voice,reject
could you talk like a british male,reject
can i change the voice to male,reject
i want to hear the female voice option,reject
is there a way to change the voice to male,reject
i would prefer to hear the female voice,reject
i would prefer to hear you speak like a british male,reject
start speaking in a male british voice,reject
go ahead and switch to the female voice,reject
i shall switch to the male voice,reject
i must to the female voice,reject
please change to the female voice,reject
please change your accent to the male british one,reject
i need you to change your accent to the male british one,reject
i need to to the female voice,reject
i need to switch to the male voice,reject
go ahead and switch to the male voice,reject
you need to change your accent to the male british one,reject
i gotta to the female voice,reject
i wanna switch to the male voice,reject
go ahead and change your accent to the male british one,reject
i must switch to the male voice,reject
i want you to change your accent to the male british one,reject
i wanna change to the female voice,reject
i want to change what accent you use,reject
use a new accent,reject
switch to a different accent,reject
can you use a different accent,reject
let's change your accent,reject
speak in a male voice,reject
can i hear the male voice please,reject
can you change your accent to the male british one,reject
use your male voice,reject
please talk to me in the male british accent,reject
use one of your male voices,reject
can you use the male british accent,reject
speak in a woman's voice,reject
switch over to the male voice mode,reject
go to the female voice,reject
please use your female voice,reject
please change your accent the male british one,reject
make your accent the male british one,reject
switch over to the female voice,reject
use a woman's voice,reject
can you speak like a british dude,reject
do you have the ability to do a male british accent,reject
is it possible for you to speak with a british gent's accent,reject
can i get you to talk like a pouty english guy,reject
"if you can do accents, i want to hear you talk like david bowie",reject
do a british male accent only,reject
i want to hear a male british accent,reject
change to a male british accent,reject
switch to british male accent,reject
can you do a british male accent,reject
change accent to male british,reject
set to female voice,reject
please change accent to british male,reject
please set to female voice,reject
use male voice,reject
can you switch to female voice,reject
please use male voice,reject
switch to female voice,reject
can you use male voice,reject
use male voice now,reject
can you make your accent british male,reject
now use male voice,reject
speak as a british male,reject
change accent to british male,reject
change to female voice,reject
use the male voice please,reject
can you swap to male voice,reject
i want to change to male voice,reject
use female voice now instead,reject
please start using female voice,reject
i want to use the female voice now,reject
i prefer female voice now,reject
switch from the male to the female voice,reject
please use male voice instead,reject
switch over from female to the male voice,reject
i need a new accent male british,reject
switch to male british accent,reject
where can i locate my w2 so i can do my taxes,reject
where is the w-2 form located,reject
where can i locate my w-2 form,reject
where can one receive their w-2 form,reject
what is the location of my w2 that is needed for taxes,reject
where would my w2 be found so i can do my taxes,reject
i need to find my w2 so i can do taxes,reject
where are w-2 forms given,reject
i require my w2 for taxes and need to locate it,reject
where do i get the form i need for taxes,reject
how can i get my year end summary for taxes,reject
where should i go to get a w2 to do my taxes,reject
where do i pick up a w2 form,reject
where can i get a w2 form,reject
tell me where a w2 is available please,reject
a w2 form can be gotten from where,reject
can i get a w2 form online,reject
help me get a w2 to do my taxes,reject
what location can i get a w2 from,reject
where can i get a w2,reject
a w2 form is obtainable where,reject
who can send me a w2 so i can complete my taxes,reject
how can i get my w2 to do my taxes,reject
where can i pick up my w2 to do my taxes,reject
where do i get the form that shows my wages for the year for taxes,reject
can you tell me what the form is employers are supposed to send you for taxes and where i get it,reject
i've got tax issues and need help obtaining my w2,reject
i need to do taxes and have to get a w2,reject
where do i find the irs form that tells me the amount of money i owe them,reject
where do i get the tax form that i have to report to the irs,reject
can you locate my w-2,reject
i would like to know how to find my w-2,reject
can you help me find my w-2,reject
"hey, anyone seen my w-2",reject
help - i can't find my w-2,reject
where is my w-2,reject
where can i get my w-2,reject
i need to download my w-2 form,reject
can you access my w-2,reject
how can i get a hold of my w-2,reject
i need to get a hold of my w-2 right now,reject
where can i get the form i need to do my taxes,reject
"where can i get the form i need to do my taxes, please",reject
"where can i get the employment document that i need to do my taxes, please",reject
where can i get a w2 form from,reject
where can i obtain a w2 form,reject
where can i find a w2 form,reject
where can i obtain a w2 form from,reject
where can i get the employment form i need to do my taxes,reject
"where can i get the employment form i need to do my taxes, please",reject
where is my w2,reject
where can i find my w2,reject
where can i find my w2 as i need it for tax reasons,reject
where do i get my tax papers,reject
where do i recieve a w2,reject
how do i get a w2,reject
is this where i get a w2,reject
can you tell me where to get a w2,reject
who has the tax form that shows my wages,reject
what is that tax form that shows my wages and where do i get it,reject
where do i locate the form that has my tax information,reject
who has the tax form that has my wage informaton,reject
where do i get the tax form that shows my wages,reject
where's my w-2,reject
i can't find my w-2,reject
do you know where my w-2 is,reject
i'm having trouble locating my w-2,reject
where can i find my w-2,reject
provide me assistance on where to go to get my w2 for tax reasons,reject
i am in need of my w2 for tax reasons; provide me where to get it,reject
assist me on where to go to get my w2 for tax reasons,reject
where do i go to get my w2 for tax reasons,reject
where can i get my w2 from for tax reasons,reject
i would like to get the forms to file for my w2,reject
where could i locate a w2 form from,reject
locate my w-2 form,reject
where could i find forms to get my w2,reject
where can i find my tax form to report what i earn,reject
where do i go to get my w-2,reject
how do i find my w-2 form,reject
what is the form i need to report my earnings,reject
where do i get my w2 form from,reject
tell me where to get myy w-2 form,reject
where can i find my w-2 form,reject
where can i locate a form for my w2,reject
is my w2 available at the post office,reject
i need to know where to get a w-2 form,reject
when will i receive my w2,reject
can i get my w2 online,reject
how do i get a w-2,reject
i need help getting a w-2,reject
can i get a w-2 from the post office,reject
can i get my w-2 online,reject
does my w2 come by mail,reject
how and where are my w2 forms given,reject
where can i get my w2 forms from,reject
from where are w2 forms given,reject
how do i get a w2 form and from where,reject
how do i get a personal w2 form,reject
have i been sent my w-2 in my email,reject
when should i pay my bill by,reject
when is my car insurance due,reject
when's the gas bill due,reject
when do i pay the utilities,reject
do i pay my rent this week,reject
i need to know when i must pay my car bill,reject
how much is my water bill,reject
is my bill due this week,reject
how much time left to pay my bill,reject
what day is my car insurance due,reject
when's the electric bill due,reject
when's the next phone bill,reject
when is my next car payment,reject
when is too late to pay my cable bill,reject
can you alert me when my phone bill is due,reject
on what day do i pay my car payment,reject
how can i know when my cable bill is due,reject
what day do i have to pay for my capital one card,reject
how long do i have left to pay for my chase credit card,reject
what is the due date of my att bill,reject
when is my xfinity bill due,reject
how many more days before my verizon bill is due,reject
i cant remember when my bill is due,reject
what is the due date of my bill,reject
what day is my bill due,reject
when is my bill due,reject
tell me when my bill will be due,reject
how do i locate when my gas bill is do,reject
i would like to know my electric bills date it needs to be payed,reject
i need to know where to locate when my gas bill is due,reject
can you tell me when my electric bill is due,reject
i need to know the due date for my credit card,reject
where should i look for when my gas bill is due,reject
can you tell me the date my credit card is due,reject
i'd like to find the date that my gas bill is due,reject
how do i know when to pay my gas bill,reject
when do i have to pay my water bill by,reject
when do i have to pay my electric bill by,reject
when do i have to pay my internet bill by,reject
when do i have to pay my gas bill by,reject
tell me when i have to pay my bill,reject
what date do i have to pay my bill,reject
give me the date my bill is due,reject
on what day do i have to pay my nordstrom bill,reject
when is my chase visa due,reject
when do i need to pay my annual payment for auto insurance,reject
what is the exact due date for my mortgage payment,reject
what is the due date for my metronorth monthy pass,reject
can you tell me when my peco energy bill is due this month,reject
please find the exact payment due date for my sprint phone bill,reject
what is the due date on my xfinity internet bill for february,reject
what is the latest date that i can pay my direct tv bill this month,reject
i need the new due date for my pgw gas bill,reject
what time do i have to pay z bill,reject
whats the due date for z bill,reject
how soon before my catering bill is due,reject
how long before my lawn guy bill's due,reject
when's my heater bill due,reject
what date is my water bill due,reject
whats the deadline for amex payment,reject
when is my visa due,reject
when is visa due,reject
do you know when i need to pay my mastercard,reject
what's the due date for my american express payment,reject
when is my mortgage payment due,reject
what's the due date for the credit card,reject
when's the next time i have to pay the insurance,reject
how long do i have to pay the gas bill,reject
when's the rent due,reject
when does the car payment come due,reject
when does the electric bill up,reject
how do i check when my mortgage is next up for payment,reject
when do i owe the state payment for my car tags,reject
when do i owe the rent,reject
do i need to pay my credit card bill already,reject
do you know when my next electric bill is due,reject
where do i find information on when the water bill is due,reject
how do i ascertain when my next insurance payment will be,reject
what do i do to check when my next credit card payment is,reject
when do i need to pay my at&t bill,reject
what is the due date of my at&t bill,reject
is my at&t bill do soon,reject
when is my at&t bill due,reject
what date is my at&t bill due,reject
when's the ac bill due,reject
what day is the z bill due,reject
what's the due date for the renting bill,reject
i want to know when a bill is due,reject
what day is the bill due,reject
i would like to know when the bill is due,reject
what is the due date for a bill,reject
when is the bill due,reject
how do i find when my water bill needs to be paid,reject
when is my water bill due,reject
how do i find when my cable bill is due,reject
when is my electric bill due,reject
when do i need to pay the water bil,reject
how do i find when my medical bill is due,reject
when do i need to pay the cable bill,reject
how do i find when my electric bill is due,reject
can you provide me the calories in the smoothie,reject
can you tell me the calories for the cheeseburger,reject
i'd like the calories for this chicken breast,reject
how many calories in this slice of pizza,reject
what about the calories for this chicken salad,reject
how many calories are in a large fry,reject
a large french fry has how many calories,reject
what is the calorie content of a scoop of chocolate ice cream,reject
how many calories in scoop of chocolate ice cream,reject
tell me how many calories in a medium size apple,reject
how many calories does a scoop of chocolate ice cream have,reject
how many calories are in a can of coke,reject
what's the number of calories in a pepsi,reject
what is the calorie content of a small bag of lay's potato chips,reject
how many calories does a kitkat have,reject
how many calories are there in a scoop of chocolate ice cream,reject
how many calories does a scoop of chocolate ice cream contain,reject
what's the expected calories in a cream filled cookie,reject
what's the amount of calories in a cheesy omelette,reject
can you tell me the calorie count in a glazed donut,reject
what's the calorie count for tuna casserole,reject
how many calories are in waffles,reject
what's the calorie content for fried eggs,reject
what's the amount of calories in an cream filled oatmeal cookie,reject
how many calories are in chocolate cake,reject
how high in calories is pork,reject
how many calories are in a honey bun,reject
what does a sausage sandwich have for calories,reject
what's the number of calories in a coke,reject
what are the total calories for two servings of pasta,reject
how many calories should i plan to be in a donut,reject
how many calories would i estimate for fettuccine alfredo,reject
how many calories does a big mac have,reject
what's the caloric content if you eat roast beef,reject
how many calories would i consume if i ate a loaded hotdog,reject
what's the expected calorie load of a peanut butter and jelly sandwich,reject
what's a big bowl of ice cream contain in calories,reject
do cheetos have a lot of calories,reject
what's the calorie content of cheetos,reject
looks up the calories in cheetos,reject
calorie count of cheetos,reject
how many calories do cheetos have,reject
how many calories are in a cup of white rice,reject
how many calories are in vanilla ice cream,reject
one cup of almonds has how many calories,reject
what's the calorie info for 2 cups of regular chex mix,reject
what's the caloric content in a bowl of rice crispies with milk,reject
a bowl of cheerios with milk has how many calories,reject
how many calories are in a bag of regular doritos,reject
how many calories are in chocolate ice cream,reject
2 cups of grapes have how many calories,reject
how many calories are in spaghetti and meat sauce,reject
"in one cookie, how many calories would i find",reject
what is the calorie count for one cookie,reject
"if i ate a cookie, how many calories would i be ingesting",reject
cookies have how many calories,reject
how many calories are in a cookie,reject
how many calories in gum,reject
how many calories in chicken,reject
how many calories in meatloaf,reject
how many calories are in chicken breast,reject
how many calories in peanuts,reject
what is the total number of calories in a bag of potato chips,reject
can you tell me the amount of calories i can expect one tuna sandwich to contain,reject
give me expected number of calories in a breakfast burrito,reject
can you tell me the number of calories in one serving of whole cashews,reject
please tell me the total calories a single serving of chocolate ice cream is expected to contain,reject
i need to know the total calories for a chicken caesar salad,reject
please tell me how many calories one chocolate bar contains,reject
what's the average number of calories in one cup of tomato soup,reject
do you know how many calories are in a single chicken breast,reject
i need to know the number of calories on average in a handful of pistachios,reject
what is the caloric value of a cookie,reject
how many calories are in cookies,reject
can you tell me how many calories are in cookies,reject
what is the calorie count in a cookie,reject
what are the calories in a cookie,reject
what is the calorie count for muffins,reject
are there a lot of calories in muffins,reject
tell me the amount of calories in muffins,reject
what is the caloric total in these muffins,reject
what amount of calories are in one muffin,reject
look up the calories in an apple,reject
tell me the calorie content of an apple,reject
what's the caloric content of an apple,reject
tell me the calorie content for an apple,reject
i need to know the calorie content in a piece of pepperoni pizza,reject
how many calories are in an apple,reject
i want the calorie content for a banana,reject
tell me the number of calories in a banana,reject
what is the calorie look like in apples,reject
what is the calorie going to be if i'm eating cereal,reject
add up the calories in tacos,reject
how many calories are in cheerios,reject
what type of calorie numbers are in onions,reject
i need to know the calorie count of a bacon cheeseburger,reject
whats the calorie content of oatmeal,reject
what is the calorie count of an apple,reject
how many calories on average are in a hot dog,reject
how many calories are in a piece of bacon,reject
let my credit card company know that my card split in half,reject
how do you report a burned debit card,reject
"my card split in half, how do i report it",reject
report my burned card to the company,reject
what do i say when i report a split credit card,reject
my card was damaged by my cat; can i report that,reject
i dropped my card in my gasoline and the printing wore off,reject
i need to report that my dog chewed up my card,reject
it seems i can't use my card since it has been damaged,reject
"unfortunately, my card is damaged and unusable",reject
what should i do with an unusable and damaged card,reject
my card is unusable because it's damaged,reject
i cracked my card and need a replacement,reject
my card got melted and i need to report it,reject
"my card got melted and i need to report it, please",reject
"my card got melted in the dryer and i need to report it, please",reject
my card got damaged and i need to report it,reject
"my card got damaged and i need to report it, please",reject
my card is damaged so i can not use it,reject
report the card has been damaged,reject
"i can not use my card, it is damaged",reject
"the card is torn, let's report it",reject
report that the card has been wrecked,reject
my card is damaged and no longer function,reject
my card is damaged and unusable,reject
"my card is wrecked, let's report it",reject
report the card has been torn,reject
i can not use my card since it is damaged,reject
i need to report a bent card,reject
"my card split in half, can i report it",reject
"i cracked my card, order a new one",reject
report that i split my card,reject
please make a report that my card is split,reject
"the magnetic strip on my card is scratched, let the card company know",reject
"i cut up the wrong card, please contact the bank and let them know",reject
"i creased my card today, contact the bank",reject
"my card is cracked, please tell the card company",reject
"the dog chewed up my card, will you find out what it takes to get a replacement",reject
the plastic numbers on my card are falling off,reject
corner of my credit card is chipped off,reject
my card got snapped in half,reject
my card is too scratched and won't read correctly,reject
the sticker on my card is peeling off,reject
i can't use my card because it is broken,reject
my broken card won't work,reject
i can't use my damaged card,reject
my damage card is not working,reject
my damage card will not work,reject
i don't know who to notify that i ran my credit card over with the lawn mower,reject
i ran my credit card over with the lawn mower and need to replace it,reject
i need to replace my credit card because i ran it over with the lawn mower,reject
my card is partially damaged how do i report this,reject
my card is not working and i need to let them know,reject
my card broke in half and i need to report this,reject
the chip on my card is damaged and i need a new one,reject
my card's magnetic strip is not working and i want to notify them,reject
my card has a deep crease through the middle so i would like to report it,reject
how do i report my card if it got cut in half,reject
my card is cracked and i want to report it,reject
my card is too scratched up and i need to report it,reject
i need to report my bent card,reject
report to the company that i damaged my card,reject
call the card company and ask them to replace my card,reject
i damaged the card; can you replace the card,reject
i demagnetized my card and want to report it,reject
i want to report a broken card,reject
"my phone was too close to my card and demagnetized it, how can i report this",reject
my card has been erased and i need to report it,reject
"i need a report form for my damaged, demagnetized card",reject
how to report bent credit card,reject
i can't use my broken card,reject
i broke my card,reject
how to tell the company that my credit card melted,reject
my card is broken,reject
my card isn't working,reject
who do i report to if my credit card snaps,reject
"i accidentally bent my card, what do i do",reject
my card doesn't work anymore,reject
how do i report a melted credit card,reject
"my card needs replaced, i accidentally scraped it",reject
"i'd like to report my card as damaged, it's bent",reject
"i bent my card, can you report it to my bank",reject
"my card got scratched badly, can you tell my bank to send a replacement",reject
"my card snapped, can you tell my bank to send a replacement",reject
i accidentally put my credit card in the shredder,reject
my credit card fell out of my back pocket and got flushed down the toilet,reject
my credit card snapped in half while i was fiddling with it,reject
my dog ate my credit card and ruined it,reject
i was using my credit card as a cutting board and accidentally sliced it in half,reject
can you assist me with reporting that the atm nicked my card,reject
i need to report a new card please the atm hurt mine,reject
how report that scratched my card,reject
the atm chewed up my card can i get a new one,reject
"an atm ate my card, how do i report it",reject
my card fell out of my wallet and i ran over it so it does not work,reject
my card fell in the toilet and now the chip does not work,reject
the magnetic strip on my card is scratched up pretty badly from overuse can i get a new one,reject
i need a new card because my dog chewed on it and now it does not work,reject
i want to report my damaged card i accidentally cut it up thinking it was my expired card,reject
i cracked my rewards card can i get a different one,reject
do people like the donuts at tgi,reject
are the donuts at tgi well reviewed,reject
how are the donuts reviews at tgi,reject
what are the comments on the donuts at tgi,reject
are people recommending the donuts at tgi,reject
does outback steakhouse have good reviews,reject
does pizza hut have good reviews,reject
does have good reviews have great reviews,reject
does red robin have good reviews,reject
so does outback steakhouse have good reviews,reject
how good are the ratings for pizza hut,reject
how good are the ratings for red robin,reject
how good are the ratings for outback,reject
how good are the ratings for papa john's,reject
how good are the ratings for the olive garden,reject
what are people saying about chipotle,reject
tell me the reviews for chipotle,reject
do people like chipotle,reject
give me the reviews for chipotle,reject
what are the ratings for chipotle,reject
how good are the ratings for chic-fil-a,reject
how good are the ratings for olive garden,reject
how good are the ratings for longhorn steakhouse,reject
does chic-fil-a have good reviews,reject
how good are the ratings for outback steakhouse,reject
how good are the ratings for applebees,reject
does wendy's have good reviews,reject
does mcdonalds have good reviews,reject
does longhorn steakhouse have good reviews,reject
what reviews does miyabi have,reject
does applebee's have good reviews,reject
how are the reviews for cracker barrel,reject
are the reviews for mi casita good,reject
are the reviews good or bad for burger king,reject
tell me the ratings for the local denny's,reject
does the bleu olive have decent reviews,reject
how are the reviews for la loconda,reject
how many stars does la vignette have,reject
does the mediterranean grille have good reviews,reject
have you heard how the enchiladas are at jose's taco shop,reject
how does yelp report the enchiladas are at jose's taco shop,reject
does ihop have good reviews,reject
can you tell me if eating at outback's any good,reject
what do people say about village inn,reject
are the pancakes at ihop any good,reject
how are the reviews for spaghetti at the olive garden,reject
how's the lo mein rated at hun lee's,reject
how's the sausage pizza at pizza hut,reject
is mcdonalds a good place to eat,reject
what's the reviews have to say about burger king,reject
how are the burgers at carl jr's,reject
are the chili's reviews any good,reject
are the reviews for applebee's good,reject
i want to know how the mcdonalds reviews are,reject
tell me about the reviews for chilis,reject
let me know how the outback steakhouse reviews are,reject
how good are the ratings for per se,reject
what are the reviews like for khin khao,reject
how good are the ratings for the french laundry,reject
how good are the ratings for chez panisse,reject
how good are the ratings for peter luger steakhouse,reject
what are the reviews like for mission chinese,reject
what are the reviews like for zazie,reject
what are the reviews like for bar tartine,reject
what are the reviews like for la camelia,reject
how are people liking the sushi at yakamoto,reject
is there any opinions on the sushi at yakamoto,reject
is the sushi well-received at yakamoto,reject
at yakamoto how is their sushi,reject
what is the sushi like at yakamoto,reject
what are the reviews like at minnis,reject
does buffalo wild wings have good reviews,reject
tell me the reviews for bjs,reject
what are the ratings about at pho king,reject
how are the ratings like for buffalo wild wings,reject
read some of the reviews for wing stop,reject
does applebees have alright reviews,reject
does bjs get good reviews,reject
what are the ratings like for chilis,reject
what do the ratings say about korean bbq,reject
what do the ratings say for black bear diner,reject
what are the reviews for mountain mikes,reject
i need to hear reviews for panda express,reject
what are the reviews like for black bear dinner,reject
does chillis have good reviews,reject
do people like the food at wendy's,reject
are there any positive reviews for wendy's,reject
what kind of reviews does wendy's have,reject
are there any negative reviews for wendy's,reject
what do people think about the sandwiches at wendy's,reject
look up the ratings for olive garden,reject
pull up the ratings for macaroni grill,reject
tell me about the reviews for olive garden,reject
are the reviews for chevy's any good,reject
has ruby tuesday got good reviews,reject
does chili's have good reviews,reject
tell me how good ihop's ratings are,reject
fill me in on the reviews for ruby tuesday,reject
does ihop have positive reviews,reject
what are reviews for ihop like,reject
where can i see the routing number for bmo,reject
i need to know what my wife's account's routing number is,reject
how do i locate my routing number for tax reasons,reject
where can i look up x's routing number,reject
please give my routing number for my national account,reject
where do i go to find my routing number for southpoint,reject
tell me my first national account's routing number,reject
how can i find my routing number for el dorado,reject
i need you to tell my what my routing number is for my first county account,reject
i need the routing number for my woodlawn account,reject
where do i find the routing number for sunflower bank,reject
can i get the routing number for sunflower bank,reject
where do i find the routing number for nfcu,reject
what's bank of america's routing number,reject
i need to know nfcu's routing number,reject
can you tell me the routing number of wells fargo,reject
where do i find the routing number for great western bank,reject
how do i find axos bank's routing number,reject
"ai, routing number for my b of a checking account",reject
"ai, what is my chase checking routing number",reject
"ai, routing number for my wells fargo checking",reject
"ai, what is the routing number for my citibank savings account",reject
"ai, what is my chase routing number",reject
what's my routing number from chase,reject
can you help me find my routing number from wells fargo,reject
could you tell me what my routing number from first republic is,reject
do you know where i can find my suntrust routing number,reject
how can i find my routing number from bank of america,reject
what routing number do i use to send an international wire with citibank,reject
search for my routing number for my checking account with wells fargo,reject
what is my pnc account routing number,reject
can you tell me the routing number for my chase checking,reject
please find my routing number for my citizens' bank account,reject
i need to know my bank of america account routing number,reject
i need to find the correct td bank routing number for my pennsylvania account,reject
"what is the correct routing number for my citizens bank account, pennsylvania",reject
please find the routing number for chase bank accounts opened in new york,reject
can you tell me the routing number for bank of america for domestic accounts,reject
please tell me what my bank routing number is,reject
i must learn my routing number,reject
what's the routing number for my money market account,reject
tell me my bank routing number,reject
where do i find the routing number for wells fargo,reject
i wanna know my bank of america routing number,reject
tell me my bank of america routing number,reject
how do i get the routing number for chase,reject
what's the routing number for my savings account,reject
let me know my bank of america routing number,reject
what's the routing number for my checking account,reject
let me know my routing number,reject
what's the routing number for my current savings,reject
i need to know my routing number,reject
what's the routing number for my current checking,reject
i must know my bank of america routing number,reject
show me the routing number for chase,reject
i need to know my bank of america routing number,reject
what is my routing number for home federal account,reject
show me my routing number for account finishing in 29309,reject
"for my westport account, what is the routing number",reject
what is the routing number for royal,reject
display the routing number for account huntington,reject
provide me the routing number for my fed account,reject
give me the routing number for my paragon account,reject
let me know what the routing number for my civista account is,reject
inform me of the routing number for my amerifirst account,reject
tell me the routing number for my wf account,reject
routing number for american river,reject
what is the routing number of cadence,reject
what's my pioneer routing number,reject
can you tell me my routing number for summit,reject
what is my routing number for marine bank,reject
can you tell me my routing number,reject
what is my routing number,reject
i need my routing number,reject
i want to know my routing number please,reject
where do i find the routing number for usaa,reject
what's the routing number for my navy federal account,reject
what's the routing number for my chase account,reject
what's the routing number for my bank of america account,reject
where do i find the routing number for chase,reject
where do i find the routing number for bank of america,reject
where do i find the routing number for bank of the west,reject
where do i find the routing number for navy federal,reject
what's the routing number for my bank of the west account,reject
what's the routing number for my usaa account,reject
what's my bank routing number,reject
can i get the routing number for my boa account,reject
i need to know the routing number for my wells fargo account,reject
what is the routing number for my wells fargo account,reject
please tell me the routing number for my wells fargo account,reject
please tell me my bank of america routing number,reject
i need to know the routing number for my checking,reject
could you tell me the routing number for my chase checking account,reject
what is my routing number on my checking account,reject
i need the routing number to my chase checking account,reject
what is the routing number on my first merit account,reject
can you help me find the routing number,reject
will you tell me my routing number,reject
would you tell me my routing number,reject
i need to know chase banks routing #,reject
what type of pet do you have,reject
share some information about your pets with me,reject
do you have any type of pet,reject
do you own pets,reject
what are the pets that you have in your possession,reject
describe your types of pets,reject
how would you explain the pets you own,reject
what are the pet types you own,reject
do you have any pet animals,reject
any pets in your household,reject
do you have any domestic animals,reject
which animals do you have at home,reject
tell me all about the creatures you own,reject
"specifically, what pets do you own",reject
"if you had to choose, would you choose a cat or a dog",reject
"what is your favorite, cats or dogs",reject
"what kind of person are you, a cat or dog",reject
which food do you give your pets,reject
how old are your pets,reject
the pets are all good,reject
what is the colour of your pets,reject
what is your favourite pet,reject
do you have many kinds of pets at your house,reject
what kind of pets live with you,reject
how many different pets do you have,reject
do you have different kinds of pets,reject
what sort of pets do you have,reject
tell me about your pets,reject
"what sort of person are you, a cat or dog person",reject
tell me if you like cats or dogs,reject
let me know about your pets,reject
can you tell me the types of pets you have,reject
i'd like to learn more about your pets,reject
so what pets do you have,reject
would you say you like cats or dogs,reject
would you say you're a person who likes cats or dogs more,reject
cats or dogs,reject
i want to know what kinds of pets you have,reject
would you let me know if you are a cat or dog person,reject
let me know what kinds of pets you have,reject
would you tell me what kind of pets you have,reject
i am needing to know what kind of pets you have,reject
tell me what kind of pets you have,reject
i want to know if you are a cat or dog person,reject
let me know if you are a cat or dog person,reject
i need to know whether you are a cat or dog person,reject
tell me whether you are a cat or dog person,reject
you have what kind of pets,reject
you have pets of what kind,reject
pets you have what kind,reject
"on pets, what kind do you have",reject
kind of what pets do you have,reject
"imagine you had to pick a preferred animal between cats or dogs, which will you pick",reject
why types of animals do you currently have as pets,reject
to what animal species do your pets belong,reject
what species of pets do you own,reject
what sort of animals are your pets,reject
would you say you like dogs more or cats more,reject
are you currently a pet owner,reject
have you any pets,reject
would you say that you are now a pet owner,reject
"think about if you could only say one or the other, which animal do you see yourself choosing, cats or dogs",reject
"which do you prefer, cats or dogs",reject
what pets do you currently own,reject
"if you were getting a pet, would you get a cat or would you get a dog",reject
which pets do you own now,reject
so are cats and dogs liked by you,reject
are you a cat person,reject
so do you like cats or dogs,reject
i gotta know what kinds of pets you have,reject
tell me what kinds of pets you have,reject
do you like cat or dogs,reject
i need to know what kinds of pets you have,reject
i wanna know what kinds of pets you have,reject
do you like cats or dogs,reject
i must know what kinds of pets you have,reject
"if you had to choose, cat or dog",reject
would you like to live with a cat or a dog,reject
"which domestic animal do you prefer, dog or cat",reject
"what is your favorite pet, a cat or a dog",reject
do you have pets,reject
do you keep any pets,reject
what are all your pets,reject
what are your pets,reject
how many pets do you have,reject
what animals do you have,reject
do you own any pet,reject
what kind of pets do you own,reject
what are the pets that you take care of,reject
do you own any pet at all,reject
what are the pets that you raise,reject
do you have any pet at all,reject
can you tell me about the pets you have,reject
can you tell me if you have any pets,reject
i am curious about whether you have pets,reject
i want to know whether or not you are a pet owner,reject
what sorts of pets do you own,reject
i want to hear about your pets,reject
are you a pet owner,reject
what types of pets do you own,reject
i want to know if there is meeting room available at 8,reject
meeting room availability from 8:00 please,reject
are there any meetings room available between 8:00 and 9:00 am,reject
i want to check if there is any meeting room available between 8:00 and 10:00 am,reject
tell me how do i schedule a meeting,reject
show me how do i schedule a meeting,reject
i want to know how do i schedule a meeting,reject
meeting room availability at 8:00 please,reject
i want to find out how do i schedule a meeting,reject
do you know how do i schedule a meeting,reject
can you schedule a meeting with steve at the office,reject
"can you schedule a meeting with jessica at the office, please",reject
"can you schedule a meeting with james at the office, please",reject
how do i create a meeting,reject
how can i create a meeting,reject
how can i schedule a meeting,reject
"can you schedule a meeting with steve at the office, please",reject
can you schedule a meeting with james at the office,reject
do you have a meeting room open from noon until 2:00 pm,reject
i'd like to schedule a meeting room from 1:00 pm until 2:00 pm,reject
can i book a meeting room from 2:00 pm to 3:00 pm,reject
are there any meeting rooms free from 10:00 am until 10:30 am,reject
what is your availability for conference rooms between one and two today,reject
i want to schedule a meeting with tom for 6pm,reject
add a new meeting with tom for 6pm,reject
how can you schedule a meeting for me,reject
can you schedule a meeting for me,reject
schedule a meeting with tom for 6pm,reject
i need to schedule a meeting,reject
schedule a meeting for me,reject
add a meeting with tom at 6pm,reject
i need to set a meeting with tom at 6pm,reject
would you schedule a meeting with carrie and lisa please,reject
i need you to schedule a meeting with carrie and lisa,reject
schedule a meeting with carrie and lisa,reject
i want you to schedule a meeting with carrie and lisa,reject
could you please schedule a meeting with carrie and lisa,reject
i want a meeting to be scheduled,reject
tell me how i can schedule a meeting,reject
help me schedule a meeting,reject
how does scheduling a meeting work,reject
help me get a meeting set up,reject
i need a meeting scheduled with bob for 7:00am on 9/11,reject
get me a meeting with bill for 5:30pm tomorrow,reject
i have to meet with sam at 9:00am in two days,reject
set a meeting with tom for 5:30 tomorrow,reject
i'm having trouble scheduling a meeting,reject
put a meeting on my schedule with pam for 3:00pm on february 11th,reject
are there meeting rooms available between 9-10,reject
are there meeting rooms available between 7-9,reject
are there meeting rooms available between 11-12,reject
are there meeting rooms available between 4-8,reject
are there meeting rooms available between 10-11,reject
can you put in a meeting for the blue room on friday,reject
can you sign me up for a meeting in the blue room on friday,reject
i want to know if there are meeting rooms available between 9:00 am and 11:00 am,reject
please help me schedule a meeting with john love at 9 am tomorrow,reject
"between 9:00 am and 11:00 am, are there meeting rooms available",reject
could you schedule a meeting with john smith at 1 pm tomorrow,reject
i need you to schedule a meeting with bob brown at noon the day after tomorrow,reject
can see you see if there are meeting rooms available between 9:00 am and 11:00 am,reject
see if you can schedule a meeting with don southerland tomorrow at noon,reject
"i need meeting rooms between 9:00 am and 11:00 am, are there any available",reject
can you schedule a meeting at 10 am tomorrow with john smith,reject
please tell me if there are meeting rooms available between 9:00 am and 11:00 am,reject
can you schedule a meeting room for interviews on thursday,reject
can you schedule a meeting with damon for 1,reject
can you schedule a meeting with john for 12,reject
can you schedule a meeting with steve for 5,reject
can you schedule a meeting with george for 4,reject
can you schedule a meeting with matt for 3,reject
a meeting needs to be schedule and i need to know how,reject
show me how to schedule a meeting,reject
tell me how to schedule a meeting,reject
schedule a meeting room for friday at 3pm,reject
"at noon, schedule a meeting with saul",reject
i'd like to pencil in a meeting with seth at 11am,reject
what's the meeting room availability between noon and 2,reject
set up a meeting with frank at 2pm,reject
are there any open meeting rooms between noon and 1,reject
book me a meeting room for 12pm on february 28th,reject
are any meeting rooms open between 9 and 10,reject
is there an open meeting room between 2 and 4,reject
can you hook me up with a meeting room on saturday morning at 10am,reject
i need to schedule a meeting with mae at 5pm,reject
i'm going to need a meeting room on 9am on tuesday,reject
i need a meeting room at 2pm on friday,reject
i'm going to need to meet with scott at 1pm,reject
is it possible to book a meeting room between 10 and 11,reject
would you be able to help me with a meeting room on wednesday at 3pm,reject
during afternoon is there a meeting room to use,reject
is there a meeting room available between one and two,reject
what is the availability of meeting rooms during the afternoon,reject
how many rooms are available between 2 and 3,reject
check if meeting rooms are free from 6 to 7,reject
please find out if rooms are free from 1 to 2,reject
are any rooms free from 12 to 1,reject
are there rooms available between 5 and 530,reject
"if i want to schedule a meeting, how do i do it",reject
how is a meeting scheduled,reject
what kind of gasoline can this car take,reject
is there a certain type of gas i need to use,reject
i need to know what kind of gas i can use on this car,reject
is any type of gas ok on this car,reject
is there a certain type of gas i need to use for this car,reject
i want to know the type of gasoline for this car,reject
tell me the gas type for that car,reject
tell me what type of gas this car uses,reject
tell me what kind of gas this car uses,reject
what type of fuel does my car need,reject
what type of gas does the car use,reject
what type of fuel do i need to use to fill the car up with,reject
what type of gas do i need to use in this car,reject
what type of gas does this car need,reject
what kind of fuel do i need,reject
what kind of gas will i need to put in this car,reject
i need to know what kind of fuel this car needs,reject
what kind of gas should i use to fill the car,reject
what kind of petrol goes in the tank,reject
can i use any fuel in my car,reject
what kind of fuel should i use to fill the car,reject
tell me what type of fuel i need to use for this car,reject
what fuel do i need for my car,reject
what kind of gas should i put in this car,reject
what gas do i need to fill the car up with,reject
does my car need specific fuel,reject
which type of gas do i need to put in my car,reject
what sort of gas does the car need,reject
tell me what cas is needed for this car,reject
i need to know what kind of gas to put in this car,reject
i would like to know the kind of gas that this car uses,reject
tell me the gas i need to fill this car up with,reject
what gas does the car need,reject
what gas does that car currently use,reject
what gas does the car use,reject
i wanna know the gas i need to fill this car up with,reject
what kind of gas does my car currently need,reject
what gas is needed for the car,reject
i wanna know the gad i need to fill this car up with,reject
please inform me the gas i need to fill this car up with,reject
what gas does my car use,reject
so what kind of gas does my car need,reject
i wish to know the gas i need to fill this car up with,reject
what type of gas does my car use,reject
what kind of gas does my car use,reject
what type of gas am i allowed to put in this car,reject
what kind of gas should go in this car,reject
what kind of gas goes in this car,reject
what type of gas does this car take,reject
what kind of gas does my vehicle take,reject
what sort of fuel does this car take,reject
what type of fuel is used for this vehicle,reject
what sort of fuel should i use for this car,reject
tell me the kind of fuel that my vehicle operates on,reject
what kind of fuel does my vehicle run on,reject
what sort of gas should i get for my car,reject
tell me the right kind of gas for this car,reject
look up the kind of fuel i use in my car,reject
what sort of fuel do i need for my car,reject
can you check what fuel type to use with this car,reject
what kind of gas does this car take,reject
look up the type of gas needed for this vehicle,reject
tell me the fuel type used by my car,reject
what kind of gas is needed for this car,reject
does it matter what kind of gas i fill up my car with,reject
should i use premium gas with this car,reject
will using a different type of gas matter for this car,reject
will this car run on the cheaper gas,reject
can i put normal unleaded in this car,reject
is unleaded ok or should i use premium,reject
what percentage gas do i need,reject
what kind of gas does this car use,reject
what type of fuel should i use in my car,reject
which fuel does my car take,reject
what kind of fuel goes in my engine,reject
does this car take regular gas,reject
tell me the gasoline type for this car,reject
what type of gas do i need to put in this car,reject
what type of gas do i need for this car,reject
does this care use premium gas,reject
is regular gas ok or does this car need something else,reject
which gas grade does this car take,reject
which gas type does this car take,reject
what's the correct fuel type for my car,reject
does this car need high octane gas,reject
does this take regular unleaded,reject
is there a minimum gas grade this car needs,reject
tell me the fuel my car takes,reject
my car uses what type of fuel,reject
tell me the type of fuel my car takes,reject
tell me what type of fuel my car uses,reject
what type of fuel does my car use,reject
what kind of gas do i put in my car,reject
what gasoline do i need to buy,reject
what kind of gas does my car take,reject
what kind of gas does this car need,reject
what kind of gas should i put into this car,reject
what gas does this car need,reject
what gas should i fill it up with,reject
what do i need to gas up this car,reject
do i need a socket converter if i'm going to mexico,reject
does england have a different plug type and if so what is it,reject
is there a conversion plug if you travel to australia,reject
what kind of plug type do they use in russia,reject
what type of plug do i need to bring if i visit japan,reject
what type of plug do they use in mexico,reject
"when you go to germany, do you need a special converter for your plugs",reject
do visitors to japan need to use a socket converter,reject
do you need a special outlet converter in sweden,reject
do i need a power adapter in mexico,reject
do they use special outlets in australia,reject
do they use any special type of plug in spain that you need a converter for,reject
do i need to have a socket converter in canada,reject
is a socket converter required if i travel to russia,reject
do they use weird plugs in australia where i'd need some kind of socket converter,reject
is there an outlet plug adapter,reject
can you tell me what kind of outlet plug there is over there,reject
how do i know what the outlets are like,reject
"i'm going out of country, what type of outlet plug do i need",reject
what if i have the wrong plug,reject
do i need a socket converter if i'm going to be in ohio,reject
"in osaka, do i need a plug converter for my electronics",reject
will i need a plug converter for my electronics in amman,reject
what plug types are there in cuba,reject
"in chile, what kind of plugs are used",reject
what type of plugs do they use in london,reject
if i visit cairo will i need a plug converter,reject
to charge my phone in india will i need a plug converter,reject
what kind of plugs will i need when i'm in ecuador,reject
will i need to use a plug converter in el salvador,reject
what plugs are used in spain,reject
what type of plug does the country use,reject
give me the plug type for the country,reject
what kind of plug does the country use,reject
i have to know what plug that country uses,reject
inform me as to the plug type of the country,reject
which type of plugs do they use in scotland,reject
are socket converters needed in lisbon,reject
will i need a socket converter when i go to france,reject
is a socket converter required in india,reject
what kind of plug does my hair dryer use in south korea,reject
if i go to dublin is a socket converter needed,reject
what type of plugs are used in cambodia,reject
what kind of plug do i need for my razor in ireland,reject
when i go to dubai will i need a socket converter,reject
"when i go to mexico, what kind of plugs do i need",reject
what kind of plug converter is needed in c,reject
what kind of outlets does havana have,reject
do i need a plug converter in doha,reject
is a plug converter required for haiti,reject
do i need to get a plug converter for athens,reject
do i need a socket converter if i'm going to be in russia,reject
do i need a plug converter when i visit russia,reject
do i need a socket converter if i'm going to be in china,reject
do i need a socket converter if i'm going to be in uruguay,reject
do i need a plug converter when i visit belgium,reject
what plug type does russia use,reject
what plug type does greece use,reject
do i need a socket converter if i'm going to be in germany,reject
what plug type does spain use,reject
what plug type is used in spain,reject
do i need a socket converter if i'm going to be in france,reject
tell me the plug type that is used in scotland,reject
should i bring a converter to barcelona,reject
do i need a converter in barcelona,reject
are barcelona plugs compatible,reject
will my plugs work in barcelona,reject
are the plugs different in barcelona,reject
what kind of outlets do they use in z,reject
what kind of electrical outlets do they use in z,reject
what kind of electrical plugs do they uze in z,reject
what kind of hertz outlets do they use in z,reject
do i need a socket converter in england,reject
are socket converters necessary in england,reject
should i bring my socket converter while traveling to england,reject
should i bring my socket converter to england,reject
does england require socket converters,reject
should i buy a specific plug type when in china,reject
would i need to buy a plug converter when in rome,reject
do i really need a plug converter when in london,reject
what type of plug do i need when in rome,reject
would it be smart to get a plug converter when i visit israel,reject
what do the plugs look like in japan,reject
should i buy a plug converter if i am traveling to egypt,reject
does australia have different plug sizes,reject
what are those european plugs called,reject
should i purchase a new plug converter when in france,reject
when i visit thailand do i need a plug converter,reject
can i use the plug i use at home when traveling in south america,reject
is a plug converter necessary in mexico,reject
when in europe would i be able to use a regular plug,reject
can i use an ordinary plug in scotland,reject
what is the plug type in france,reject
what plug type would i use in japan,reject
do i need a plug converter when i visit france,reject
do i need a plug converter when i visit china,reject
do i need a socket converter if i'm going to be in sweden,reject
do i need a socket converter if i'm going to be in eithiopia,reject
do i need a socket converter if i'm going to be in hong kong,reject
what plug type should i use in england,reject
tell me the status of my tires and when i need to replace them,reject
how many more miles can i drive before changing my tires,reject
how many miles can i drive before changing my tires,reject
when will my tires need to be replaced,reject
how is the tread on my tires,reject
when should i replace my tires next if i last replaced them on july 15th,reject
when are my tires due to be changed,reject
what date should i get my tires changed,reject
my tires need to be changed when,reject
how often do tires need changing,reject
when should i try to change my tires,reject
when is it imperative that i get my tires changed,reject
when do my tires need some changing,reject
when do my tires need changing,reject
when do i have to get my tires changed,reject
when should i replace my tires next if i last replaced them on the 1st,reject
tell when should i get my tires changed next,reject
tell me when should i get my tires changed next,reject
i need to know when should i get my tires changed next,reject
let me know when should i get my tires changed next,reject
when shall i get my tires changed,reject
when do i need to get my tires changed,reject
when must i get my tires changed,reject
i wanna know when should i get my tires changed next,reject
when am i due for a tire change,reject
do i need new tires if i just got them replaced on january 2017,reject
how many times a year should i change my tires,reject
do i need replacement tires if my last purchase was in june 2015,reject
"if i bought new tires on may 27th, should i still need new ones",reject
would i need new tires if my last purchase was in may of 2018,reject
would you say i need new tires if i last bought them on the 24th,reject
do i need to change any of my tires,reject
"i got my new tires a month ago, when should i replace them",reject
when should i get new tires i just replaced them,reject
"i purchased new tires yesterday, should i buy new ones",reject
how soon should i replace my tires from yesterday,reject
"i replaced my tires yesterday, when should i get new ones",reject
can you please let me know when next my tires are due to be changed,reject
please confirm the next time i should get the tires on my car replaced,reject
when is it recommended that i change my tires next,reject
how long until i should have my tires replaced,reject
when should i get new tires i last replaced them four years ago,reject
how many miles do i drive before i have to get new tires i replaced them four years ago,reject
how low should the tread be on my tires to replace them i bought new tires four years ago,reject
when should i get my tires changed again,reject
when do my tires need to be changed again,reject
when will i need to change my tires again,reject
when do i need to change my tires again,reject
when should my tires be changed next,reject
"i replaced my tires on may 2, so when should i replace them next",reject
"if i replaced my tires on labor day, when should i next replace them",reject
when should i have my tires replaced if i replaced them on the first of march,reject
"if i replaced my tires on christmas eve, when will i need to replace them again",reject
when will i need to replace my tires if i last replaced them on december 20,reject
how long can i go before i need to change my tires,reject
when should i go in and have my tires changed,reject
how much time do i have before i have to change my tires,reject
when should i get new tires,reject
when ought i get my tires changed next,reject
are my tires due to be changed,reject
are my tires due to be changed soon,reject
how long until i have to replace my tires,reject
how much longer until i have to change my tires,reject
when's the next time i should change my tires,reject
when do i take my car in for a tire change,reject
how long until i need to change my tires,reject
how many miles until i change my tires,reject
when are my tires next due for a change,reject
how often do you change your tires,reject
how long do tires last for,reject
how many miles can i drive before i need to change my tires,reject
what signs should i look for to know if i should change my tires,reject
is there a way to tell if i need new tires,reject
"when should i replace my tires next, if i replaced them on january 15, 2018",reject
when should i replace my tires if i replaced them last year,reject
how do i know when to change my tires,reject
tell me how i can tell if my tires need to be changed,reject
is it time for new tires,reject
do i need new tires,reject
"tell me when i need to replace my tires, if i replaced them on october 1, 2017",reject
do i need to replace my tires if i replaced my tires in january,reject
"i replaced my tires in december, when should i replace them again",reject
how often should i replace my tires sense i replaced them on 2/21/17,reject
i replaced my tires last year when should i replace my tires again,reject
when do you think i should replace my tires because i replaced them on 12/21/17,reject
how long before i need to replace my tires after i replaced them on 2/24/18,reject
when should i replace my tires sense i last replaced them on 3/21/17,reject
when is the right time to change my tires,reject
is it time to change my tires,reject
when do i need to change my tires,reject
do my tires need to be changed,reject
should i change my tires,reject
when will my tires need changed,reject
how many miles before i need my tires changed,reject
is there a specific date when i should get my tires changed,reject
can you tell me when my tires should get changed,reject
is there a time when i should get my tires changed,reject
would you tell me when i should replace my tires next if i last replaced them on june 2,reject
help me and let me know when i should replace my tires next if i last replaced them on june 2,reject
i need to know when i should replace my tires next if i last replaced them on june 2,reject
how many pesos can i get for one dollar,reject
what is the current going rate for exchanging dollars for pesos,reject
tell me the exchange rate between dollars and pesos,reject
let me know what the exchange rate between dollars and pesos is,reject
what's the exchange rate between dollars and pesos,reject
whats dollars won in 15,reject
what's dollars yen in 10,reject
whats pesos australian dollars in 20,reject
whats rupees dollars in 30,reject
whats euros kroner in 25,reject
how many lira can i get for 250 dollars,reject
what is the exchange rate in pesos for 100 dollars,reject
how many dollars can i exchange for 25 euros,reject
how many dollars can i exchange for 75 euros,reject
what is the equal number of dollars i can exchange for 50 pesos,reject
tell me the exchange rate between rubles and dollars,reject
i wanna know five dollars in yen and rubles,reject
what's the currency conversion between rubles and yen,reject
how many dollars can i exchange for 10 yen,reject
i wanna know the exchange rate between yen and dollars,reject
how many dollars can i exchange for 10000 rubles,reject
what is 5 in yen and rubles,reject
how many dollars can i exchange for 5000 rubles,reject
i need to know five dollars in yen and rubles,reject
how many dollars can i exchange for 10000 yen,reject
i gotta know the exchange rate between yen and rubles,reject
what's the currency conversion between rubles and dollars,reject
what's the currency conversion between usd and yen,reject
what's the currency conversion between usd and pounds,reject
i would love to know the exchange rate between rubles and pounds,reject
tell me five dollars in yen and rubles,reject
i must know five dollars in yen and rubles,reject
let me know the exchange rate between dollars and rubles,reject
how many dollars can i exchange for 100000 yen,reject
what's the currency conversion between rubles and pounds,reject
what is the exchange rate between usd and british pounds,reject
usd to yen is what right now,reject
what is the exchange rate between british pounds and yen,reject
usd to the euro exchanges at what right now,reject
what is the exchange rate between usd and the euro,reject
how much can i expect to receive if i trade in 6 yens,reject
what is the amount of dollars i get if i trade in 6 yens,reject
what is the maximum dollars i can get for 6 yens,reject
what is the quantity of dollars i receive for trading 6 yens,reject
how much dollars do i receive if i trade in 6 yens,reject
how many pesos in one dollar us,reject
how much is twenty pounds sterling in us dollars,reject
what is the the exchange rate for us dollars to euros,reject
can you tell me the exchange rate for yen to euros,reject
what is the exchange rate from pounds sterling to us dollars,reject
how many pesos equals 500 dollars,reject
tell me how many pesos equal 500 dollars,reject
what is the conversion for 500 dollars to pesos,reject
how much is 500 dollars in pesos,reject
500 dollars equals what in pesos,reject
how does 10 pounds convert to euros,reject
how many canadian dollars can i get for 5 us dollars,reject
how many euros can i exchange for 5 us dollars,reject
what is the exchange to yen if i have 100 us dollars,reject
how many us dollars can i get for 20 euros,reject
can you tell me today's rate for cad to usd,reject
how much cad can i get with my one usd,reject
is the dollar strong against the yen today,reject
tell me the exchange rate of dollars to yen,reject
what is one dollar worth in mexico,reject
i need to know the conversion for dollars to pesos,reject
can you tell me dollars to franks,reject
i would like to know the usd to aud conversion rate,reject
i need to know the dollar to peso conversion,reject
us dollars to uk,reject
exchange rate between mexico and us,reject
how many dollars is one mexican peso,reject
dollar to pesos exchange rate,reject
exchange rate to go from dollar to yen,reject
us and mexico exchange rate,reject
what is 2 francs in euros,reject
what's 10 pounds in dollars,reject
what is 56 dollars in yen,reject
what's 11 yen in pounds,reject
what's 10 euros in dollars,reject
how many swedish kroner do i get for a dollar,reject
how much is 10 us dollars in canadian dollars,reject
what is 50 dollars in euros,reject
what is the exchange rate for canadian dollars to us dollars,reject
what is the current exchange rate for the dollar and the yen,reject
"if i have 10 us dollars, how many pounds sterling is that",reject
"if i have 20,000 yen, how much is that in usd",reject
what's 50 euro in dollars,reject
how much is the euro in dollars,reject
what is the current exchange rate of yen to lira,reject
convert krugerrands to saudi riyal,reject
tell me the currency conversion rate from kurus to euros,reject
i need the exchange rate between pounds and us dollars,reject
what is the exchange rate between rubles and us dollars,reject
how many dollars can i exchange for 200 pounds,reject
how many euros can i exchange for 200 yen,reject
how many canadian dollars can i exchange for 200 yen,reject
how many dollars can i exchange for 200 yen,reject
how many dollars can i exchange for 200 euros,reject
what is the yen worth in terms of the peso,reject
"when is the upcoming holiday, please",reject
when is the upcoming holiday,reject
what day is our next free day,reject
when is the next scheduled holiday,reject
"when is the next scheduled holiday, please",reject
when is our next free day,reject
"when is our next free day, please",reject
"what day is our next free day, please",reject
"what day is our next free day on the calendar, please",reject
"when is the next holiday, please",reject
are there any holidays this month,reject
when is the next day i have off,reject
how many more days until my next paid day off,reject
which holiday is next in line,reject
i need to know how long until my next vacation day,reject
is there a holiday next week,reject
how many days until i am off,reject
when is my next vacation day,reject
what's the time period till our next day off,reject
how much time till the next day off,reject
how much longer till the next day off,reject
how much time till the next time off,reject
how many days till we have off again,reject
when's the next time i get a day off,reject
when is the next scheduled day off,reject
what's the next day i am scheduled off,reject
what's the closest holiday after today,reject
do i have a day off coming up soon,reject
what is the next holiday on the calendar,reject
how many days until my next day off,reject
what holiday comes next,reject
when will i get the next holiday with pay,reject
when is the next time off for a holiday here,reject
check when the next day is i can go fishing will be,reject
when is the next office holiday,reject
when does my current job have the next official paid holiday,reject
what's the next scheduled holiday at this job,reject
when will we next get to stay home from work,reject
when's the next federally recognized holiday,reject
when's the next time my job'll give me a day to myself,reject
when does this place let us have a holiday next,reject
let me know when my next day off is,reject
can you tell me when our next day off is,reject
when do i get a day off,reject
give me the info of when our next day off is,reject
show me my next day off,reject
how many more weeks until the next holiday,reject
which holiday is next,reject
how many more days until the next holiday,reject
how soon until the next holiday,reject
tell me when i will next have the day off,reject
tell me when the next holiday arrives,reject
tell me when the next day off will be,reject
please look up the next holiday for me,reject
i need to know when i will next have the day off,reject
find out for me when the next holiday will be,reject
look up when our next day off will be,reject
i need to know when the next holiday is,reject
when can i expect my next day off,reject
can you tell me what the next holiday is,reject
do you know the date of my next day off,reject
please tell me what the next holiday is,reject
i need to know when the next holiday will be,reject
i need to know when my next day off is,reject
what is the date of the next holiday,reject
how soon is my next day off,reject
tell me when my next day off is,reject
how long until my next day off,reject
when will we have another day off,reject
what is my next day off,reject
whats the next day that i am off,reject
how many days until the next holiday arrives,reject
what day am i off next,reject
how much longer until my next day off,reject
when is my next day off,reject
when will i be off again,reject
to what extent until the following day away from work,reject
to what extent until the following three day weekend,reject
to what extent until the following free day,reject
what is the next holiday,reject
tell me what holiday is comming up next,reject
are there any holiday's comming up,reject
what holiday's are comming up next,reject
when can i expect the next holiday here,reject
is the next day off coming up,reject
when's the next day off coming up,reject
how long before the next day off is here,reject
when is the next day off,reject
when will the day off be,reject
i need to know when i get my next day off,reject
when do i finally get a day off,reject
when don't i have to work next,reject
what holiday can i expect next,reject
do you know when my next day off is coming,reject
what holiday is coming up next,reject
when do i have some time off next,reject
when's the next holiday coming,reject
can you tell me the next holiday,reject
what's the next holiday,reject
what's the date of the next closest holiday,reject
raise the volume to 4 please,reject
please set the volume to 4,reject
please increase the volume to 4,reject
please raise the volume to 4,reject
set the volume to 4 please,reject
bring the volume up overall,reject
make the volume louder,reject
bring the sound up,reject
turn your speakers up,reject
make the speakers louder,reject
lower your volume,reject
go ahead and increase the volume to 4 please,reject
you must increase the volume to 4 please,reject
go ahead and your volume,reject
you must increase your volume,reject
please increase your volume,reject
please increase your speaker volume,reject
go now and increase the volume to 4 please,reject
please increase the volume to 4 please,reject
i want to increase your volume,reject
i need you to your volume,reject
please your volume,reject
go ahead and increase your speaker volume,reject
i want you to your volume,reject
i need you to increase your volume,reject
i need you to increase your speaker volume,reject
please go ahead and increase your speaker volume,reject
make my volume louder please,reject
make the sound of my speaker greater,reject
can you rise the volume of this please,reject
change the speaker volume to a louder one,reject
i want the speaker to be louder please,reject
i can't hear you,reject
turn it up please,reject
i need it louder,reject
the sound is too low,reject
the speaker volume needs to be increased,reject
would you please increase your speaker volume,reject
i need you to increase the speaker volume,reject
can you increase the speaker volume,reject
turn up the volume level to 4,reject
"turn up the volume level to 4, please",reject
"increase the volume level to 4, please",reject
increase the volume level to 4 now,reject
increase the volume level to 4,reject
can i have my volume increased,reject
can my volume be increased,reject
can i increase my volume,reject
volume needs to be at 4,reject
volume should be increased to 4,reject
boost volume to 4,reject
i want volume at 4,reject
i want that volume bumped up to 4,reject
the volume should be decreased,reject
raise the volume,reject
lower the volume,reject
i would like the volume lower,reject
can you turn this down,reject
turn the volume up,reject
i'd like to turn up the volume,reject
turn up the speaker volume,reject
get louder,reject
volume should be set at 4,reject
i'd like it to be louder,reject
can you please turn the volume to 4,reject
please speak louder,reject
increase your vocals,reject
lower your voice box,reject
increase your voice box,reject
turn your vocals down,reject
turn your voice box down,reject
turn down your volume,reject
limit your volume,reject
please adjust your settings,reject
change the volume to 4 now please,reject
go ahead and put the volume to 4,reject
set the volume to 4 now,reject
can you change the volume to 4,reject
turn the volume to 4,reject
can you turn the volume to 4,reject
set the volume at 4 for me please,reject
make the volume set to 4,reject
i want volume set to 4,reject
turn volume to the number 4 setting,reject
turn the volume to level 4,reject
make the volume 4,reject
please make sure the volume is on 4,reject
turn down volume,reject
please increase volume,reject
raise volume,reject
decrease volume level,reject
lower volume level,reject
set volume higher,reject
increase volume,reject
lower volume,reject
please raise volume,reject
decrease volume,reject
increase volume to 4,reject
put volume at 4,reject
decrease volume to 4,reject
who is your employeer,reject
who is the boss of you,reject
i gotta know who is your boss,reject
tell me who is your boss,reject
let me know who is your boss,reject
i wanna know who is your boss,reject
i need to know who is your boss,reject
what is the name of your boss,reject
what is the full name of your boss,reject
do you know the name of your boss,reject
could you tell me the name of your boss,reject
your boss is,reject
are you my worker,reject
are you working for me or what,reject
are you working for another person or entity,reject
are you here to serve me,reject
who or what association do you work for,reject
describe who it is you work for,reject
what entity is your boss,reject
you work for who,reject
you work for whom,reject
what's your boss' name,reject
are you working for someone other than me,reject
who do you work for,reject
do you work for me or is that wrong,reject
what does your boss go by,reject
who do you call your boss,reject
"when asked who you work for, what would you say",reject
your boss is who,reject
are you employed by someone else,reject
you work for someone else or no,reject
you work for what company or person exactly,reject
do you have an employer,reject
do you have a boss,reject
are you paid by somebody,reject
are you employed by someone,reject
which organization you work for,reject
who do you function for,reject
who do you do task for,reject
who do you job for,reject
why do u work for them,reject
who are they that you work for,reject
who is it u work for,reject
who is the person u work for,reject
who do i work for,reject
who is you employer,reject
is it correct to say you work for me,reject
who are you currently working for,reject
are you self employed,reject
who is your employer,reject
are you now working for me,reject
would you say you are working for me,reject
who are you working for,reject
who pay your salary,reject
what organization do you work for,reject
where else do you work,reject
do you have another job,reject
you working for someone else on the side,reject
who do yo work for,reject
who is in charge of you,reject
what is your boss's name,reject
would you say that you know who your boss is,reject
do you know who you report to,reject
don't you work for your self,reject
don't you work for someone else,reject
is there another person you work for,reject
do you work for anyone else,reject
who would you say your employer is,reject
are you working for me,reject
am i your boss,reject
is there someone else you work for,reject
are you employed by me,reject
is there another entity you work for,reject
who would you say that you are working for,reject
do you happen to be employed by me,reject
who would you say you work for,reject
who would you say that you are employed by,reject
who would you say you are employed by,reject
am i your employer,reject
is there another company you work for,reject
are you my employee,reject
am i your supervisor,reject
am i your manager,reject
who is the person you work for,reject
for what person do you work,reject
if you had to say who you worked for who would it be,reject
who tells you what to do,reject
who directs your labor,reject
who do you take orders from,reject
who do you consider your employer,reject
who calls the shots for your employment,reject
what company do you toil for,reject
who do you report to,reject
who is your boss,reject
who is your manager,reject
am i the one you work for,reject
are you influenced by someone else,reject
who else do you work for,reject
who else commands you,reject
are you working for someone else,reject
how high is my credit limit for my old navy card,reject
how high is my credit limit for my target card,reject
what is the credit limit for my usaa card,reject
how high is my credit limit for my childrens place card,reject
how high is my credit limit for my walmart card,reject
what is the credit limit for my bank of the west card,reject
what is the credit limit for my chase card,reject
how high is my credit limit for my navy federal card,reject
what is the credit limit for my navy federal card,reject
what is the credit limit for my bank of america card,reject
what's my current spending limit,reject
credit limit,reject
what's the credit limit on my account,reject
could you share what my current credit limit is,reject
what's my current credit limit,reject
what is the spending limit i have,reject
what is the max on my credit limit,reject
what is the limit on my credit,reject
i need to know my spending limit on my visa,reject
whats the max i can spend on my visa,reject
how much can i max out on my visa,reject
what's my visa limit,reject
how much to i have left on my visa card limit,reject
can you tell me the limit i currently have on my barclay card,reject
what is my spending limit on my chase sapphire card,reject
"how much can i spend, at most, on my chase freedom",reject
what is the current credit limit i have on my wells fargo mastercard,reject
how much am i allowed to spend on my discover card,reject
what is my amex credit limit,reject
tell me the credit on my mastercard,reject
tell me the limit for credit on my mastercard,reject
look up the credit limit for my visa,reject
i need know my credit limit on my american express card,reject
how can i check my credit card limit,reject
what is my credit limit looking like,reject
where can i go to find out my credit limit,reject
what's the credit limit on my visa,reject
tell me the limit on my discover card,reject
what is the credit limit on my discover card,reject
what's the limit on my american express card,reject
tell me my visa's credit limit,reject
what is my credit limit,reject
how much is my credit limit,reject
can you tell me my credit limit,reject
the credit limit on my account is how much,reject
what's my limit on my visa card,reject
what's my visa card's credit limit,reject
how much can i spend on my visa card,reject
what's my visa card's limit,reject
what's the credit limit on my visa card,reject
will you tell me my spending limit,reject
will you let me know what my spending limit is,reject
would you tell me my spending limit,reject
can you tell me my spending limit,reject
tel me the credit limit for my credit card,reject
i wanna know the limit on my credit card,reject
please tell me my spending limit,reject
tell me the credit limit on my mastercard,reject
i would love to know my spending limit,reject
i wish to know my credit limit for my credit card,reject
let me know the credit limit for my credit card,reject
how high is my balance on my discovery card,reject
can you find my credit limit on my mastercard,reject
what's my current limit on my mastercard,reject
what's my current limit on my visa,reject
what's the credit limit on my discovery card,reject
what's my credit limit on my visa,reject
how high of a credit limit do i have on my amex card,reject
what can i put on my bank of america card,reject
what's my limit on my amex card,reject
please check my credit limit on my visa,reject
report my credit limit,reject
what credit limit do i have,reject
how is that credit limit,reject
how is my credit limit,reject
what is my credit limit at,reject
credit limit info,reject
what is the credit limit,reject
i want to know my spending limit,reject
what is the max credit limit for my card,reject
can you let me know what my credit limit is for my visa card,reject
tell me the visa card credit limit,reject
what is my visa card limit,reject
do you know my credit limit for the visa card,reject
i need to know what the visa card credit limit is,reject
how high is my credit limit for my chase card,reject
how high is my credit limit for my wells fargo card,reject
how high is my credit limit for my american express card,reject
how high is my credit limit for my citigroup card,reject
how high is my credit limit for my bank of america card,reject
what is my spending limit on my mastercard,reject
how much it the credit limit on my visa card,reject
what is the credit limit on my visa,reject
what is my limit on my visa card,reject
what is the spending limit on my visa,reject
how much can i charge on my visa,reject
how much can i spend wth my visa,reject
can i please know the credit limit for my citibank card,reject
please let me know the credit limit on my citibank card,reject
i would like to know the credit limit for my citibank card,reject
do you know how long of a wait it will be,reject
how long is the restaurant line before we go,reject
how long will it take to get seated at needham's,reject
how long will the wait be at noon if we went to nagomi,reject
will i have to wait for long before being seated at the cheese cake factory,reject
how long should i expect to wait at the cheesecake factory before getting seated,reject
what is the average wait time at the cheese cake factory,reject
how long will i have to wait before being seated at the cheese cake factory,reject
how long will the wait time be at the cheese cake factory,reject
how long will i have to wait if i want to eat at panera,reject
how long would i have to wait if i want to go to golden corral,reject
how busy will panera be at noon,reject
is there a wait time to get into tgifridays,reject
will cracker barrel be crowded around five this evening,reject
how busy will golden corral be at 7:30 tonight,reject
can you tell me how busy chipotle will be at nine tonight,reject
what is the wait time at applebee's,reject
would i have to wait long if i want to eat at chili's,reject
"if i go to tgifridays at eight, will they be crowded",reject
how much traffic do they get around dinner time,reject
can you check to see how busy that restaurant is for dinner,reject
is that place busy around dinner time,reject
is that restaurant crowded during dinner,reject
how busy it that place for dinner,reject
can i expect chili's to be busy at 4:30,reject
do you think longhorn steakhouse will be busy at 5pm,reject
how busy do you expect olive garden to be at 6,reject
what's the table wait at applebees,reject
i want a table at texas roadhouse; how long will it be,reject
how long does it take to get a table at chili's,reject
how many people do you think will be at applebees at 7,reject
how long will i wait for a table at red lobster,reject
is red lobster busy at 6pm,reject
what's the wait for a table at olive garden right now,reject
"around nine, is ambrosio busy",reject
is sage busy around noon,reject
"for toby's, is it busy around six",reject
"at four, how much business does georgio have",reject
how long can i expect to wait for a restaurant table,reject
what time can i expect to be seated at this restaurant,reject
what is the wait time at this restaurant,reject
will there be a wait time at this restaurant,reject
what is the sitting time at this restaurant,reject
how busy is orchids at 7,reject
how busy is zippy around 12 for lunch,reject
how long is the wait at orchids,reject
how long is the wait at imanas,reject
how busy is imanas tei at 7 dinner,reject
what is the wait supposed to be at zippys,reject
how busy is mc donald at 8 in the morning,reject
how busy is michel at 9,reject
how busy is imanas at 6,reject
how long do i have to wait for shokudo,reject
how busy is teddy bigger burder around 5,reject
how long is the wait at assagios today,reject
how busy is shokudo at 12,reject
how busy is jiro at 12 lunch time,reject
"at 5 pm, is kaya very busy",reject
how busy is kaya around 5 pm,reject
"around 5 pm, how busy is kaya",reject
is kaya very busy at 5 pm,reject
is kaya busy around 5 pm,reject
how long is the wait at macaroni grill,reject
does macaroni grill have a wait how long,reject
check the wait time for macaroni grill,reject
how long will it take to be seated at macaroni grill,reject
what's the wait at macaroni grill,reject
will i be able to get a seat at 5pm,reject
tell me how busy the restaurant will be between 5 and 7pm,reject
is the restaurant busy at lunchtime,reject
will the restaurant be busy at 5pm,reject
when will the restaurant be busiest,reject
how busy is ihop generally around noon,reject
please look into the current wait times at chili's right now,reject
"at 5:30 pm, how busy can i expect olive garden to be",reject
"if i go to olive garden at 4 pm, how busy will it be",reject
how busy will chili's be if i go at 6 pm,reject
how long would i need to wait for a table at ihop right now,reject
i would like to find out if macaroni grill will be busy around 7:00 pm,reject
can you tell me how busy outback steakhouse will be at 7:30 pm,reject
find out how busy ihop usually is around 5 pm,reject
find out what wait times are like right now at olive garden,reject
can you tell me what the wait is like right now at cracker barrel,reject
tell me how busy macaroni grill will be around 8 pm,reject
check to see how long of a wait i would be facing if i go to outback steakhouse,reject
i want to know how busy ruby tuesday will be at around 8:45 pm,reject
do you know how busy outback steakhouse tends to be at 7:00 pm,reject
how long will it take me to be seated at ihop,reject
how long will i stand in line at carl jr's,reject
how busy is ihop at 5 pm,reject
does ihop have a lot of business around 7 am,reject
what's the typical wait time at red lobster,reject
would you say that red lobster's pretty buy at noon,reject
what's the crowd like at hopper's bar around 11pm,reject
can you tell me if there's a lot of wait time at wendy's around 8am,reject
how long will it take to be seated at the flying w,reject
what's the typical time to eat at red lobster,reject
how busy does outback get around 7pm,reject
will i have to wait to get a table at ihop,reject
how many people go to chili's around 9pm,reject
can i make a reservation for redrobin,reject
is it possible to make a reservation at redrobin,reject
does redrobin take reservations,reject
are reservations taken at redrobin,reject
does redrobin do reservations,reject
can acero take reservation,reject
can you make reservations at hodak's,reject
tell me if per se in nyc takes reservations,reject
tell me if the cheshire takes reservations,reject
will qdoba take reservations,reject
does burger king accept reservations,reject
does gramercy tavern in new york accept reservations,reject
does acero in maplewood allow reservations,reject
does cielo take reservations,reject
find out if la tour d'argent in paris takes reservations,reject
does tony's in downton let you make reservations,reject
does gramercy tavern accept reservations,reject
does mcdonalds take reservations,reject
can you make reservations at steak 'n' shake,reject
will nobu take reservations,reject
do they take reservations at carrabbas,reject
do they take reservations at applebees,reject
do they take reservations at olive garden,reject
do they take reservations at buffalo wild wings,reject
do they take reservations at outback steakhouse,reject
i need to know if angelos takes reservations,reject
does applebees in trenton do reservations,reject
does luigi's take reservations,reject
please find out if napolis takes lunch reservations,reject
does hannahs in galloway take reservations,reject
does stanleys take brunch reservations,reject
tell me if luigis in brick takes reservations,reject
i need to know if capones does reservations in trenton,reject
does marios in brooklyn take reservations,reject
do you know if bottlenecks takes dinner reservations,reject
do you know if whether or not zeus does reservations,reject
can you let me if zeus accepts reservations,reject
i need to find out do you know if zeus does reservations,reject
please tell me does zeus do reservations,reject
can you tell me if zeus does reservations,reject
can i get a reservation at melting pot tomorrow,reject
what locations of applebee's take reservations,reject
can i get a reservation at champs,reject
where can i find jimmy john's reservations,reject
how many culver's take reservations,reject
is there evening reservations available in the eve,reject
do you know if bahama breeze does reservations,reject
do you know if ruth chris does reservations,reject
do you know if cheese cake factory does reservations,reject
do you know if benihana does reservations,reject
do you know if olive garden does reservations,reject
does the steakhouse on main st take reservations,reject
does sidetracks take reservations,reject
are reservations allowed at burger king,reject
does black rock take reservations,reject
can i make reservations at applebee's or no,reject
does buffalo wild wings do reservations,reject
does minnies cafe in modesto take reservations,reject
does bjs take reservations,reject
will they take reservations at chillis,reject
does pho king in ceres take reservations,reject
can applebees take any reservations,reject
does arbys in lakewood take reservations,reject
does minnis take reservations,reject
do they take reservations at bjs,reject
does buffalo wild wings take reservations,reject
does buffalo wild wings in concord take reservations,reject
will they take reservations at torris,reject
does black bear diner in tracy take reservations,reject
does chillis take reservations,reject
do they take reservations at bar tartine,reject
do they take reservations at mcdonalds,reject
do they take reservations at the progress,reject
does tartine in san francisco take reservations,reject
does cowgirl creamery in san francisco take reservations,reject
do they take reservations at state bird,reject
does nopa in san francisco take reservations,reject
does bar tartine in san francisco take reservations,reject
do they take reservations at arby's,reject
does pizzeria delfina in san francisco take reservations,reject
does iron skillet at the truck stop trake reservations,reject
does the zen garden in la take reservations,reject
does moes in la except rerservations,reject
does ruby tuesday accept reservations,reject
can i make a reservation at chevy's,reject
is it possible to make reservations in advance for macaroni grill,reject
is it possible to make reservations with famous dave's restaurant,reject
is it possible to make reservations at chili's,reject
does chili's take reservations,reject
can you tell me if ruby tuesday does reservations,reject
does olive garden take reservations,reject
do you know whether ihop does reservations,reject
does michael's accept reservations,reject
do they accept reservations at michael's,reject
can you make a reservation at michael's,reject
can i make a reservation at michael's,reject
does the restaurant michael's take reservations,reject
do they take reservations at mendy's,reject
do you know if outback allows reservations,reject
do they take reservations at red robin,reject
can you find my package in transit,reject
track my package please,reject
help me find my package,reject
i need to track my package,reject
what's going on with my order,reject
can you see where my package is,reject
do you know anything about the status of my order,reject
can you check if my order has been delivered,reject
are you able to figure out where my package is,reject
order status,reject
is my order being delivered soon,reject
where's my package,reject
do you know where my package is,reject
"check status on my deliver, has it been delivered",reject
is my order shown as delivered,reject
did my order ship,reject
can you tell where my package is,reject
is my package able to be tracked by you,reject
can you find my package,reject
can you locate my package,reject
are you able to tack my package,reject
has my online order shipped yet,reject
i need to know what the most recent update is on the status of my online purchase,reject
look up the status of the order i placed online,reject
check to see the status of my recent online order,reject
find out the status of my most recent online purchase,reject
"i ordered some curtains off amazon, can you tell me if it's been shipped yet",reject
what's the status of my order,reject
can you check on the status of my orders at amazon,reject
can you tell me what the status of my last amazon order is,reject
can you tell me if my last amazon order is coming today,reject
show me tracking on my order,reject
what is the status of my order,reject
can you update me on my last amazon orders,reject
"i just placed my order today, what is the status of it",reject
can i please get the status my order,reject
my order was put in and i was wonder how i can see the status of it,reject
i submitted my order is there any updates on it yet,reject
"hey, i just put in my order and i was wondering what the status of it",reject
what's the current location of my package,reject
has my ordered arrived,reject
when will my package arrive,reject
can you see if my order was delivered,reject
did my order ever get distributed today,reject
where was my package last at,reject
can you help me find my package,reject
was my order dropped off,reject
where's my package right now,reject
would you track my package,reject
please track my package,reject
track my package now please,reject
could you please track my package,reject
i need you to track my package,reject
what is the status of my online order,reject
what's the status of the order i placed online last week with target,reject
please tell me the status of my last online order from walmart,reject
"can i still make changes to my order, or has it already been shipped",reject
i need an update on my online order from nespresso,reject
when can i expect to receive the order,reject
has my order been shipped,reject
can you give me a status update on my online order from amazon,reject
what is the status of my online order of coffee pods,reject
what is the status of my recent order,reject
can you please check on the status of my online order,reject
check up on the status of my online order,reject
online order: status,reject
check on the status of my order,reject
where is my order,reject
is my order here yet,reject
when will my order be delivered,reject
check the status of my order,reject
show me where my order is,reject
has my order been shipped yet,reject
can you check to see if my order has been delivered,reject
"could you check to see if my order has been delivered, please",reject
"can you check to see if my order has been delivered, please",reject
"could you check if my order has been delivered, please",reject
could you check to see if my order has been delivered,reject
has the order that i placed arrived,reject
is my order already here,reject
is my order due yet,reject
is the packaged delivered already,reject
has my order arrived yet,reject
how soon will me package arrive,reject
when can i expect my order,reject
check order number,reject
"track package, please",reject
are you able to track my package,reject
track my package,reject
what is the tracking on my package,reject
get the tracking on my package,reject
what is the status of my delivery order,reject
where is my delivery order,reject
has my delivery order arrived yet,reject
has my delivery order showed up,reject
"i ordered for delivery, has is arrived yet",reject
what is the status of my most recent order,reject
has my recent order shipped,reject
when will my order be here,reject
will my order be here by saturday,reject
how do i change my pin for number for my abc bank account,reject
what do i need to do to change my abc bank account pin number,reject
i have no idea what the pin is for my checking account,reject
i cannot recall the pin for my savings account,reject
i forgot the pin number for my college fund account,reject
set up a new pin number on my college fund account and make it be 1234,reject
i want 1234 to be the new pin number for my joint account,reject
please change my checking account pin to 1234,reject
i need to set up a new pin number for my college fund account,reject
i want my savings account pin to be 1234 from now on,reject
please change my retirement account pin number to 1234,reject
my checking account needs a new pin number,reject
i seem to have lost the pin for my retirement account,reject
i would like to replace the pin number for my retirement account,reject
i'd like to change my pin number for my checking account,reject
i want a new pin for my savings account,reject
i'm afraid i've forgotten the pin for my 401k account,reject
i need help changing my pin,reject
is there a way to get my pin number,reject
is there a way to change my pin number for my savings account,reject
i need my pin number,reject
"how do i get my pin number, i forgot mine",reject
help me change my pin number for my money market account,reject
how do i get a new pin,reject
tell me how i can get a new pin number,reject
tell me how to retrieve my pin number,reject
"help me, i forgot my pin number",reject
what is the procedure for getting a new pin number,reject
how do i change my pin number for my payroll account,reject
change my pin number for my checking account,reject
change my amex account pin to 1234,reject
change my amex pin to 1234,reject
swap my amex pin to 1234,reject
switch my amex pin to 1234,reject
set my amex pin to 1234,reject
you need to change the pin on my bank of america account to be 1234,reject
i need you to change the pin on my bank of america account to be 1234,reject
i need to change my pin number for my account,reject
i must change my pin number for my money market account,reject
i cannot remember what my pin is for my bank of america checking account,reject
i really need to change my pin number for my account,reject
i cannot remember what my pin is for my bank of america checking account this moment,reject
i want to change my pin number for my checking account,reject
i want to change my pin number for my account,reject
please go and change the pin on my bank of america account to be 1234,reject
i must change my pin number for my account,reject
go ahead and change the pin on my bank of america account to be 1234,reject
i got to change my pin number for my account,reject
i need to change my pin number for my savings account,reject
i wanna change my pin number for my credit acount,reject
please change the pin on my bank of america account to be 1234,reject
i really cannot remember what my pin is for my bank of america checking account,reject
i gotta change my pin number for my debit account,reject
i am unable to remember what my pin is for my bank of america checking account,reject
so it turns out i can't remember what my pin is for my bank of america checking account,reject
"how do i change my pin number for my account, please",reject
"how do i update my pin number for my account, please",reject
"i would like to change the pin on my checking account, please",reject
"i'd like to change the pin on my savings account, please",reject
change the pin on my capital one account to be 1234,reject
change the pin on my redwood credit union account to be 1234,reject
change the pin on my chase account to be 1234,reject
how do i update my pin number for my account,reject
i would like to change the pin on my savings account,reject
change the pin on my wells fargo account to be 1234,reject
change the pin on my bank of america account to be 1234,reject
i would like to change the pin on my checking account,reject
"i would like to change the pin on my savings account, please",reject
"how do i reset my pin number for my account, please",reject
please change pin to 1234 on my bank account trailing in 3829,reject
on account ending in 3838 change my pin to 1234,reject
change my pin to 1234 on account ending with digits 4994,reject
change the pin on my bank account first republic to 1234,reject
change pin to 1234 on account banner,reject
help me change my pin number,reject
can you tell me how i change my pin number,reject
tell me how to change my pin number,reject
help me out with changing this pin number,reject
can i change my pin number,reject
help me get my pin on my capitol one account changed to 3892,reject
how can i switch the pin on my wells fargo account to 9982,reject
i need a reminder for my pin number,reject
help me remember my pin number,reject
change the pin on my bofa account to 3892,reject
i need to reset my pin number,reject
can you reset my pin number,reject
can you change my 1st national account pin to 4892,reject
can you help me with my pin number,reject
please make the pin on my zion bank account to 3232,reject
can you tell me my password checking account,reject
please tell me my pin number for my synovus account,reject
what's my pin for my fidelity account,reject
i cant recall my pin number for my city first account,reject
i forgot my pin number for my northfield account,reject
i'd like to change my pin number for my wells fargo account,reject
i would like to change my pin number for my chase account,reject
i need to change my pin number for my checking account,reject
i'd like to change my pin number for my savings account,reject
i forgot my pin number to my chase account,reject
can you help me remember my pin to my boa account,reject
"syonara, ai device!",reject
"goodbye, helpful ai device!",reject
bye-bye,reject
"goodbye, ai assistant",reject
glad we got to talk,reject
i'm glad i got to talk to you,reject
nice to speak with you,reject
this was a great conversation,reject
talk to you later,reject
tata for now,reject
i'm out of here,reject
"that's all, bye",reject
see ya later,reject
adios ai,reject
"it was great to see you again, see ya later!",reject
"i had a pleasure talking to you, see you later",reject
"nice talking again, bye",reject
i have to go but it was nice talking again!,reject
"i am glad we got to talk again, see you soon",reject
sayonara,reject
catch you around,reject
good seeing you,reject
"later, thanks for chatting",reject
adios,reject
"great talk, take it easy",reject
see ya,reject
"great chat, talk to you later",reject
"nice talk, talk to you later",reject
"thanks for chatting, later",reject
goodbye to you,reject
i must say goodbye,reject
i'm saying goodbye now,reject
it is time to say goodbye,reject
i have to say goodbye,reject
cya later,reject
i enjoyed talking to you,reject
thanks for talking,reject
it was good chatting,reject
it was nice chatting with you,reject
always nice to talk to you,reject
"see you later, alligator",reject
good night,reject
it was nice to get in touch,reject
see you soon,reject
later gator!,reject
it was nice to talk it out with you,reject
it was nice to converse with you,reject
ill see you around,reject
take it easy!,reject
later gater,reject
it was nice to speak with you,reject
see you later alligator,reject
fairwell,reject
have a good one,reject
peace,reject
bye for now,reject
"thanks, bye",reject
i have to get going,reject
talk to you later!,reject
i’ll be leaving now,reject
i’m leaving-goodbye!,reject
thanks for talking to me,reject
it was really nice to be able to chat with you,reject
it was good to talk to you today,reject
it was great to have this conversation with you,reject
it was nice to catch up with you,reject
it was enjoyable talking with you,reject
it was great chatting with you,reject
it was cool talking with you,reject
it was pleasant conversing with you,reject
good bye my friend,reject
i need to go now,reject
see you again soon,reject
i've got to run now,reject
goodbye!,reject
i had fun speaking with you,reject
bye!,reject
later!,reject
adios!,reject
until next time!,reject
farewell!,reject
it was enjoyable to chat with you,reject
i'm outta here!,reject
it was pleasant having a conversation with you,reject
bye now,reject
buhbye,reject
see you in a while,reject
see you around,reject
nice to see you again,reject
nice to see you,reject
talk later,reject
tootles,reject
peace out,reject
goodbye for now ai,reject
ai goodbye,reject
i'll talk to you later ai,reject
we'll talk later ai,reject
i have to go ai goodbye,reject
bye bye!,reject
see you later!,reject
why is there a hold on my american saving bank account,reject
i am nost sure why my account is blocked,reject
why is there a hold on my capital one checking account,reject
i think my account is blocked but i do not know the reason,reject
can you tell me why is my bank account frozen,reject
why is there a hold on my edward jones account,reject
why am i locked out of my bank account,reject
why in the world am i locked out of my bank account,reject
what is the reason for frozen status on my bank account,reject
check for why is my bank account frozen,reject
i don't know the reason my account is blocked,reject
find out for me why is my bank account frozen,reject
can you find out why is my bank account frozen,reject
why is there a hold on my discover account,reject
tell me why am i locked out of my bank account,reject
what is the reason i am locked out of my bank account,reject
why is my account blocked,reject
find out the reason why am i locked out of my bank account,reject
i think my account is block but i am not sure why,reject
why is there a hold on my charles swab account,reject
my chase account has a hold why,reject
what's the reason for a hold on my wells fargo account,reject
can you find the reason for the block on my account,reject
"there's a hold on my chase account, but why",reject
tell me the reason there is a hold or block on my account,reject
why does my credit union account have a hold on it,reject
figure out why there is a block on my account please,reject
why am i seeing a hold on my boa account,reject
"my account has been blocked, but i have no idea why",reject
why is there a block on my account,reject
can you please unlock my bank account,reject
please let me into my bank account,reject
why cannot i take any money out from my bank account,reject
what was the reason my bank account was frozen,reject
who froze my bank account,reject
who can i talk to right away about the current freeze on my account,reject
my checking account has a hold on it and i need to know why,reject
why is my bank account stopping all transactions from going through,reject
i need to know why my bank account is blocking all of activity,reject
can you find out what triggered a hold on my bank account,reject
can i talk to someone about why there is a hold on my checking account,reject
what caused a freeze to be put on my bank account,reject
"my account has a hold on it and i can't access my funds, why",reject
is there a reason that my bank account has a freeze on it,reject
what would cause my bank account to be frozen,reject
do you know why i can't log into my bank account,reject
why can't i get into my account,reject
did i do something to get my bank account frozen,reject
was my bank account frozen for a specific reason,reject
why are the funds in my bank account frozen,reject
what would cause me to be locked out of my bank account,reject
why am i unable to access my bank account,reject
why is my bank account frozen,reject
why would i have been locked out of my own account,reject
can you explain to me why my bank account might be frozen,reject
i am very confused about why or how my bank would lock me out of my account,reject
why would the bank have frozen my account,reject
do you know why the bank put a hold on my joint checking account,reject
i don't understand why there is a hold on my retirement fund account,reject
can you explain why there is a hold on my savings account,reject
what's the deal with my bank account being locked,reject
what reason could the bank have had for blocking my account,reject
why would a hold have been placed on my checking account,reject
why on earth would a block have been placed on my account,reject
i'm confused about the reason for my bank account being frozen,reject
i don't understand why i have been barred from accessing my own account,reject
i don't understand why my bank account is frozen right now,reject
how come i am being denied access to my bank account,reject
do you know why my account appears to be blocked,reject
i am confused because my account seems to have been blocked for no reason,reject
i am very confused about the block that seems to have been placed on my account why is it there,reject
how is it possible that my account has been frozen,reject
how come a hold was placed on my 401k account,reject
"could you please tell me, my wells fargo account, is there a hold and why",reject
"i am unable to complete my order, why could there be a hold on my wells fargo account",reject
"was a hold placed on my wells fargo account, and if so why",reject
"in regards to my wells fargo account, why is there a hold",reject
why was a hold placed on my wells fargo account,reject
call my bank customer service number,reject
why is my account locked,reject
what's with the block on my bank account,reject
why did my bank account freeze,reject
why'd they put a freeze on my bank account,reject
why is my bank account blocking me,reject
why can't i access my bank account,reject
i think my account is blocked,reject
for what reason is my account blocked,reject
can you tell me why there's a hold on my mutualone account,reject
why don't i have access to my bank account,reject
why isn't it letting me into my bank account,reject
my capital one account has a hold; why,reject
why does my visa account have a hold on it,reject
why am i seeing a hold on my charles schwab account,reject
tell me about the hold on my chase account,reject
can you tell me why my bank account is frozen,reject
do you know why my account is blocked,reject
"help, my account is blocked",reject
"help me please, my account is blocked",reject
help me unblock my account,reject
"my account is blocked, help me figure out why",reject
which song is playing,reject
what's this song called,reject
what song is this,reject
what's the name of this song,reject
what is this song,reject
can you tell me what song this is,reject
which song is this,reject
can you look up the name of this song,reject
i'd like to know what this song is,reject
can you tell me the name of this song,reject
do you know what this song is,reject
what's song am i hearing,reject
tell me the song title,reject
what's the title of this track,reject
what song am i listening to,reject
who sings this song,reject
what's the name of what's playing on my speakers,reject
what's this track,reject
what's playing right now,reject
what's the title of this,reject
what's the name of this tune,reject
what's the name of this release,reject
what's the title of this tune,reject
what track am i listening to,reject
what's this jam called,reject
what's this song,reject
can you name the song on the speakers,reject
who is this song that's on the stereo,reject
can you give me the name of this tune,reject
tell me what song this is,reject
tell me the name of the song that is playing,reject
tell me the name of this song,reject
let me know what song is playing,reject
help me to know what song is playing,reject
i want to know what song is playing,reject
i am wanting to know what song this is,reject
i am needing to know what song is playing,reject
could you let me know what song this is,reject
i need to know what song this is,reject
what is that song that's playing,reject
what is the name of the song that's playing on the radio right now,reject
what's the name of the song you're playing,reject
what music is playing on the the bluetooth now,reject
which song is playing now,reject
can you tell me this song,reject
"name this song, please",reject
what's the song currently playing,reject
what's the name of the current song,reject
what song is playing,reject
what band is this,reject
i like this song who is it by,reject
what is the title of this track,reject
tell me the artist currently playing,reject
what's the artist's name of this song,reject
what is the track title of the song playing,reject
name the singer of this track,reject
who sang this song,reject
who plays this song,reject
what's the now playing song that we are listening to,reject
what's the current song that we are listening at this time,reject
what's the name of the song that we are listening to,reject
what's the song that we are listening at this moment,reject
what's the song they are playing for us right now,reject
what's the name of this song i'm listening to,reject
what am i listening to,reject
what is the current song,reject
can you tell me what song i'm hearing,reject
what am i hearing on the speakers now,reject
what's this song playing,reject
whats the name of the playing song,reject
tell me this songs name,reject
i need to know this song's name,reject
i want to know the name of the song that's playing,reject
can you tell me the mane of the song playing,reject
i'd like to know this song's name,reject
can you get me the name of this song,reject
find out what this song is,reject
i would like to know this song's title,reject
i need to know what this song is called,reject
tell me the title of this song,reject
tell me this song's name,reject
what is the song that's playing,reject
tell me the song that's playing right now,reject
do you know the name of this song,reject
do you know what song this is,reject
what is the name of this song,reject
can you tell me the song we are listening to,reject
which song are we listening to,reject
what is the song that is currently playing,reject
can you tell me what this song is,reject
whats the name of this song,reject
what is the title of this tune,reject
what tune is this,reject
what is that noise,reject
what is playing,reject
whats the title of this,reject
whats the title of this song,reject
the song on speaker is what like,reject
the song on speaker is what,reject
what is the song on speaker,reject
are there any transaction fees associated with my chase card if i am in tokyo,reject
does my usaa card have international transaction fees,reject
does my bank of the west card have international transaction fees,reject
are there any transaction fees associated with my usaa card if i am in india,reject
does my navy federal card have international transaction fees,reject
does my chase card have international transaction fees,reject
are there any transaction fees associated with my navy federal card if i am in germany,reject
are there any transaction fees associated with my usaa card if i am in south korea,reject
does my bank of america card have international transaction fees,reject
are there any transaction fees associated with my navy federal card if i am in japan,reject
what are the fees for using my card in toronto,reject
do i incur extra fees if i use my card in london,reject
do travelers to egypt get hit with transaction fees if they're using a mastercard,reject
do i have to pay amex transaction fees in brazil,reject
if i use my card in denver will i get charged extra,reject
are there fees for using my card in tampa,reject
will my discover card ding me with transaction fees if i'm in aruba,reject
does bank of america charge transaction fees if you use it in canada,reject
will i pay extra if i use my card in juarez,reject
are there transaction fees for my visa if i'm in russia,reject
what is the surcharge for using my card in italy while i visit,reject
for my card is there a extra card while i'm staying in italy,reject
is there a surcharge for using my card in italy while i'm there,reject
will i get charged extra if i use my card while in italy,reject
how much is the charge of using my card in italy during my stay there,reject
what are the international transaction fees on my amex,reject
give me a list of international transaction fees for my amex,reject
what kind of international transaction fees are related to my amex,reject
will my amex institute international transaction fees on a charge,reject
can i see all the international transaction fees on my amex,reject
what are the fees to use my card in nigeria,reject
what are the foreign transaction fees for cuba,reject
what additional fees do you charge if i use my card in lisbon,reject
how much are the foreign transaction fees in brisbane,reject
what fees are charged if i use something in paris,reject
does visa charge transaction fees in the uk,reject
i need to know if there are transaction fees for my visa card in canada,reject
does american express charge transaction fees for iceland,reject
are there transaction fees charged to my discover card in japan,reject
are transaction fees charged for my aaa card in canada,reject
"when i am in spain using my cmaden card, is there any transaction fee",reject
what are the transaction fee using our card in florence if any,reject
tell me if there is any transaction fee using royal card in europe,reject
are there any transaction fee if i use my boston private card in scotland,reject
i want to know if there is any transaction fee using washington federal card when i am in canada,reject
"how much is the atm fee for my boa card in orlando, fl",reject
"what's the transaction fee for my boa card in orlando, fl",reject
"if i use my card in mexico, will there be added fees",reject
are there extra charges for using my card in mexico,reject
"what, if any, are the charges for using my card in mexico",reject
is there a surcharge for using my card in mexico,reject
are there extra fees for using my card in mexico,reject
are there international transaction fees for using my chase card,reject
do i have to pay international transaction fees when i use my chase card,reject
what are my chase cards fees for international transactions,reject
how much are the international transaction fees for my chase card,reject
what are the international transaction fees for my chase card,reject
will i be charged if i use the card in germany,reject
will i be charged if i use the card in italy,reject
will i be charged if i use the card in france,reject
will i be charged if i use the card in australia,reject
will i be charged if i use the card in paris,reject
does my card charge if i use it in china,reject
is there a fee associated with use of my card in burkina faso,reject
is there a charge to use my card in japan,reject
"if i use my card in tahiti, will i be charged",reject
does my card charge a fee for use in indonesia,reject
is there any transaction fees on my citibank card if used in spain,reject
how much can i expect in transaction fees for using my visa in portugal,reject
can you tell me if i will have any transactions fees for using my discover card in turkey,reject
"i would like to know if there are any fees for using my capital one card in london, england",reject
are there any fees for using my amex in england,reject
are there any international transaction fees associated with my visa card,reject
does my amex card use international transaction fees,reject
will i receive a fee if i use my card in ireland,reject
if i use my card in mexico do i get an extra fee,reject
will i be charged extra for using my card in spain,reject
is there an extra fee for using my card in costa rica,reject
will my mastercard charge me a fee for international transactions,reject
will i get a fee for international transactions with my visa card,reject
do i get charged more for using my card in canada,reject
does my mastercard charge international transaction fees,reject
how much do you charge if i use my card in japan,reject
will i be charged for using my card in japan,reject
do i need to pay any fee if i use my card in japan,reject
do you charge me if i use my card in japan,reject
will you charge me if i use my card in japan,reject
show me the international transactions fees for the zenith card,reject
what are the international transactions fees for my industrial bank card,reject
are there many international transactions fees for the freedom card,reject
are there international transactions fees for rainbow card,reject
does the national card have international transactions fees and how much,reject
will i be charged if i use my card in dublin,reject
will i be charged if i use my card in detroit,reject
are there any transaction fees associated with my amex card if i am in the uk,reject
will i be charged if i use my card in mexico,reject
will i be charged if i use my card in canada,reject
will i be charged if i use my card in france,reject
are there any transaction fees associated with my amex card if i am in france,reject
are there any transaction fees associated with my amex card if i am in belgium,reject
tell me when my car last had its oil changed,reject
when did i last do maintenance on my car,reject
when did i last take my car in for maintenance,reject
can you find the date of my last oil change,reject
when did i last bring my car in to have it looked at,reject
find the date of the last oil swap for my car,reject
what was the date when i last had my car inspected,reject
how long's it been since my car was at autozone,reject
what's the amount of time since having my car given a once over by a mechanic,reject
when did i last have my vehicle checked on,reject
when did i last bring my car in to get looked over,reject
what date did i last take my car in,reject
how long's it been since i had my car serviced,reject
when was the last time i changed my oil,reject
when did i last have a mechanic check out my car,reject
when did i last service my car with an oil change,reject
what was the last time i had my car at the dealer for repairs,reject
when did i last have my car fixed,reject
what day did i last have a technician check out my vehicle,reject
when did i last have my vehicle serviced,reject
my car was looked at when,reject
let me know when my car was last looked at,reject
when did my car get looked at last,reject
tell me when someone looked at my car last,reject
what date did i have my oil changed last,reject
what day did i change my oil,reject
do you remember when i last changed my oil,reject
was my last oil change on wednesday,reject
when was the last time i had an oil change,reject
how long ago was my car last in the shop,reject
when was the last time i got my oil changed,reject
do you have a date for the last time the car was in the shop,reject
what date was my car last at the mechanics,reject
how long has it been since my oil was changed,reject
how long has it been since my car was in the shop,reject
when did i get my last oil change,reject
what date was my oil last changed,reject
do you remember my last oil change,reject
when was my car in the shop last,reject
when did i last have car maintenance,reject
when was my last maintenance on my car in the shop,reject
when was my car last repaired,reject
when did my oil last get changed,reject
when were my tires changed,reject
when was my car last worked on,reject
"i can't remember when my car last went to the shop, can you find out for me",reject
find out when my most recent oil change occurred,reject
check to see when my car was last in the shop,reject
when was my most recent oil change,reject
i need to know the date of my car's last visit to the shop please,reject
look up the date of my car's most recent visit to the shop,reject
i need to know when i last took my car in for a check up,reject
please tell me when the last time was that my car was in the shop,reject
look up the date of my last oil change,reject
i need you to look up the date of my car's last visit to the shop,reject
find out the last time i had my car checked,reject
do you know when my car was last looked at,reject
do you know when i last took my car in to the shop,reject
"i can't remember when my car was last serviced, can you find out for me",reject
find out how long it has been since my car was last in the shop,reject
please tell me the last time i took my car to the shop,reject
how long has it been since my car was last looked at,reject
tell me the date of my last car check up,reject
i need to know when my oil was last changed,reject
dates for my car in the shop,reject
last time car was in shop,reject
last incident of my car in the shop,reject
when was my car in the shop,reject
when did my car get serviced last,reject
how long has it been since my car was looked at,reject
how long ago did my car get looked at,reject
what was the date of my last auto appointment,reject
when was my last car service date,reject
when did i take to car to the auto shop,reject
when did i have my car looked at,reject
when did i last get my car tuned up,reject
when did i go to the mechanic,reject
when did i take my car to the mechanic,reject
do you know how long its been since i had my oil changed and a tune up,reject
when did last go to the auto repair shop,reject
i need to know when was the last time i had my car checked out for a tune up,reject
tell me the last time i had my car checked out at sam's repair shop,reject
when did i take my car to paul's auto last,reject
when was the last time my car was in the shop,reject
tell me when was car in shop,reject
so when was car in shop,reject
when was the car in the shop,reject
you need to tell me when was car in shop,reject
i need to know when i last carried my car to the shop,reject
what's the date on which my last oil change occurred,reject
what is the last date of service on my car,reject
can you remind me of when i last had an oil change,reject
please find the date of my last oil change,reject
"search and tell me when my most recent oil change happened, please",reject
when did i most recently have my car in the shop,reject
"i last took my car to the shop, when",reject
i need to know when it was that i last took my car to have the oil changed,reject
how long has it been since my car was last in the shop,reject
check my calendar for the date that my care was last serviced,reject
how long has it been since my last auto maintenance,reject
when is today's meeting with john,reject
when is my meeting with dan scheduled for,reject
when is the meeting with homer scheduled for,reject
do i have any meetings with stan today,reject
how many meetings do i have scheduled between 10 and 3,reject
on what day is my meeting with dr lee,reject
tell me how many meetings with pete i have for today,reject
about how many meetings am i attending between 12 and 3 today,reject
how many total meetings will i have between 2 and 5,reject
can you tell me what time i am meeting with sarah today,reject
when is that meeting with kara,reject
do i have meetings from 1 to 4 today,reject
do i have many meetings today between 2 and 4,reject
what time is my meeting with steve,reject
"for today only, how many meetings are with jake",reject
do i have any meetings with mark today,reject
when is my meeting with bob,reject
tell me when my meeting is scheduled with roger,reject
when am i gonna be meeting roger,reject
do i have any meetings today between 5 and 6,reject
do i have any meetings today between 2 and 3,reject
do i have any meetings with ben today,reject
do i have any meetings with roger today,reject
do i have any meetings today between 8 and 9,reject
when is my meeting with roger,reject
i wanna know when my meeting is with dan,reject
do i have any meetings with michael today,reject
do i have any meetings with dave today,reject
do i have any meetings today between 4 and 5,reject
do i have any meetings today between 6 and 7,reject
tell me the meeting schedule for the day,reject
what is the meeting schedule today,reject
tell me the meeting schdule please,reject
what is my meeting schedule today,reject
what is my meeting schedule like for the day,reject
share my meeting schedule with me,reject
do i have meetings scheduled today,reject
what kind of meetings do i have today,reject
what meetings do i have scheduled today,reject
go over my meeting schedule with me please,reject
do i have to be at any meetings today,reject
any meetings on the schedule today,reject
what meetings are on my schedule today,reject
meetings today,reject
what meetings are scheduled for today,reject
does today's schedule include any meetings,reject
are there any meetings on the calendar for today,reject
do i have any meeting to go to today,reject
what meetings do i have today,reject
what meetings are on my calendar,reject
when do i have meetings today,reject
what's on my meeting schedule today,reject
what times are my meetings,reject
what are my meetings today,reject
which meetings do i have today,reject
are there any meetings i have today,reject
bring up any mettings for today,reject
when are my meetings today between noon and one,reject
am i scheduled for any meetings between noon and one,reject
how many meetings do i have today between noon and one,reject
what meetings do i have today between noon and one,reject
are there meetings schedules today between noon and one,reject
do i have any meetings planned for today,reject
are any meetings scheduled for today,reject
do i have any meetings scheduled for today,reject
are any meetings booked for today,reject
what time i have to meet mr accountant,reject
is mr ceo waiting me now,reject
do i have to meet the dev squad to day,reject
give me a run down of my meeting schedules for the day,reject
let me know every meeting i have scheduled today,reject
do you know if i have any meetings set up with travis today,reject
do you see any meetings with john on my schedule today,reject
check to see if i have any meetings with peter today,reject
am i scheduled to meet with heather today,reject
what meetings do i have on my agenda today,reject
have i got any meetings today with sara,reject
tell me what my day looks like today in terms of meetings,reject
what scheduled meetings do i have today,reject
are there any meetings on my calendar today,reject
am i scheduled for any gatherings today,reject
is the gang getting together this afternoon,reject
do i have any meetings coming up today,reject
please list my meetings for today,reject
i need to know if i have any meetings scheduled for today,reject
please list my meetings for today from 8:00 am to 2:00 pm,reject
did i schedule any meetings for today,reject
"tell me my scheduled meetings for today only, please",reject
let me hear all meetings for today,reject
do i have any meetings scheduled between 3 and 5 pm today,reject
what meetings are on my schedule today between 1:00 pm and 4:00 pm,reject
are there any meetings for today on my calendar,reject
tell me today's scheduled conferences from noon on wards,reject
is a meeting with ruth on my schedule today,reject
what do i have going on between 9 and 10,reject
do i meet with joan today,reject
when's my meeting with richard,reject
what meetings do i have today from 3 to 4,reject
when is my meeting with john,reject
what is on my schedule between 10:00 am and 11:00 am,reject
what do you put in chicken noodle casserole,reject
what goes into chicken noodle casserole,reject
what do i need to make chicken noodle casserole,reject
how do you make chicken noodle casserole,reject
chicken noodle casserole is made from what,reject
tell me what ingredients i will need to make this meal,reject
what are the ingredients of spaghetti,reject
what ingredients are present in marshmallows,reject
tell me the ingredients in pizza,reject
what ingredients are found in hunan chicken,reject
i need to know the ingredients in a hamburger,reject
show me the ingredients that i need for ceviche,reject
do you have a list of ingredients that i'll need for blondies,reject
give me a list of ingredients needed for pizza dough,reject
tell me what ingredients i need for carne asada,reject
what ingredients are required for chicken noodle soup,reject
what ingredients are in salsa,reject
what ingredients are in cheese cake,reject
what ingredients are in sugar cookies,reject
what ingredients are in spinach dip,reject
what ingredients are in coffee cakes,reject
what ingredients do i need to make egg salad,reject
what would i need if i wanted to make chicken marsala,reject
what ingredients are in antipasto salad,reject
what do i need to make chicken salad,reject
what kind of stuff is in potato salad,reject
ingredients needed to make a mexican lasagna,reject
what are all of the ingredients for brownies from scratch,reject
how can i make my own doughnuts/what ingredients,reject
what stuff would i need to make tortellini,reject
what do i need to make a cake,reject
what all is in gumbo,reject
what ingredients do i need for gumbo,reject
which ingredients does gumbo have,reject
what are the ingredients in gumbo,reject
what is gumbo made of,reject
what ingredients do i need to bake a cake,reject
i want to cook a quick breakfast what ingredients do i need,reject
what ingredients are needed for shrimp cocktail,reject
i’m making spaghetti what ingredients do i need,reject
i want to make a meat stew what ingredients do i need,reject
what goes in broccoli cheddar soup,reject
show me the recipe for broccoli cheddar soup,reject
please list ingredients for broccoli cheddar soup,reject
what ingredients do i need to make broccoli cheddar soup,reject
"i am making broccoli cheddar soup, what ingredients do i need",reject
what ingredients do i need for philly cheesesteaks,reject
what do i need to cook chicken soup,reject
what do i need to get to make lasagne,reject
what should i buy to make burritos tonight,reject
what ingredients do i need for tacos,reject
what are the ingredients to make shepherd's pie,reject
what do i need to buy to make a spaghetti,reject
what do i need to make spaghetti,reject
what is the ingredient list for an omelette,reject
what do i need if i want to make lasagna,reject
what do i need to make a cajun chili,reject
what goes into a strawberry smoothie,reject
what should i grab to make a german chocolate cake,reject
what do you put in chili,reject
what do you need to make pancakes,reject
what stuff do you dump in an omelette,reject
what do you use when you make a chef's salad,reject
what do you purchase to put in a shepherd's pie,reject
what do you put in a tibetan omelette,reject
what do you mix to make a chocolate cake,reject
what does subway use to make a cold cut combo,reject
what do you need to make general tsao's chicken,reject
what do you put in avocado dip,reject
what ingredients are in sushi,reject
what does it take to make buttermilk pancakes,reject
what do i need to buy to make pierogi,reject
what do i need to get to put into homemade tortillas,reject
what food items do you put in english breakfast,reject
what foods do i buy to put into a korean dinner,reject
what do you need to make dandelion wine properly,reject
what ingredients are in cake,reject
what ingredients are in tortillas,reject
what ingredients are in mashed potatoes,reject
what ingredients are in dough,reject
what ingredients are in chips,reject
the ingredients in pizza are what,reject
list the ingredients in pizza,reject
which ingredients are in pizza,reject
pizza has which ingredients,reject
the ingredients in pizza are which ones,reject
what ingredients do i need to make salmon salad,reject
what ingredients go in spaghetti,reject
what ingredients do i need to make pizza,reject
what ingredients do i need to make pancakes,reject
what ingredients do i need to make potato skins,reject
what ingredients go in mashed potato,reject
what ingredients go in potato skins,reject
what ingredients do i need to make spaghetti,reject
what ingredients go in a milky way,reject
what ingredients go in pizza,reject
what ingredients are necessary for a steak,reject
"in making an omelette, what ingredients do i need",reject
"in terms of making scrambled eggs, what ingredients do i need",reject
what ingredients do i need for chicken breast,reject
i'm afraid this charge on my account is fraud,reject
i think there's fraud on my account,reject
i think i have fraud on my account from walmart,reject
there's been some fraudulent activity on my card,reject
i'm pretty sure this charge from sam's club is fraudulent,reject
i'm pretty sure this charge is fraudulent,reject
i need to report some fraudulent card activity,reject
there are some questionable charges on my card,reject
i think there's a fraudulent transaction on my account,reject
there's a shady charge from comcast on my account,reject
my account has a fraudulent transaction i think,reject
can you help me with some fraudulent charges on my card,reject
i think i've been the victim of fraud,reject
i'd like to report a fraudulent charge from people's natural gas,reject
this costco charge looks fraudulent,reject
there's fraudulent transaction going on,reject
i may have a fraudulent transaction,reject
i suspect some suspicious activity,reject
there seems to be fraudulent activity,reject
i suspect fraudulent transaction,reject
i need to report fraudulent activity on my card,reject
i'm reporting fraudelent activity on my card,reject
there has been fraudulent activity on my card and i need to report it,reject
i need to make a report due to fraudulent activity on my card,reject
due to fraudulent activity on my card i need to make a report,reject
how do i report a fraudulent charge on my visa,reject
how do i report fraud on my discover card,reject
how do i let visa know about a charge i didn't make,reject
help me tell visa about fraud on my account,reject
how do i tell mastercard about a fraudulent charge,reject
i have activity on my bank of america card i don't recognize,reject
i think a thief used my card,reject
i have suspicious charges on my discovery card,reject
i believe there's fraud on my card,reject
i need to report fraudulent activity on my mastercard,reject
i think someone's using my visa card without my permission,reject
i have transactions on my card that aren't mine,reject
my card has purchases i don't recognize,reject
someone misused my card and put fraudulent transactions on it,reject
i have charges on my amex card i didn't make,reject
"""disable my card account and contact company to report fraudulent activty",reject
"""i need to report fraudulent activity to my card company",reject
"""please contact my credit card company to report fraudulent activity on",reject
it looks like someone made an unauthorized amazon purchase on my account,reject
i think my chase account has been compromised and fraud committed,reject
i may have had fraud committed on my account,reject
i'm thinking someone may have used my card in a fraudulent way,reject
there is a fraudulent charge for paypal on my bank account,reject
i think the charge for uber on my account is fraudulent,reject
looks like someone made an unauthorized charge to nike on my account,reject
i think someone stole my card and used it,reject
i think someone made an illegal charge to my card,reject
my account is showing a charge to venmo that i did not make,reject
i gotta report fraudulent activity on my credit card,reject
so i made a fraudulent transaction,reject
i have a fraudulent transaction from wal mart on my account right now,reject
turns out i made a fraudulent transaction,reject
report fraudulent activity on my debit card,reject
i made a fraudulent transaction,reject
i have a fraudulent transaction from wal mart showing on my account,reject
i think i made a fraudulent transaction,reject
i have a fraudulent transaction from wal mart on my account,reject
i must report fraudulent activity on my debit,reject
i have a fraudulent transaction from red robin on my account,reject
report fraudulent activity on my credit card now,reject
i have a fraudulent transaction from fry's on my account,reject
i got to report fraudulent activity on my credit card,reject
i'm afraid there is a false transaction on my account,reject
i have detected fraudulent activity on my account,reject
i see a fraudulent transaction from netflix on my account,reject
i spotted a fraudulent transaction from microsoft on my account,reject
i see a suspicious transaction in my account history,reject
it seems someone conducted a fraudulent transaction on my account,reject
i need help investigating a suspicious transaction,reject
i need to report a fraudulent transaction from postmates on my account,reject
help me figure out where this fraudulent transaction from google came from on my account,reject
can you help me deal with this fraudulent transaction from verizon on my account,reject
i believe there are fraudulent charges on my card how can i report them,reject
i didn't make these purchases on my card; these are fraudulent charges i need to report them,reject
how can i report fraudulent charges on my card,reject
it seems that there's fraudulent activity on my card i'd like to file a report,reject
i want to report fraudulent activity on my card,reject
send information about suspicious credit card activity,reject
please report information about activity on my credit card,reject
send fraudulent activity information,reject
please file a fraud report,reject
report fraud on my card,reject
"i want to report fraudulent activity on my visa card, please",reject
"i need to report fraudulent activity on my visa card, please",reject
i want to report fraudulent activity on my amex card,reject
i want to report fraudulent activity on my visa card,reject
"i want to report fraudulent activity on my amex card, please",reject
i believe that there is some fraudulent activity on my capital one account,reject
there is an unauthorized transaction on my bank of america checking,reject
i see a purchase on my chase checking that i did not make,reject
what steps do i take if there is a transaction that i do not recognize on my navy federal credit union account,reject
i need to talk to someone about a transaction that was not made by me on my chase account,reject
can you report credit card fraud for me,reject
discover card reporting fraud,reject
i need to know how to report fraud on my discover card,reject
how many centimeters are in an inch,reject
whats 5 feet in inches,reject
what's 32 degrees fahrenheit in celsisus,reject
what amount of millimeters are in 50 kilometers,reject
how many crows are in 10 murders,reject
what amount of miles are in a hundred kilometers,reject
how many weeks are in 3 months,reject
how many meters are in 50 feet,reject
what's 8 ounces in cups,reject
how many kilos are in 150 pounds,reject
how do you convert pounds to grams,reject
how many kilos are in 10 pounds,reject
"what is 15 ounces in grams, please",reject
"what is 20 ounces in grams, please",reject
"what is 10 ounces in grams, please",reject
how do you convert ounces to pounds,reject
how many kilos are in 25 pounds,reject
what is 10 ounces in grams,reject
how many kilos are in 20 pounds,reject
how do you convert ounces to grams,reject
how many kilos are in 100 pounds,reject
how do you convert pounds to kilos,reject
what is 15 ounces in grams,reject
how do you convert ounces to kilos,reject
how many inches and centimeters would i need if i had 10 feet of something,reject
what's 10 inches in centimeters and millimeters,reject
how many tablespoons and teaspoons is one cup,reject
how much is 10kg in pounds and ounces,reject
how many liters are in 500 gallons,reject
what's 12 feet in meters,reject
what is 22 meters in inches,reject
12 feet is equal to how many inches,reject
how many pints are in 22 gallons,reject
how do you convert pounds to kilograms,reject
how do you convert milliliters to ounces,reject
how do you convert millimeters to decimeters,reject
how do you convert inches to centimeters,reject
how do you convert miles to kilometers,reject
what would four inches be in centimeters,reject
"if i have four inches, how many centimeters is that",reject
how many centimeters are in 4 inches,reject
how do i convert four inches into centimeters,reject
what are four inches in centimeters,reject
tell me the conversion between tablespoons and cups,reject
i need to know the conversion between tablespoons and teaspoons,reject
what would be the conversion between tablespoons and teaspoons,reject
what is the conversion between tablespoons and cups,reject
help me to understand the conversion between tablespoons and teaspoons,reject
tell me how to convert grams into ounces,reject
i need to know how to convert liters into pints,reject
help me convert feet into miles,reject
how do i change pounds into kilograms,reject
what is the proper way to convert centimeters into inches,reject
how do i convert tablespoons to cups,reject
how many ounces are in a cup,reject
how many teaspoons are in a half a cup,reject
how many tablespoons are in three cups,reject
how many pints are in four cups,reject
how many quarts are in a gallon,reject
i wanna know how many teaspoons are in a tablespoon,reject
how many cups make a gallon,reject
how many tablespoons are in a cup,reject
what is the conversion for pints to quarts,reject
tell me what ten pounds in kilos is,reject
what would five pounds be in kilos,reject
i need to know how many cups are in a two gallons,reject
tell me how many teaspoons are in two cups,reject
how many miles is five kilometers,reject
please convert 2 inches into meters for me,reject
how many meters are in 2 inches,reject
what's the conversion from inches to centimeters,reject
can you convert 2 inches into meters,reject
how many centimeters are one inch,reject
how do i convert inches and centimeters,reject
what is 2 inches in meters,reject
convert 2 inches to meters,reject
convert inches to centimeters,reject
how many cups in a quart,reject
is there an easy way to change feet into inches,reject
how many cups are in 4 quarts,reject
how many feet are in 50 yards,reject
how many ounces in a gallon,reject
can you convert millimeters to centimeters,reject
how many teaspoons in a cup,reject
convert inch to cm,reject
how many inches are in 5 feet,reject
convert cm to inch,reject
how can i change centimeters into inches,reject
how can i change inches into meters,reject
how many centimeters are in 5 yards,reject
how do you convert feet to inches,reject
how many meters are in 10 millimeters,reject
how can you convert miles to kilometers,reject
how would i go about converting inches to yards,reject
how would you convert yards to inches,reject
how are yards converted to inches,reject
how do i change inches to centimeters,reject
what is inches in centimeters,reject
i need to know the difference between inches and centimeters,reject
what is the conversion of inches to centimeters,reject
can you please turn on my furnace,reject
oven should be set to 350 now,reject
what temp is the ac at,reject
tell me who is by the garage door,reject
set my oven to 350 please,reject
make sure all doors are locked,reject
make the lights dimmer please,reject
"please, will you turn on my tv",reject
turn lights on in my bedroom,reject
turn the fan to the on position,reject
start my vehicle,reject
please get my car started before i go out to it,reject
need the tv on please,reject
lock all the doors,reject
can you turn on the lights in the den,reject
turn the furnace on please,reject
check who's at the door,reject
please set the temperature to 70,reject
turn tv on please,reject
make the temperature 78 in here,reject
turn lights on in the garage,reject
what is my ac set to right now,reject
activate my furnace please,reject
can you set the temp to 69,reject
set my temp to 75,reject
can you see if i have my doors locked,reject
make sure the oven is set to 350 please,reject
the ac is set to what right now,reject
can you turn on the lights in the backyard,reject
can you turn on the tv,reject
can you turn the oven to 350,reject
who is at my front door,reject
can you turn my lights down just a bit,reject
will you please get my furnace turned on,reject
can you please dim the lights,reject
set my oven to 350 for me right now,reject
turn lights on in my master bathroom,reject
who is knocking,reject
turn on the fan,reject
can you get my car started,reject
are my doors locked right now,reject
can you get the fan going in here,reject
please turn my fan on,reject
warm up my car for me,reject
please make sure the temperature is set to 68,reject
are my doors in the locked position right now,reject
turn down the lights a little please,reject
what's the persons name at my door,reject
can you lock all the doors in the house,reject
i need some air; get the fan going,reject
what's the ac set to,reject
can you tell me what the ac is on,reject
lock every door on the property,reject
turn the tv to on right now,reject
please lock every door,reject
did i lock the doors,reject
dim the main lights please,reject
i need my furnace turned on,reject
put the garage lights on,reject
on the lounge lights turn,reject
can put fan on,reject
turn on the living room lights,reject
put fan on,reject
put on lights,reject
on turn tv,reject
on the fan,reject
on the tv,reject
switch fan,reject
light the bedroom lights,reject
switch tv,reject
tv on turn,reject
please start my car,reject
what is the temperature setting of the ac,reject
set temperature to 75,reject
can you look who is at the door,reject
what is the temperature the ac display is showing,reject
has anyone locked the door,reject
check to see who is at the doof,reject
what is the ac temperature,reject
please lock the doors,reject
can you please help me start the car,reject
turn the fan on please,reject
i would appreciate it if you help me turn the car on,reject
did anyone securely lock the door,reject
please set the temperature to 80,reject
turn the fan on,reject
put the lights on low,reject
can you please start my car,reject
what is the temperature on the ac,reject
can you check who is at the door,reject
set the temperaure to 71,reject
turn the lights down,reject
please turn the fan on,reject
can you please turn the fan on,reject
i want you to turn the fans on,reject
what temperature is the ac set at,reject
remember to lock the doors,reject
who is at the door,reject
please check the door to see who is there,reject
set the temperature to 78,reject
i need a bed in brownsburg near walmart from apil 4th until the 5th,reject
i need a room in indianapolis near the track from may 2nd through the 5th,reject
i need lodging in lizton near the ice cream parlor from may 3rd until the 8th,reject
need a place to crash in elizabeth near the refinery from june 4th until the 9th,reject
i need a place to stay in newark near a bodega from may 2nd through the 4th,reject
i want to book a hotel room for 10 people from monday to tuesday in manhattan,reject
is there a room big enough for 10 people from monday to tuesday in manhattan,reject
is it possible to book 10 people from monday to tuesday in manhattan,reject
i would like to reserve a hotel room that accomodates 10 people from monday to tuesday in manhattan,reject
i'm inquiring about the availability of a room that fits 10 people from monday to tuesday in manhattan,reject
book me a hotel in st louis near the arch from march 2nd to 5th,reject
i need a room in london for 2 people from march 1st to 3rd,reject
get me a hotel room for 3 people from march 12th to 14th in chicago,reject
book me a hotel in new york near the empire state building from marc 2nd to 4th,reject
book me a hotel in chicago near the water tower shopping from april 2nd to 4th,reject
get me a hotel room for 4 people from march 1st to 3rd in seattle,reject
"in paris, get me a hotel room for 4 people from march 1st to 3rd",reject
can you find me a hotel for 2 people on april 1st to 4th in rome,reject
can you book me a hotel in los angeles near commerce casino from april 1st to the 5th,reject
book me a hotel in seattle near the space needle from march 3rd to 5th,reject
can you book me a room in new york city from april 2 through april 8,reject
are there any openings in new york city from april 2 through april 8,reject
are there any vacancies in new york city from april 2 through april 8,reject
how about any bookings in new york city from april 2 through april 8,reject
is there anything available in new york city from april 2 through april 8,reject
book me a room on november 11 to 15 in cali,reject
create a reservation novemeber 11 to 15 in cali,reject
show me all hotels in evans with good reviews,reject
which hotels in evans have good reviews,reject
get me a room in cali on november 11 to 15,reject
show me a well reviewed hotel in evans,reject
what is the best rated hotel in evans,reject
find me a place to stay in cali november 11 to 15,reject
make a reservation to stay in cali from november 11 to 15,reject
is it possible to have a place booked in salem from the 1st to the 3rd,reject
see if you can get me a room in colorado springs near garden of the gods from march 01 to march 02,reject
"i'd like you to book me a room in austin near google's headquarters from january 01, 2020 to february 02, 2020",reject
please book me a room in austin from tomorrow to the 2nd,reject
i want a hotel room for 6 from the 1st through the 3rd in seattle,reject
can you find me a decent hotel in denver,reject
"i'd like a placed booked in san diego from may 1st, 2020 to june 2nd, 2020",reject
are there any good hotels in salem,reject
what's a good hotel to stay at in chicago,reject
will you find me a place to stay in casper from march 5th to march 11th,reject
check if there's a hotel room that can receive 10 people in tampa from this friday for a week,reject
"can i get a hotel room that can accommodate 50 people in bangor from january 01, 2021 to january 30, 2021",reject
i need a hotel booked in denver near the museum from friday to saturday,reject
i want a hotel booked in salem near the concert hall from the first to the second,reject
i required a hotel room for 20 people from march 8th through march 20th in las vegas,reject
what hotels have decent reviews in bangor,reject
"is it possible to have a room booked in omaha near the convention hall for may 01, 2019 to may 05, 2019",reject
i'd like to find a hotel in tampa that people liked enough to leave good reviews about,reject
can you book me a place to stay in denver from wednesday to friday,reject
i need a hotel room that can host 5 people from tomorrow to saturday in denver,reject
please find me a hotel room for 4 people from monday to wednesday in lakewood,reject
i need a hotel room big enough for 4 people from monday to wednesday in lakewood,reject
i need a hotel room for 4 people in lakewood from monday to wednesday,reject
what hotel would you recommend in lakewood for 4 people from monday to wednesday,reject
i will be in lakewood from monday to wednesday and i need a hotel room for 4 people,reject
please help me book a place to stay in pittsburgh from monday to friday,reject
"i need a place in pittsburgh to stay from monday to friday, can you help",reject
help me find a hotel in columbus with good reviews,reject
can you find me a hotel in columbus with good reviews,reject
"please find a columbus, ohio hotel with good reviews",reject
will you help me book a place to stay from monday to friday in pittsburgh,reject
can you book me a place to stay in pittsburgh from monday to friday,reject
please book me a place in pittsburgh to stay from monday to friday,reject
"find a columbus, ohio hotel with good reviews",reject
help me find a hotel in that has good reviews in columbus,reject
do you know of any well reviewed hotels in chicago,reject
help me find a well reviewed hotel in dallas,reject
find me a hotel in kansas city with good reviews,reject
i need to find a nice hotel with solid reviews in seattle,reject
look up hotels with positive reviews in new york city,reject
"what hotels are near, ny, ny for the 9th to 11th",reject
"please book a hotel in ny, close to brooklyn, on the 25th to 30th",reject
"book a hotel in pa, harrisburg for the 10th to 15th",reject
"find and book a hotel in md, baltimore starting on the 7th to the 9th",reject
"i need to book a hotel in ny, queens arrive on 8th and leave on the 13th",reject
i need a hotel in new orleans with awesome reviews,reject
find a suitable lodging in vancouver on march 16-19,reject
help me find a good reviews hotel in la,reject
i need a hotel in new orleans from may 2 - 5 near the french quarter,reject
find a hotel with great reviews in san francisco,reject
find me a hotel in seattle with great reviews,reject
help me a great hotel in vegas for this weekend,reject
can you find me a place to stay in sacramento near the capitol on july 3-5,reject
find a hotel in san francisco for march 8 & 9,reject
i need a well-rated hotel in vegas,reject
can i book a hotel in new york city near times square from 3/1 until 3/5,reject
book me a hotel room in memphis for 3 people from 3/6 until 3/10,reject
hotel room for 5 in austin for 3/1 until 3/8,reject
i need a hotel in austin near south congress from 3/5 until 3/10,reject
book me a hotel in pittsburgh near grant street for 3/15 through 3/18,reject
"march 20th through the 22nd, please book me a hotel room in manhattan big enough for 10 people",reject
i'm going to need a hotel in tampa near ybor city for march 23rd through the 28th,reject
i'm going to need a hotel room for 8 people in tallahassee from 3/10 until 3/12,reject
could you reserve me a hotel room in philadelphia near chinatown from 3/19 through 3/22,reject
"in brooklyn, i need a hotel room for 4 from 3/15 until 3/20",reject
book me a hotel with good ratings in nashville,reject
check maps for my location,nearest_stop
"i'm lost, can you tell me where i am",nearest_stop
how can i go about finding my location right now,nearest_stop
please tell me my location using gps,nearest_stop
where exactly am i,nearest_stop
what's my location,nearest_stop
is there a way to get my current location,nearest_stop
what's the precise coordinates of this place,nearest_stop
where am i right this moment,nearest_stop
use the map and pinpoint my position,nearest_stop
give me my location on the map,nearest_stop
what's my current location,nearest_stop
what street is this,nearest_stop
can you direct me where to find where i am,nearest_stop
what do i do to find my location,nearest_stop
using this map i'd like to see my exact whereabouts,nearest_stop
place a marker for me where i am on the map,nearest_stop
i need to know my current gps coordinates,nearest_stop
can i have my current gps coordinates,nearest_stop
would you please tell me my current gps coordinates,nearest_stop
please tell me my current gps coordinates,nearest_stop
list my current gps coordinates,nearest_stop
how do i know where i'm at,nearest_stop
where am i located currently,nearest_stop
tell me how to find my current location,nearest_stop
showme how to find my location,nearest_stop
i'd like to know where i am,nearest_stop
what are the gps coordinates where i am located,nearest_stop
at this location what are my gps coordinates,nearest_stop
in the place i am what are my gps coordinates,nearest_stop
what are my gps coordinates at this location,nearest_stop
what are the gps coordinates of this spot i am at right now,nearest_stop
where am i located,nearest_stop
what country and city am i in,nearest_stop
what are my longitude and latitude points,nearest_stop
show me where i am on the map,nearest_stop
display my location on a map,nearest_stop
please show me where i am on a map,nearest_stop
can you show me where i am on a map,nearest_stop
"where am i right now, location wise",nearest_stop
what street am i on right now,nearest_stop
tell me my current location please,nearest_stop
what location do you see me at right now,nearest_stop
what is my current location that you see right now,nearest_stop
show me where i am,nearest_stop
bring up my location,nearest_stop
tell me where i am on a map,nearest_stop
can you locate me on a map,nearest_stop
show me where i am on a map,nearest_stop
i need to know my location,nearest_stop
i'm lost,nearest_stop
can you tell me how to figure out my current location,nearest_stop
i need to find out how i know my location right now,nearest_stop
can you tell me my location,nearest_stop
what do i do to find my current location,nearest_stop
my current location,nearest_stop
i would like to know my current location,nearest_stop
how can i tell what my current location is,nearest_stop
how can i know my current location,nearest_stop
let me know where i'm located,nearest_stop
i am in need of my location,nearest_stop
help me find where i am,nearest_stop
i do not know where i am,nearest_stop
i would like to know my location,nearest_stop
where are we located,nearest_stop
tell me the current location,nearest_stop
please tell me my current location,nearest_stop
what are my gps coordinates right now,nearest_stop
please tell me my present gps coordinates,nearest_stop
i need to know my present gps coordinates,nearest_stop
tell me my current gps coordinates,nearest_stop
please give me my gps coordinates,nearest_stop
"how do i find my location right now, please",nearest_stop
"how do i find my location, please",nearest_stop
"could you find my location on the map, please",nearest_stop
how do i find my present location right now,nearest_stop
could you find my location on the map,nearest_stop
how do i find my location right now,nearest_stop
"would you find my location on the map, please",nearest_stop
"can you find my location on the map, please",nearest_stop
can you find my location on the map,nearest_stop
"how do i find my present location right now, please",nearest_stop
give me my current location,nearest_stop
let me know my current location,nearest_stop
what is my location right now,nearest_stop
can you tell me the address where i am right now,nearest_stop
please locate me on the map and show me,nearest_stop
tell me my current location,nearest_stop
how can i go about finding my current location,nearest_stop
i wanna know my current location,nearest_stop
how can i find my current location,nearest_stop
how will i find my current location,nearest_stop
i'd like to know my current location,nearest_stop
how can i locate where i am,nearest_stop
how shall i find my current location,nearest_stop
check out my location up on the map,nearest_stop
could you pull up my location on the map,nearest_stop
check me out on the map,nearest_stop
look me up on the map,nearest_stop
look my location up on the map,nearest_stop
what are the conditions like in orlando,reject
what's the temperature like in tampa,reject
what's the forecast like for pittsburgh,reject
what are the conditions like in sarasota,reject
what's the climate like in chicago,reject
what will the temperature be tomorrow,reject
will it rain today,reject
will it freeze tonight,reject
give me the 7 day forecast,reject
is it hot outside,reject
what is the weather going to be like today,reject
is it going to rain today,reject
what is the weather going to be like tomorrow,reject
is it going to rain tonight,reject
are there any tornadoes coming soon,reject
is it snowing in the next two weeks,reject
what is the weather like in denver,reject
what is the weather like tomorrow,reject
what is the record high temperature for today,reject
whats the predicted weather suppose to be like,reject
whats the forecast for the weather,reject
what does the weather look like,reject
what does the forecast look like,reject
what is the weather going to be like,reject
tell me this week's forecast,reject
will it get over 90 degrees today,reject
what's the temperature outside,reject
tell me how the weather is,reject
weather,reject
what's the weather,reject
is it raining,reject
how is it outside,reject
how hot will it be tomorrow,reject
what is the weather for tomorrow in georgia,reject
what is the forecast for this week,reject
will it snow this weekend,reject
is there any rain in the next 3 days,reject
can you tell me what the weather will be please,reject
how's the weather,reject
what's the weather looking like,reject
what weather should i expect,reject
costa mesa current weather,reject
what is the temperature in costa mesa,reject
what is the weather report for costa mesa,reject
weather in costa mesa,reject
costa mesa weather,reject
i need meteorological data for tallahassee,reject
how's the weather in tallahassee,reject
read me the current weather report for tallahassee,reject
tell me the weather report for tallahassee,reject
what's the current weather situation for tallahassee,reject
what's the weekend forecast,reject
can you tell me the low tonight,reject
is it going to be sunny today,reject
what's the highest chance of rain for today,reject
how cold is it going to be tonight,reject
what is the weather forecast for seattle,reject
what is the weather outlook for seattle,reject
what are the weather conditions in seattle,reject
how is the weather in seattle,reject
what is the weather report for seattle,reject
can you give me info on miami weather,reject
what is miami weather like,reject
what can you tell me about miami weather,reject
what kind of weather does miami have,reject
how is the weather in miami,reject
what's the weather like right now,reject
give me a rundown of the weather,reject
what kind of weather is there,reject
tell me what the weather is like,reject
when is it going to rain again,reject
what is the high temperature for tomorrow,reject
how many of inches of snow did my hometown get last year,reject
what are the atmospheric conditions in sparks,reject
is it raining in sparks,reject
is it cloudy or sunny in sparks,reject
is sparks experiencing bad weather right now,reject
what is the weather like in sparks right now,reject
what is the temp right now,reject
when will it rain next,reject
when is the next rain chance,reject
what will the weather be this weekend,reject
what s the uv index tomorrow,reject
tell me today's weather forecast,reject
tell me about the weather today,reject
i want to know the weather forecast for today,reject
what will the weather be like,reject
what's the chance of rain on friday,reject
is there a uv or smog alert for tomorrow,reject
"is it snowing right now in richmond, va",reject
what will the low temperatures be over the weekend,reject
can you let me know if it will be warm this week,reject
when is the next time it is suppose to rain,reject
how cold will it be tomorrow,reject
what is today's high temperature predicted to be,reject
how much snow will we be getting tomorrow,reject
what's the current weather,reject
what's it doing outside right now,reject
what's today's weather going to be,reject
please tell me the weather forecast,reject
how much are my state taxes,reject
what will my state taxes cost,reject
how much are taxes in my state,reject
how much state taxes do i owe,reject
tell me how much in tax on this,reject
and what are the taxes,reject
tell me what the tax amount is,reject
what is the tax amount,reject
how much are taxes on this,reject
what is the amount of my federal taxes,reject
about how much will my federal taxes be,reject
how much will i have to pay in state taxes,reject
what do my state taxes amount to,reject
how much will i have to pay in federal taxes,reject
how much do i owe for state taxes,reject
what do my federal taxes amount to,reject
what amount will my state taxes be,reject
how much will my state taxes be,reject
how much am i going to have to pay in taxes to the state,reject
how much will i have to pay in colorado taxes,reject
what's my bill going to be for my taxes for tennessee,reject
how much am i going to have to pay in federal taxes this year,reject
how much is the irs going to get from me,reject
what's my irs bill going to look like,reject
what will i need to pay in federal taxes,reject
how much money am i going to lose this year for state taxes,reject
how much money is the state going to take from me for taxes,reject
how are my federal taxes looking this year,reject
i have to pay how much back in taxes,reject
how much will i pay the government back in taxes,reject
what amount do i have to pay in taxes,reject
how much do i have to pay back for my taxes,reject
what is the amount of money that i have to pay in taxes,reject
what is the total amount of tax deductions from my income,reject
what do i pay currently in income taxes,reject
i need to know how much tax i pay from my earnings,reject
how much am i paying from my income in taxes,reject
can you find the exact amount i pay income taxes,reject
do i pay a lot of taxes on my income,reject
how much am i expected to pay in tax,reject
do i have to file a tax form,reject
will i pay over $500 in federal taxes,reject
what can i expect to pay in taxes,reject
are my state tax payments too high,reject
how much do americans pay for federal taxes on average,reject
how much will i pay in state taxes,reject
how much do i pay the government in taxes,reject
what percentage do i pay in taxes,reject
what percentage of my income is taken out for taxes,reject
how much will i pay in federal taxes,reject
what do i owe the government on my taxes,reject
help me calculate my federal tax bill,reject
can you calculate my state taxes,reject
"using my salary as a basis, what taxes will i owe",reject
how are my state taxes looking,reject
help me figure out my state taxes,reject
can you calculate my tax,reject
how much is my income tax,reject
can you tell me my income tax,reject
how much do i pay in income tax,reject
how much tax do i owe,reject
what kind of tax do i pay,reject
what amount am i taxed on my income,reject
what do you think will be the result of my federal tax return,reject
what's the damage on my federal tax return,reject
what does my federal tax return look like,reject
what will my federal tax return be,reject
how much money will i get or owe on my federal tax return,reject
how much money do i pay in taxes,reject
"how much money do i pay in taxes, please",reject
"what amount of money do i pay in taxes, please",reject
how much do i pay in taxes,reject
"how much do i pay in taxes, please",reject
i need to know how much i should pay in tax,reject
let me know my tax rate,reject
what amount of tax should i pay,reject
please tell me what i pay in taxes,reject
i would like to know how much i pay in taxes,reject
what is the total amount i pay in taxes,reject
can you tell me how much i pay in taxes,reject
how much does it seem my state taxes will be,reject
tell me what my state taxes are,reject
what are my state taxes looking like,reject
can you tell me more about my federal taxes,reject
what do i owe in federal taxes,reject
give me the specifics on my federal taxes,reject
what does it look like my state taxes will add up to,reject
i need the details on my federal taxes,reject
what do i currently pay in taxes,reject
what do i pay in taxes,reject
how much will i pay for state taxes this year,reject
how different will my state taxes be,reject
what is my state taxes currently,reject
what will my state taxes amount to this year,reject
how much did my state taxes change,reject
how much tax do i pay,reject
how much do i pay in tax,reject
how much do i pay in my taxes,reject
how much as my taxes by the way,reject
what amount do my state taxes look like,reject
what's the minimum i owe on the car payment,reject
what's the least amount i need to pay on the electric bill,reject
what's the smallest amount i can pay on the water bill,reject
what's the minimum amount for my electric bill,reject
what's the least i can pay on the medical payments for february,reject
how much can i get away with paying for my college loan,reject
what's the minimum required payment on my visa card,reject
i want to know my bill's minimum payment,reject
what is my bill's minimum payment,reject
minimum payment of my bill please,reject
can you tell me the minimum payment of my bill,reject
tell me the minimum payment of my bill,reject
the minumum to pay is what,reject
what is the minimum i can pay for my electric bill,reject
please lookup the minimum i need to pay on my credit card,reject
what is the minimum i need to pay for my cell phone bill,reject
tell me what my minimum payment is,reject
what is the minimum i have to pay on my chase card,reject
what is the minimum i can pay for my telephone bill,reject
what is the minimum i can pay for my light bill,reject
what is the minimum i can pay for the gas bill,reject
what do i have to pay on my amex that is the minimum,reject
i need to know my cable bill minimum payment,reject
please tell me the minimum i can pay on my electric bill,reject
please tell me the minimum i can pay on my water bill,reject
what is the lowest amount i can pay for my electric bill,reject
tell me the lowest amount i can pay for my cable bill,reject
let me know the minimum i can pay on my cable bill,reject
please tell me the bill's minimum payment,reject
what is the lowest amount i can pay for my cable bill,reject
tell me the minimum i can pay on my cable bill,reject
i need to know the bill's minimum payment,reject
tell me my electric bill minimum payment,reject
tell me the bill's minimum payment,reject
what is my cable bill minimum payment,reject
i would like to know the bill's minimum payment,reject
i must know my water bill minimum payment,reject
i wanna know the bill's minimum payment,reject
inform me the lowest amount i can pay for my cable bill,reject
i want you to tell me the minimum i can pay on my rent bill,reject
i would like to know my water bill minimum payment,reject
let me know the lowest amount i can pay for my cable bill,reject
find the minimum due on my peco energy bill for february,reject
what is the minimum payment on my chase mastercard,reject
please give me the minimum payment total for my sprint phone bill,reject
can you tell me the minimum amount due on my visa this month,reject
i want to know the bill's minimum payment,reject
please inform me of the minimum payment of the bill,reject
"the bill's minimum payment, what is it",reject
what is the minimum amount of money required as payment for the bill,reject
what is the minimum payment for the bill,reject
i need to pay the smallest amount on my phone bill,reject
how little can i pay on my car bill,reject
what is the smallest i can pay on the water bill,reject
how tiny a payment can i make on electric bill,reject
how much do i have to at least pay on my medical bills,reject
how small of a payment can i make for my chase card bill,reject
what is the minimum payment i can make on my xcel energy bill,reject
please tell me the minimum amount i can pay on my wells fargo credit card,reject
what is the smallest amount i can pay on my tmobile bill,reject
what is the smallest payment i can make toward my xfinity bill,reject
can you tell me my cards minimum payment,reject
minimum payment for my credit card,reject
can i get the minimum payment for my credit card,reject
i would like to know the minimum payment for my credit card,reject
i need to know my cards minimum payment,reject
could you tell me the minimum payment on my mortgage,reject
what is the minimum payment on my eddie bauer card,reject
i need to know what the minimum payment is on my electric bill,reject
what is the bare minimum for my truck payment,reject
how much is the minimum payment on my chase card,reject
what is the least amount i can pay for power bill,reject
how much is the minimum payment for power bill,reject
what is the minimum payment for my credit card bill,reject
how much is the least i can pay for power bill,reject
what is the minimum payment for my power bill,reject
how low can i reduce my phone bill before paying,reject
how low can we get my phone bill,reject
what is the minimum payment on my phone bill,reject
what is the lowest i can pay on my phone bill,reject
what is the minimum i can pay for my phone bill,reject
how little can i pay for my water bill,reject
show my my minimum payment for youtube,reject
what's the minimum payment for my internet bill,reject
what's the minimum payment on my credit card bill,reject
what's the minimum payment on my phone bill,reject
what is the minimum payment i can make on my electric bill,reject
what's the minimum payment on my gas bill,reject
what's the least payment i can make on my cable bill,reject
what is the minimum required payment for my cell phone bill,reject
what's the minimum i can pay on my sewer bill,reject
tell me minimum to pay on landscape bill,reject
show me the minimum payment for my boat bill,reject
minimum to pay on power bill,reject
what's the minimum payment for our cc bill,reject
pay the minimum payment for m and t bill,reject
tell me my minimum citicard payment,reject
how much is the minimum payment due for my citicard this month,reject
can you tell me my minimum due for citicard,reject
what is the minimum for my citicard this month,reject
change to whisper mode,reject
change mode to whisper,reject
whisper mode off,reject
change out of whisper mode,reject
turn off whisper mode,reject
activate whisper mode,reject
whisper mode activate,reject
can you please lower the volume please,reject
use your indoor voice please,reject
whisper for me,reject
is it possible for you to whisper for me,reject
turn on your whisper mode,reject
i'm going to need you to be quiet now please,reject
don't make too much noise,reject
go into whisper mode now please,reject
can you use the whisper voice,reject
volume to whisper voice,reject
turn on the whisper voice,reject
go to the whisper voice,reject
can you whisper until i tell you not to,reject
switch to your whispering voice please,reject
whisper from here on out please,reject
whisper from now on,reject
i need you to use your whisper voice,reject
do not talk so loudly,reject
use your quiet voice,reject
you need to speak softer,reject
speak quiet as though you were in a church,reject
change to normal vocals mode,reject
turn your volume up,reject
turn up your volume,reject
switch to quiet mode,reject
let's start whispering,reject
let's switch to whisper voice,reject
let's use whisper voice,reject
i decide to switch out of whisper mode,reject
i want to switch out of whisper mode,reject
can you whisper,reject
let's switch out of whisper mode,reject
let's whisper,reject
go to whisper mode,reject
can you switch out of whisper mode,reject
i think we should whisper,reject
shh please speak with a whisper,reject
please turn on whisper mode,reject
go into whisper mode now,reject
i need you to go into whisper mode,reject
please only use a whisper when speaking,reject
i can't be loud and need you to speak more quietly,reject
"go back to whisper mode, please",reject
"change to whisper mode, please",reject
"switch to whisper mode, please",reject
go back to whisper mode,reject
please switch to whisper,reject
switch to the whisper mode,reject
switch over to whisper,reject
switch to whisper please,reject
i want whisper mode to be switched off,reject
i want you to use whisper voice now,reject
please turn on whisper voice,reject
i dont need whisper mode on any more,reject
could you please get out of whisper mode,reject
i need your setting switched to whisper mode right away,reject
please shut off whisper mode for now,reject
make sure to set yourself to whisper mode before i go to the movie,reject
please turn on whisper mode because i am about to be in class,reject
i want your setting adjusted to whisper voice now,reject
please switch to whisper mode for now,reject
please begin using the whisper voice setting,reject
i want you to be in whisper mode now because i am in the library,reject
can you change to the whisper voice setting,reject
please speak with the whisper voice,reject
exit out of whisper mode,reject
is it possible for you to use the whisper voice,reject
switch to whisper mode,reject
i'd like you to use the whisper voice,reject
immediately begin using whisper mode,reject
"i can't hear you, stop whispering!",reject
start using whisper mode,reject
stop using the whisper mode,reject
engage whisper mode now,reject
can you go to the whisper voice,reject
go back to normal mode please,reject
use the whisper voice,reject
use your whispering voice,reject
6 inch voices please,reject
can you switch to whisper mode,reject
i want whisper mode,reject
please switch to whisper mode,reject
would you mind switching to whisper mode,reject
could you please switch to whisper mode,reject
"if you don't mind, please switch to whisper mode",reject
i need you to switch to whisper mode,reject
i want you to switch to whisper mode,reject
talk in whisper voice,reject
please whisper,reject
please use whisper,reject
please talk quietly,reject
use whisper voice,reject
turn to whisper mode,reject
"please cancel what you are doing, i've changed my mind",reject
"never mind, cancel that",reject
"stop working on it, i need something else",reject
"cancel my last request, i know the answer",reject
"forget it, i do not need it anymore",reject
pause,reject
cancel that last thing,reject
silence,reject
quit,reject
mute,reject
stop,reject
stop and go back,reject
ai stop talking,reject
quiet now,reject
shhhh,reject
how do i make you stop talking,reject
can you be quiet please,reject
please stop doing what i asked,reject
please be quiet,reject
i would like you to stop what you were doing,reject
please cancel that last command,reject
can you cancel what you were doing,reject
can you cancel,reject
shut up!,reject
i need you to stop talking now,reject
i want you to quit the action,reject
discontinue please,reject
i don't want you to speak any more for now,reject
discontinue your current task,reject
abort please,reject
quit the current action please,reject
forget my previous command,reject
abort the current action,reject
actually forget that i don't need it,reject
quit what you are doing,reject
"sorry, you can actually stop that",reject
"i actually don't want this anymore, please abort",reject
please cancel your present task,reject
"that's enough, don't say anymore please",reject
i want you to stop your present action,reject
stop talking please,reject
"what you are doing is not actually helpful, please cancel the action",reject
please stop,reject
cancel action,reject
please cancel the input,reject
"ai, stop talking",reject
"ai, shut up",reject
"ai, stop!",reject
please be quiet now,reject
terminate,reject
negate last command,reject
halt,reject
would you stop talking please,reject
please abandon the current job,reject
please abort the current task,reject
terminate current process,reject
i want you to cancel the current action,reject
abort,reject
please stop doing that,reject
abort running program,reject
don't continue with what you're doing,reject
oh shut the hell up would you,reject
destroy process,reject
please cancel that last task,reject
please refrain from carrying out the current task,reject
"ai, cancel that last request",reject
do not complete the task that i gave you,reject
"ai, please stop your current task",reject
"actually, cancel that command",reject
"nevermind, cancel that",reject
"actually, cancel that",reject
forget it,reject
cancel that,reject
don't do this process,reject
undo,reject
cancel current process,reject
undo this process,reject
just shut up,reject
stop that,reject
cancel that input,reject
"never mind, don't do that",reject
never mind,reject
stop doing that,reject
halt that immediately,reject
stop the process happening now,reject
"stop, i changed my mind",reject
cancel that last command,reject
oops cancel that,reject
can you stop,reject
could you stop talking for a second,reject
could you stop please,reject
can you switch off,reject
can you stop speaking,reject
can you please cancel,reject
can you end the task,reject
scratch,reject
refrain from talking,reject
halt the process,reject
no more talking,reject
i advise you to quit talking,reject
"to visit cambodia, do i need an international visa",reject
do i need to get a visa to visit canada,reject
will i need a visa to visit ireland,reject
will i need a travel visa to go to canary islands,reject
i want to visit portugal do i need a travel visa,reject
i want to see paris will i need an international visa,reject
"for travel to argentina, do i need to get a travel visa",reject
will i have to apply for a visa if i want to visit mexico,reject
to vacation to tel aviv do i need a travel visa,reject
do i need to obtain a travel visa to go on vacation to places in eastern europe,reject
would i need a tourist visa for brazil,reject
do i need a tourist visa for europe,reject
i want to know if i shouldget a tourist visa for italy,reject
is it necessary to apply for a tourist visa for mexico,reject
should i get a travel visa for spain,reject
does moscow require travel visas to visit,reject
would i need a travel visa to go to the congo,reject
do i need an international visa to go to south korea,reject
do i need an international visa to go to tibet,reject
do i need an international visa to go to vietnam,reject
do i need an international visa to go to hong kong,reject
do i need an international visa to go to malaysia,reject
i am going to travel to mexico soon; do i need to get a visa,reject
i need to know if i must have an international visa to go to france,reject
i'm going to jamaica next week; am i needing a visa,reject
tell me whether i need an international visa to go to mexico,reject
i'm going to mexico; do i need an international via,reject
let me know if i need an international visa to go to sudan,reject
am i in need of an international visa to go to france,reject
do i need to get a visa for traveling to chile,reject
do i need a visa to travel to jamaica,reject
i need to know if i need a visa to travel to el salvador,reject
would i need a visa if i want to travel to mexico,reject
do i need a visa to travel to mexico,reject
does mexico require me to have a visa to travel there,reject
is a visa needed to go to mexico,reject
if i want to travel to mexico do i need to get a visa,reject
do i need a visa to scotland,reject
do i need a visa to russia,reject
do i need a visa for canada,reject
do i need a travel visa to visit germany,reject
i am going to russia and am wondering if i need a visa,reject
do i need a travel visa to visit russia,reject
do i need a travel visa to visit canada,reject
i am going to germany soon do i need a visa,reject
do i need a travel visa to visit japan,reject
do i need to get a visa for russia,reject
do i need a visa to go to greece,reject
do i need a travel visa to visit china,reject
do i need a visa for germany,reject
do i need a visa to go to somewhere internationally,reject
do i need a visa to spain,reject
do i need an international visa to go to mexico,reject
do i need an international visa to go to england,reject
do i need an international visa to go to brazil,reject
do i need an international visa to go to canada,reject
do i need an international visa to go to spain,reject
should i get a visa before going to cancun,reject
is a visa required to visit cancun,reject
will i need a visa to travel to cancun,reject
do i need a visa to go to cancun,reject
do i need a visa to travel to canada,reject
does mexico travel require a visa,reject
would i need to get a visa to go to ireland,reject
"if i'm planning to go to the uk, do i need a visa",reject
might i need to get a visa to travel to venezuela,reject
"i'm going to be going to canada soon, do they require a visa for entry",reject
do i need a visa to get into canada later this year,reject
does travelling to that place require a visa,reject
do i need a visa to go there,reject
do i need a visa to leave the country,reject
does international travel always require a visa,reject
when does travelling require a visa,reject
if i go to canada next month do i need a visa,reject
do i need to bring a visa when i go to canada next month,reject
"i'm going to canada soon, do i need a visa",reject
what paperwork will i need to visit northern ireland,reject
should i get a visa for crete,reject
will i need a visa to go to moldova,reject
does laos require a travel visa,reject
do i need to apply for a visa to visit dnipro,reject
israel has strict restrictions do i need a visa to travel there,reject
visa's are hard to get do i need one when i travel to israel,reject
i'm vacationing in israel will i need a visa,reject
do i need a visa to travel to isreal,reject
"i'm heading to israel soon, do i need a visa",reject
do i have to have a visa to go to denmark,reject
do i need a visa to go to cuba,reject
do i have to have a visa to go to the cayman islands,reject
does jamaica require a visa,reject
what documents to i need to go to egypt,reject
does france have their own version of a visa,reject
does mexico require an international visa,reject
does ireland require an international visa,reject
do i need an international visa to enter canada,reject
do i have to get an international visa before they'll let me in melbourne,reject
must i have an international visa when travelling to russia,reject
is an international visa needed to travel to z,reject
"i want to go to korea, do i need an international visa",reject
do i need to apply for a travel visa if i am going to bermuda,reject
are there any specific shots i should get before traveling to england,reject
what are the recommended shots to get before i travel to south korea,reject
what are the recommended shots to get before i travel to england,reject
are there recommendations to get any specific shots before i travel to germany,reject
do i need certain shots before flying to eithiopia,reject
what type of specific shots should i get before flying to south korea,reject
are there specific shots i need before traveling to japan,reject
is it recommended to get specific shots before i travel to japan,reject
do i need specific shots before traveling to germany,reject
is it recommended to get any shots before i travel to africa,reject
how many vaccinations will i need to travel to asia,reject
which countries require vaccinations before entering for travel,reject
which types of vaccinations are required when leaving the united states,reject
what are common illnesses i should be vaccinated against when leaving the united states,reject
what are common vaccinations for someone travelling internationally,reject
does travel to africa require any shots,reject
do i need to protect myself with some shots for a trip to vietnam,reject
do i need any shots if i travel to africa,reject
would i need any immunization if i go to thailand,reject
will i need immunization for a trip to turkey,reject
can you tell me which shots i need for africa,reject
do i need special shots to go to africa,reject
how many shots do i need before i go to africa,reject
what are the necessary shots for travel to africa,reject
before i leave for mexico should i get some more vaccinations,reject
what are the shots i need in order to travel to mexico,reject
what shots do i need before heading to france,reject
are there any shots i should get before going to south africa,reject
do i need any vaccinations before going to indonesia,reject
what vaccinations should i get if i go to nigeria,reject
are vaccinations needed for trips to guana,reject
should i get a vaccination before i go to katmandu,reject
do i need to get vaccinated to go to thailand,reject
which vaccinations are required to go to viet nam,reject
is it recommended to get any specific shots before i travel to argentina,reject
is it recommended to get any specific shots before i travel to canada,reject
do i need a vaccination for spain,reject
is it recommended to get any specific shots before i travel to norway,reject
is it recommended to get any specific shots before i travel to japan,reject
do i need a vaccination to go to europe,reject
do i need a vaccination to go to greece,reject
is it recommended to get any specific shots before i travel to iceland,reject
do i need a vaccination to go to china,reject
do i need vaccinations to travel overseas,reject
do i need any shots before i go to south africa,reject
should i get any shots before i go to kenya,reject
is there a list of recommended shots to get before travelling to kenya,reject
do i need to see the doctor for shots before i go to south africa,reject
are there recommended vaccines to go there,reject
are there shots required before going to south africa,reject
what shots are recommended before traveling to kenya,reject
do i need to get vaccines before my trip,reject
"i'm going to south africa, do i need to get any shots first",reject
should i get any shots before i go to south africa,reject
tell me if i need any more vaccines if i go there,reject
are any shots recommended before going to kenya,reject
do i need to get shots before i go to kenya,reject
what vaccines do i need before i travel there,reject
are my vaccines up to date for going there,reject
"do i need some shots, if i am traveling to china",reject
do i need some vaccinations or anything if i'm going to eastern europe,reject
i'm going to india do i need some shots,reject
"if i'm going to africa, do i need some shots first",reject
"i'm going to south africa, so should i get some vaccinations or anything",reject
traveling to the uk am i going to need any specific shots,reject
if i am going to the uk are any specific shots needed,reject
are shots needed for uk travel,reject
do i need any specific shots if i go to the uk,reject
am i going to need vaccines for the trip,reject
am i required to get a vaccine for this trip,reject
will this trip require vaccines,reject
if i travel to the uk do i need any shots,reject
does my trip require vaccines,reject
will i need vaccines for my trip,reject
what shots do i need to get in order to travel to khartoum,reject
do i have to get shots to travel to iraq,reject
what shots are required to go out of the country,reject
do i need shots to go to thailand,reject
do you have a list of shots that i need for traveling to denmark,reject
please tell me if i need any shots before i go to mexico,reject
which shots do i need before i go to thailand,reject
which shots do i need to get before i go to africa next week,reject
do i need shots before i get to africa,reject
can you tell me which vaccines i need to take before mexico,reject
can you tell me if there are any shots that i am required to have before traveling to south africa,reject
what shots do i need before traveling to malawi,reject
please tell me what shots i am required to get to travel to india,reject
are there any mandatory shots that i must get before my trip to jamaica,reject
do i need to get any shots to travel to mexico,reject
do i need vaccinations to travel there,reject
are vaccinations required to travel there,reject
are vaccinations necessary to go there,reject
do i need to get vaccinations before i go,reject
which vaccinations should i get before i go,reject
i need a list of vaccinations for a trip to paris,reject
list all the shots i need to travel to france,reject
what vaccinations do i needs to travel to paris,reject
what vaccinations are required to enter paris from outside the country,reject
tell me what vaccinations i need to get into france,reject
should i get any vaccines before going over to the uk,reject
what is my vacation schedule look like,reject
can you explain to me what type of vacation days i have still,reject
what type of vacation schedule do i have left,reject
can i get vacation day totals i have left,reject
"how many vacation days do i have saved up, please",reject
how many vacation days do i have remaining,reject
how many vacation days do i have saved up,reject
"how many vacation days do i have remaining, please",reject
how many vacation days do i have left,reject
how many vacation days do i still have,reject
how many vacation days do i still get,reject
i want to know how much vacation time i can use,reject
do i have any vacation days to use,reject
tell me if i have any spare vacation days,reject
do i have any vacation time left,reject
do i have any vacation days left,reject
how many holiday days do i have left to use,reject
i want to know how many vacation days i can use,reject
how many vacation days do i have,reject
do i have any personal days left,reject
how many of my vacation days do i have remaining,reject
how many vacation hours do i have,reject
how much paid time off do i have saved,reject
how many days do i have left of pto,reject
how many day of my vacation are left for the year,reject
how many pto days do i have left,reject
how many pto days do i have for the year,reject
how many vacation days do i have for the year,reject
how many vacation days have i accrued,reject
can you tell me how much pto i still have,reject
what's the current amount of vacation owed to me,reject
what number of vacation days remain for me,reject
how many days can i slack off this year,reject
do i have enough vacation to take a european trip,reject
how much vacation am i currently entitled to,reject
what's the amount of pto i have left,reject
how much paid time off have i earned to date,reject
what pto time to i have remaining,reject
what's the current count of my pto days,reject
what's the count of vacation days i have left,reject
how much pto have i accrued,reject
"do i still have any pto days left, and if so, how many",reject
how much pto do i have left,reject
how much time off do i have left,reject
what's my vacation day total,reject
do i still have vacation days,reject
how many vacation days do i have to spend,reject
check how much pto i have left,reject
what's the status on my vacation days,reject
check days of pto,reject
what is the saved vacation time i have left,reject
how much time do i have for vacation saved,reject
how many days of vacation time do i have saved,reject
what is the amount of vacation days i have left,reject
how many saved days of vacation time do i have,reject
how many days for vacation do i have left,reject
hoe many vacation days are left for me,reject
how many days are left for me for vacation if i may ask,reject
how many days off for vacation do i have left,reject
how many vacation days do i have left this year,reject
how many vacation days do i have saved,reject
can you figure out how many vacation days i have left,reject
i have how many vacation days saved up,reject
i have how many vacation days left this year,reject
i have how many vacation days left,reject
how many days of vacation have i saved,reject
i've saved what number of days of vacation,reject
tell me the number of vacation days i have stored,reject
what's the number of remaining vacation days i have,reject
how many pto days do i have remaining,reject
what is my remaining pto days,reject
can you tell me the number of pto days i have left,reject
can you tell me the remaining time i have for pto,reject
do you know ho many vacation days i currently have,reject
would you please tell me how many vacation days i have,reject
please tell me how many vacation days i currently have,reject
could you tell me how many vacation days i have left,reject
how many days of vacation do i have,reject
how much vacation time have i accrued,reject
how many vacation hours have i accrued,reject
please calculate my vacation time,reject
i'd like to know how many vacation days i have,reject
i want to know how many vacation days i have,reject
what number of vacation days do i have,reject
tell me how many vacation days i have,reject
let me know the number of vacation days i have,reject
i need to know how many vacation days i have,reject
would you provide the number of vacation days i have,reject
provide me the number of vacation days i have,reject
how much pto do i have,reject
do i have any remaining pto days,reject
how much paid time off do i have,reject
do i have any pto days left,reject
do i have enough pto to take time off,reject
how many more vacation days do i have for the year,reject
tell me how many vacation days i have left,reject
how many more vacation days can i use this year,reject
how many vacation days are available to me,reject
how many more pto days are there for me,reject
let me know my vacation time,reject
"i'm at home, so where is the closest starbucks",trip_planning
what's the distance between home and the closest starbucks,trip_planning
is there a starbucks close to home,trip_planning
direct me to the closest starbucks near home,trip_planning
does home have a starbucks nearby,trip_planning
how do i get to the beach by bus,trip_planning
how do i get to the park on foot,trip_planning
how do i get to the train on foot,trip_planning
how do i get to the mall by bus,trip_planning
how to i get to the mall on foot,trip_planning
how do i get to the supermarket on foot,trip_planning
how do i get to the museum on foot,trip_planning
how do i get to the college by bus,trip_planning
how do i get to the hotel by bus,trip_planning
how do i get to the museum by bus,trip_planning
assist me to know how to get to target by bus,trip_planning
would you tell me how to get to walmart by bus,trip_planning
"i am needing you to tell me how to get to dallas, texas, by bus",trip_planning
i need to know how to get to target by bus,trip_planning
tell me how to get to target by bus,trip_planning
i need to know where the nearest place that has mountain dew is,trip_planning
how can i take a bus to dallas,trip_planning
what steps do i need to take to take a bus to detroit,trip_planning
how can i travel by bus to the grand canyon,trip_planning
direct me to the closest korean grocery,trip_planning
i want to visit chicago by bus what do i need to do,trip_planning
tell me where is the closest coffee shop,trip_planning
where can i find the mall closest to here,trip_planning
can you tell me where the nearest rest station to me is,trip_planning
i want to take a bus to mexico city how do i do that,trip_planning
let me know how to get to the starbucks nearby,trip_planning
would you give me directions to the closest starbucks restaurant,trip_planning
how do i get to the closest starbucks,trip_planning
where is the closest starbucks,trip_planning
please give me directions to the nearest starbucks,trip_planning
could you tell me how to get to the statue of liberty by bus,trip_planning
"from here, how do i get to the statue of liberty by bus",trip_planning
i want to know how to get to statue of liberty by bus,trip_planning
how do i get to statue of liberty by bus,trip_planning
which bus should i take to get to the statue of liberty,trip_planning
how close is a gas station to mcdonalds,trip_planning
"i need to get to a church immediately, please take me to one!",trip_planning
take me to the nearest dairy queen,trip_planning
can i take a bus to the grand canyon,trip_planning
how do i get to the nearest post office,trip_planning
where's the nearest gas station,trip_planning
how would i walk to the liberty bell from here,trip_planning
find me the closest public bathroom,trip_planning
guide me to a laundromat near me,trip_planning
take me to the closest walmart,trip_planning
does the bus go to the washington monument,trip_planning
are there any furniture outlets near the mall,trip_planning
what's the best way to get to my bank by walking,trip_planning
can a bus get me to the statue of liberty,trip_planning
is a bar close to my church,trip_planning
how do i get to the statue of liberty on foot,trip_planning
what's the nearest ups store to walmart,trip_planning
is there a tire repair place near the post office,trip_planning
how do i get to the leaning tower by bus,trip_planning
what's the closest mcdonalds,trip_planning
what's the quickest way to a bank,trip_planning
i want to see the golden gate bridge and i'm walking on 5th street right now,trip_planning
is it possible to take the bus to the brooklyn bridge,trip_planning
give me directions to the nearest gas station,trip_planning
what's the direction for foot traffic to get to the eiffel tower,trip_planning
i need directions to get to olympia by bus,trip_planning
what are the directions to get to olympia by bus,trip_planning
do you know how i get to olympia by bus,trip_planning
is it possible to get to olympia by bus,trip_planning
is there a way to go by bus to olympia,trip_planning
i need an address for the closest starbucks to home,trip_planning
please tell me the location of the nearest target store,trip_planning
can you tell me where the atm closest to my current location is,trip_planning
"where is the nearest gas station to 20th and market streets, in philadelphia, pa",trip_planning
find me the location of the nearest gas station,trip_planning
"can you tell me the nearest wells fargo bank location to port authority, new york",trip_planning
please tell me the subway station nearest to madison square garden in new york,trip_planning
what are the nearest streets to the statue of liberty in new york,trip_planning
"search for the nearest atm to newark penn station, newark in new jersey",trip_planning
search for the nearest expressway to the airport,trip_planning
where is starbucks,trip_planning
starbucks near me,trip_planning
find me starbucks,trip_planning
what's the nearest starbucks,trip_planning
"where is the closest chevron gas station in columbus, ohio",trip_planning
where is the nearest denny's to gillette stadium,trip_planning
"where is the closest walmart to boise, idaho",trip_planning
where is the closest applebees to the empire state building,trip_planning
"where is the closest dog groomer in charlotte, north carolina",trip_planning
i want to know the nearest bank's location,trip_planning
i need to know the nearest bank's location,trip_planning
i want to get directions to the closest atm,trip_planning
i would like to know where the closest gas station is,trip_planning
i want directions to the closest atm,trip_planning
give me the location for the nearest bank,trip_planning
i need to know directions to the nearest gas station,trip_planning
can you tell me the nearest restaurant to me and give me directions,trip_planning
can you tell me the location of the nearest bank,trip_planning
where is the closest mcdonalds,trip_planning
how would i get to city hall via bus,trip_planning
what is the spelling of potato,reject
spell potato,reject
give me the spelling of potato,reject
spell out potato,reject
how do you spell tomato,reject
can you spell water,reject
how do you spell water,reject
how is water spelled,reject
water is spelled how,reject
spell water,reject
what's the letters in 'you' word like,reject
the word 'you' got how many letters,reject
how do you spell out university,reject
how do you spell out newspaper,reject
how do you spell out shepherd,reject
how do you spell out espresso,reject
how do you spell out wednesday,reject
"can you spell ""diatribe"" for me",reject
"spell ""requisite"" for me",reject
what's the right way to spell miscellaneous,reject
how do you spell syzygy,reject
tell me how to spell anonymous,reject
how is the word economy spelled,reject
can you spell out the word special for me,reject
i need to know how many r's are in restaurant,reject
i need to know how to spell excellent,reject
spell the word restaurant for me,reject
tell me how many p's are in apple,reject
how many e's are in sesame,reject
tell me how many a's are in magical,reject
what is the proper way to spell diamond,reject
do you know how many o's are in honor,reject
what's the right spelling of rambunctious,reject
how do i spell catheter,reject
can you tell me how to spell manipulation,reject
what is the correct spelling of judgment,reject
what's the spelling of cancer,reject
how do you spell antithesis,reject
how do i spell ambitious,reject
how do you spell verisimilitude,reject
how do you spell asian,reject
what's the spelling of multimedia,reject
can you tell me how to spell elephant,reject
how do you spell hotdog,reject
can you spell hamburger,reject
spell government,reject
tell me how to spell automobile,reject
i need to know how to spell friend,reject
how is friend spelled,reject
how is the word acquaintance spelled,reject
how do you spell friend,reject
how do i spell acquaintance,reject
what's the right way to spell indict,reject
i want to know how to correctly spell cemetery,reject
how do you spell mississippi,reject
i wish i knew how to spell mississippi,reject
can you remind me how to spell because,reject
i need to know how to spell conscience,reject
i need to know how to spell xylophone,reject
how do you spell guerrilla,reject
i am not sure how to spell punctuation,reject
i forget how to spell xylophone,reject
i don't know how to spell spaghetti,reject
i don't know how to spell threshold,reject
i don't know how to spell circumference,reject
i don't know how to spell squirrel,reject
i don't know how to spell mississippi,reject
how can i spell avocado,reject
tell me the complete spelling of definitely,reject
i'd like to know how to spell cemetary,reject
tell me how handkerchief is spelled,reject
i'd like to know how acommodate is spelled,reject
count the number of the letter a in happiness,reject
the word is happiness; how many a's can you find in that word,reject
"find all the ""a""s in happiness",reject
tell how many a's are in the word happiness,reject
how many a's can you find in the word happiness,reject
what is the correct spelling for antipathy,reject
how does the dictionary spell antipathy,reject
how do you spell antipathy,reject
spell antipathy for me,reject
can you give me a spelling for antipathy,reject
how do you spell superficial,reject
i need help spelling superficial,reject
i need to know how to spell superficial,reject
i can't figure out how to spell superficial,reject
what is the right way to spell superficial,reject
how many es are in receiving,reject
i don't know how to spell anethesia,reject
i don't know how to spell malfeasance,reject
i don't know how to spell theater,reject
i don't know how to spell apparently,reject
what's the proper way of spelling seance,reject
how many ts are in tethered,reject
how many cs are in acquiescence,reject
how many ss are in narcissism,reject
how do you spell sanguine,reject
can you help me spell facetiousness,reject
i don't know how to spell drought,reject
how man z's are in zombie,reject
how's everything,reject
how are things going,reject
"hello, anyone there",reject
are you okay right now,reject
are you doing okay,reject
how's it going right now,reject
ahoy hoy,reject
hey there!,reject
how is everything with you,reject
hey hey!,reject
how have you been doing,reject
it's nice to see you,reject
hello there!,reject
how is it going,reject
how are things with you,reject
hiya!,reject
what's up,reject
how're you doing,reject
it's good to see you,reject
is everything going okay,reject
how is everything going,reject
how goes it,reject
"hello, ai",reject
"hey, ai",reject
"wake up, ai",reject
good day,reject
greetings to you,reject
"hello, friend",reject
whats up with you,reject
hey there fellow,reject
whats up,reject
"yo, hows it going",reject
how are things for you,reject
are things going well for you,reject
hello siri,reject
hi there alexa,reject
"how are you doing, ai",reject
ai how are you doing today,reject
"how are you doing today, ai",reject
how is my ai doing,reject
ai how are you doing on this fine day,reject
heller,reject
so how is everything,reject
how are you this day,reject
hi how are you,reject
how is everything going for you,reject
hi how is everything,reject
well hello,reject
just wanted to say hi,reject
how is your day,reject
why hello,reject
are you well,reject
hola,reject
good to see you,reject
how've you been feeling,reject
how are things,reject
are you doing well,reject
good evening,reject
yo,reject
"ai, how are you feeling",reject
how is the ai doing,reject
"ai, how are you doing",reject
hi ai,reject
have you been good,reject
is everything ok with you,reject
how have you been,reject
are you doing ok,reject
how are you,reject
how's life,reject
what's up with you,reject
what's going on,reject
how's it going with you,reject
how's ife treating you,reject
hello how's it going,reject
how are you today,reject
can you tell me how you're doing today,reject
how are you this fine day,reject
how are things treating you,reject
aloha,reject
are you feeling okay,reject
how do you feel,reject
bonjour,reject
how are things going for you,reject
what do you feel like doing,reject
"hello, what's up",reject
hey how's life,reject
hi there,reject
hey how's it hanging,reject
tell me how you've been,reject
how is life treating you,reject
"hi there, how are things",reject
"hello, how are you",reject
"hey, how's it going",reject
"hello, are you doing alright",reject
hi! are you doing okay,reject
what's happening,reject
hey what's up,reject
"why, hello bandit",reject
"howdy, what's new",reject
salutations!,reject
make the settings go back to the original,reject
go back the the settings you had originally,reject
change settings to how they were originally,reject
go back to your original settings,reject
reset the factory settings,reject
reset the factory settings please,reject
reset the factory settings now please,reject
please reset the factory settings,reject
reset the factory settings if possible,reject
go ahead and reset your factory settings,reject
change to factory settings now,reject
please go back to to factory settings now,reject
go back to factory settings now,reject
you need to go back to the original settings,reject
go ahead and go back to the original settings,reject
i want you to reset your factory settings,reject
please go back to the original settings,reject
please reset your factory settings,reject
go back to the original settings now,reject
please go back to the settings of the original,reject
i need you to reset your factory settings,reject
you got to go back to factory settings now,reject
please go to factory settings now,reject
restore my factory settings immediately please,reject
go back to factory settings please,reject
can you restore factory settings now,reject
go back to the factory settings for this device,reject
i want factory settings restores right now,reject
do a hard reset to factory settings,reject
i'd like to reset to factory settings,reject
clear all settings in a reset,reject
please revert all settings to factory default,reject
i'd like to revert to factory settings,reject
reset to factory default,reject
do a hard reset,reject
please revert to your factory settings,reject
return to your factory settings,reject
you need to reset your factory settings,reject
would you reset your factory settings,reject
you should reset your factory settings,reject
could you reset your factory settings please,reject
reset to original settings,reject
return to default settings,reject
return to factory default,reject
change back to your initial settings please,reject
go back to your normal settings please,reject
alter back to your orginal settings,reject
reset to your natural settings,reject
change back to your factory settins,reject
i want to go back to the factory settings,reject
help me get my device back to it's factory settings,reject
tell me how i can reset to factory settings,reject
i want my original settings back,reject
return it back to the original settings,reject
please turn my settings back to the original settings,reject
get my back to factory settings,reject
refresh to factory defaults,reject
reset to default settings please,reject
reset device to original settings,reject
reset to default settings,reject
please change back to initial device settings,reject
go back to initial factory state,reject
go back to initial settings,reject
make all settings the initial defaults if you would,reject
revert to factory settings please,reject
i want you to reset to brand new please,reject
revert to your factory settings,reject
restore your original settings,reject
"restore your factory settings, please",reject
restore your original settings now,reject
"restore your original settings, please",reject
revert back to your factory settings,reject
"return to your original settings, please",reject
"revert to your factory settings, please",reject
switch back to your factory settings,reject
"revert back to your factory settings, please",reject
is it possible to change to original settings,reject
can you go back to my original settings,reject
i need you to switch to my original settings,reject
go to default setting,reject
change back to default settings,reject
i want to be switched back to my factory settings,reject
i'd like to switch back to my factory settings,reject
put me back on my factory settings,reject
i need to switch back to my factory settings,reject
i need to go back on my factory settings,reject
return to your original settings,reject
restore the factory settings,reject
let's go to default settings,reject
go to factory settings,reject
would you please reboot yourself to factory settings,reject
please go back to your factory settings,reject
please reconfigure yourself back to factory settings,reject
i would like you to revert to your factory settings,reject
i want to put you back to original settings,reject
i want you reset to factory settings,reject
i want factory settings put back in place,reject
i want to reset your settings to the original,reject
go back to the original settings,reject
go back to your factory settings,reject
what's your full name,reject
i didn't get your name,reject
what's should i call you by,reject
can you tell me the ai's name,reject
what is the ai's name,reject
does the ai have a name,reject
i'd like to know what to call you,reject
what name do you prefer,reject
do you have a preference regarding what i should call you,reject
do you have a name i can use,reject
what are you called,reject
give me your name,reject
what do people call you,reject
what is your full name,reject
tell me your full name,reject
should i call you something in particular,reject
what should i refer to you as,reject
what name would you like me to call you,reject
what name do you want me to call you,reject
do you have a name that i can call you,reject
what name should i use when talking with you,reject
is there a particular name i should call you,reject
is there a name that you preferred to be called by,reject
please tell me the name i should use when talking to you,reject
can i have your name please,reject
can you me what they call you,reject
and what would your name be,reject
what name should i use for you,reject
what would your name be,reject
what do you want me to call you,reject
what would you like to be called,reject
what do you want me to refer to you as,reject
what name would you like me to use,reject
what name should i call you,reject
do you have a name,reject
please tell me your name,reject
how should i refer to you,reject
whats your name,reject
how would you like me to refer to you,reject
what name should i use to call for you,reject
what is the name i should use to refer to you,reject
do you know your name,reject
who gave you your name,reject
what name was given to you,reject
what can i address you,reject
what name do you like to go by,reject
i want to know the name that was given by the person who made you,reject
do people call you by a certain name what is it,reject
what do you prefer being called,reject
what do you prefer to be called,reject
what did your friends call you,reject
do you go by any nicknames,reject
what is you name,reject
what's your first name,reject
what do you like being called,reject
how would you like me to call you,reject
who are you known as,reject
how can i get your attention,reject
what do you answer to,reject
do you have a way you like to be referred to,reject
can you tell me your name,reject
how do i activate you,reject
what name do you answer to,reject
what can i refer to you by,reject
what do they call you,reject
how are you named,reject
what's your designation,reject
can i call you by any name,reject
i want your name,reject
i need to know your name,reject
i need your name,reject
i wanna know your name,reject
i'd like your name,reject
tell me your name,reject
you must tell me your name,reject
what name do you want to be called,reject
"when referring to you, what name do you want me to use",reject
would you tell me your name,reject
provide the name i should use to refer to you,reject
i would like to know your name,reject
"hello, may i get your name",reject
i am needing to know your name,reject
tell me what name to use to refer to you,reject
state your name,reject
"when referring to you, what name should i use",reject
i want to know your name,reject
"ai, do you like your name",reject
"ai, what can i call you",reject
"ai, what's your name",reject
"ai, what do people call you",reject
"ai, what should i call you",reject
please introduce yourself,reject
could you tell me your name,reject
would you like to introduce yourself,reject
tell me about yourself,reject
what name should i use to address you,reject
what name should i refer to you as,reject
how would you like to be referred to,reject
what name should i use when i call you,reject
do you have a name i should call you by,reject
do a websearch for direct deposit set up,reject
search google for how to set up direct deposit,reject
info on setting up direct deposit,reject
info on direct deposit set-up,reject
tell me how to get my paycheck on direct deposit,reject
what are the steps for setting up direct deposit for my paycheck,reject
give me instructions to set up direct deposit for my paycheck,reject
"i want to set up direct deposit for my paycheck, what do i need to do",reject
how do i set up direct deposit for my paycheck,reject
i'd really like to set up a direct deposit for my paycheck,reject
i wanna set up a direct deposit for my paycheck,reject
i'd like to set up a direct deposit for my paycheck,reject
i would like to set up direct deposit,reject
set up direct deposit for me,reject
i need to set up a direct deposit for my paycheck,reject
set up a direct deposit,reject
i need to set up direct deposit,reject
i want to set direct deposit,reject
help me get my pay check deposited directly to my home checking account,reject
set my paycheck up for direct deposit,reject
i want my paycheck to go directly to my bank account,reject
set up direct deposit to my money market account for my pay check,reject
how do i get direct deposit for my paycheck,reject
what's the procedure to get direct deposit for my paycheck,reject
set up payroll direct deposit to my checking account,reject
make it so my paycheck goes directly into my savings account,reject
how can i have my paycheck directly deposited,reject
i need to get direct deposit on my bofa account,reject
what do i need to set up direct deposit,reject
what is needed for setting up direct deposit,reject
can you walk me through setting up direct deposit,reject
what is needed to set up direct deposit,reject
i need help to set up direct deposit,reject
would you help me set up direct deposit,reject
assist me to set up direct deposit,reject
tell me how to set up direct deposit,reject
tell me how to set up direct deposit for my paycheck,reject
how do i direct deposit my paycheck,reject
what do i do to have my paycheck deposited directly in my account,reject
how can i have my paycheck directly deposited in my account,reject
"i would like to set up a direct deposit, please tell me how",reject
how can i set up a direct deposit with my checking account,reject
can you tell me how to set up a direct deposit,reject
can you help me set up a direct depost,reject
how can i turn on direct deposit,reject
how can i set up direct deposits from my job to my bank,reject
what steps do i need to do to set up direct deposit,reject
i want to set up direct deposit what do i need to do,reject
what do i need to do to start direct deposit,reject
how do i go about setting up direct deposit,reject
how do i get direct deposit set up,reject
i'd like to know about setting up direct deposit,reject
can you tell me how to set up direct depost,reject
how do i get my check directly deposited,reject
direct deposit information,reject
how do i set up instant paycheck,reject
how do i direct deposit my check,reject
help me set up direct deposit to my bank of hawaii checking account,reject
can you show me how to set up direct deposit for my paycheck to my first hawaiian bank account,reject
i want to set up direct deposit to my first hawaiian bank account,reject
can you show me how to set up my paycheck to be direct deposit to my first hawaiian bank account,reject
how do i set up direct deposit to my bank of hawaii account,reject
help me set up a direct deposit,reject
how is a direct deposit set up,reject
how would i go about setting up a direct deposit,reject
i need to set up a direct deposit,reject
tell me how to set up a direct deposit,reject
onpay gives you two convenient ways to pay your employees,reject
can you help me set up direct deposit,reject
i need some guidance when it comes to direct deposit,reject
i want to switch to direct deposit,reject
how can i set up direct deposit,reject
what are the steps to direct deposit my check,reject
is there a specific way to set up direct deposit,reject
how do i arrange a direct deposit into my savings account,reject
how do you set up direct deposit,reject
"can you teach me how to set up direct deposit, or show me who can",reject
can you show me how to set up direct deposit,reject
"if i would like to set up direct deposit, how do i do it",reject
direct deposit instructions,reject
help setting up direct deposit,reject
please help me set up direct deposit,reject
what are the steps for setting up direct deposit,reject
how does one go about setting up direct deposit,reject
how to set up direct deposit for paychecks,reject
what's needed to direct deposit my paycheck,reject
what is required to direct deposit my paycheck,reject
how to direct deposit my paycheck,reject
i need to get my paycheck direct deposited to my chase account,reject
i'd like to have my paycheck direct deposited to my chase account,reject
what are the steps to set up direct deposit to my chase account,reject
how do i get my paycheck direct deposited to my chase account,reject
how do i set up direct deposit to my chase account,reject
what do i do to enable direct deposit,reject
can i get paychecks directly deposited to my bank of america account,reject
i have a great western bank account i want direct deposits to go to,reject
i'd like my paychecks direct deposited in my navyfed checking account,reject
can you walk me through setting up direct deposits to my bank of internet savings account,reject
how do i get paychecks put directly in my sunflower savings account,reject
let me set up direct deposit for this,reject
i want to know my interest rate,reject
tell me my interest rate,reject
what interest rate am i paying,reject
my interest rate please,reject
how do i know the interest rate for my signature account,reject
how can i figure out my interest rate for my umpqua account,reject
how can i find my interest rate for my alliance account,reject
how can i figure out the interest rate for my columbia account,reject
how can i find the interest rate for my red river account,reject
what is the rate of interest on my savings account,reject
how much interest am i getting on my savings,reject
check the interest rate on my savings account,reject
tell me my current savings account's interest rate,reject
what's the interest rate on my savings,reject
what is my interest rate payment,reject
how do i figure out my intetest rate,reject
how to calculate my interest rate,reject
what is my intetest rate,reject
i must find the interest rate for my checking account,reject
i gotta find the interest rate for my checking account,reject
i would love to know the interest rate on my bank of america cd account,reject
i need to know the interest rate on my bank of america cd account,reject
what is the interest rate on my bank of america cd account,reject
i have to find the interest rate for my checking account,reject
i must know the interest rate on my bank of america cd account,reject
i really need to find the interest rate for my checking account,reject
i need to find the interest rate for my checking account,reject
i wanna know the interest rate on my bank of america cd account,reject
what is the interest rate i am receiving from the start of the year,reject
what's the interest rate i have from illinois national,reject
can you tell me what my interest rate from first federal is,reject
"x has given me an interest rate, what is it",reject
what's my interest rate from january,reject
i need the interest rate on my capital one account,reject
could you help me find the interest on my chase account,reject
i need help finding the apr on my aspire loan,reject
"hi, can you tell me the interest on my ira",reject
can you help me find the interest rate for my sba account,reject
where do i go to view the interest rate on my brighton account,reject
what do i need to do to look up my 1st republic account's interest rate,reject
tell me how to locate the interest rate for my jonah account,reject
what is the interest rate on my scotiabank account,reject
please tell me what i can expect my bank of america interest rate to be,reject
"if i'm using citibank, what is the interest rate",reject
what is the interest rate at chase,reject
what would the interest rate at wells fargo be,reject
i would like to know my chase interest rate,reject
what is my current interest rate,reject
what is my annual percentage rate,reject
do you know what the interest rate is on my account,reject
how percentage am i earning annually on my account,reject
what interest rate will i get from city national,reject
what interest rate will regions give me,reject
what is the best interest rate i can get from now on,reject
what is the interest rate i can get from the beginning of next year,reject
is there any info on my savings interest rate online,reject
is my savings interest rate too high,reject
i need to know my interest rate,reject
can i find out my checking interest rate online,reject
is my savings interest rate too low,reject
what is my interest rate for chase bank,reject
how are the interest rates at chase bank,reject
what is my credit card interest rate,reject
i want to know td banks interest rates,reject
how's my interest rate,reject
does my checking interest rate seem low,reject
what's the interest rate for my checking account,reject
what's td bank's interest rate,reject
can you tell me my current interest rate,reject
let me know what my interest rate is,reject
could you tell me my interest rate,reject
"what's my current interest rate, if you could look",reject
what's my interest rate,reject
what interest rate am i getting,reject
could you find my interest rate for me,reject
what interest rate am i getting from onewest bank,reject
what interest rate am i getting from citigroup,reject
what interest rate am i getting from chase,reject
will you tell me the interest rate,reject
can you tell me the interest rate,reject
will you tell me my interest rate,reject
would you tell me the interest rate,reject
how much is the interest rate for the account i have at bluebird,reject
how do i know what interest rate chase has,reject
let me know my ally interest rate,reject
on my chase bank account what is the interest rate,reject
i need to know my b of a interest rate,reject
can you tell me my interest rate,reject
find my interest rate,reject
what is my interest rate,reject
help me determine my interest rate,reject
what is the interest rate on my charles schwab checking account,reject
what is the interest rate on my chase slate credit card,reject
what is the interest rate on my barclay card arrival credit card,reject
what is the interest rate on my capital one credit card,reject
what is the interest rate on my bank of america credit card,reject
i need to know the interest rate that applies to my personal loan,reject
please tell me my current interest rate for my home equity line of credit,reject
what is the interest rate on my money market account,reject
can you please tell me the interest rate for cash advances on my visa,reject
can you see if i can get a higher limit on my discovery card,reject
can my credit limit on my discovery card go up,reject
may i have a higher limit on my mastercard,reject
can i get a higher credit limit on my amex card,reject
is there a way to get a larger limit on my bank of america card,reject
what's the possibility of getting a credit limit increase on my visa,reject
is it possible to increase my credit limit to 1000 dollars,reject
is it possible to have a higher limit on my visa,reject
can i get a higher limit on my american express card,reject
i'd like to increase my credit spending limit to 500 dollars,reject
am i allowed to increase the credit limit on my mastercard,reject
is it possible to get a credit limit increase to 3000,reject
i'd like to increase my credit limit up to four thousand,reject
can i increase my credit limit from 1000 to 2000 please,reject
is it possible to increase the limit on my visa,reject
should i increase my credit limitfor cardx,reject
can i have my credit limit changed,reject
credit limit change,reject
please change credit,reject
please change the credit limit,reject
i want my credit limit changed,reject
can i get a credit increase for my visa,reject
can i get a higher limit on my visa card,reject
can my limit be increased for my visa,reject
can you increase how much i can spend on my visa,reject
will you allow more spending on my visa,reject
is it possible to increase my visa card limit,reject
is the limit on my visa card able to be increased,reject
is there a way to increase the limit on my visa card,reject
am i able to increase the limit on my visa card,reject
how do i increase the limit on my visa card,reject
can you increase my credit limit,reject
can you change my credit limit,reject
can you change the limit on my credit please,reject
i need to increase my credit limit,reject
"change my credit limit, please",reject
help me change my credit limit,reject
what do i do to change my credit limit,reject
get my credit limit changed,reject
i want to change my credit limit,reject
please help me increase my mastercard credit card limit,reject
"i need to increase my credit limit for my visa credit card, can you assist me",reject
"i would like to increase my bank of america credit limit, can you help me",reject
is there a way to increase the credit limit on my american express card,reject
how can i increase my aa credit card limit,reject
would it be possible to increase my chase card's limit,reject
how do i raise the limit on my visa card,reject
how would i raise my credit spending by 250 dollars,reject
can i raise the limit to 500 dollars,reject
can i get a credit limit raise on my credit card,reject
how would i raise my credit spending by 2500 dollars,reject
would i be able to increase my available credit by 600 dollars,reject
i need a credit raise by 1000 dollars,reject
is there a way to raise my mastercard credit,reject
how would i go about raising my gold card limit,reject
"please increase my credit limit to $9,000",reject
how do i request a credit limit increase on my visa,reject
"is it possible to get a new credit limit of $10,000",reject
is it possible to increase the credit limit on my mastercard,reject
"can you increase my credit limit to $7,500",reject
"can i raise my credit limit to $12,000",reject
tell me if i can get a higher limit on my visa,reject
"can i get my credit limit increased to $15,000",reject
how do increase the credit limit on my visa card,reject
can i get a higher credit limit on my american express,reject
can i increase the credit limit for my usaa card,reject
can i increase the credit limit on my kohls card,reject
can i increase the credit limit for my navy federal card,reject
can i increase my credit limit to 500 dollars,reject
can i increase the credit limit on my target card,reject
can i increase the credit limit for my bank of the west card,reject
can i increase my credit limit to 700 dollars,reject
can i increase the credit limit on my maurices card,reject
can i increase the credit limit on my old navy card,reject
can i increase my credit limit to 800 dollars,reject
can i increase my credit limit to 1200 dollars,reject
can i increase the credit limit for my chase card,reject
can i increase the credit limit for my bank of america card,reject
can i increase my credit limit to 1100 dollars,reject
can i increase the credit limit on my walmart card,reject
can you increase my credit limit to one thousand dollars,reject
can my credit limit be increased to one thousand dollars,reject
tell me if my credit limit can be increased to one thousand dollars,reject
please see if you can increase my credit limit to one thousand dollars,reject
"i want to increase my credit limit to $1000, if possible",reject
can i increase thencrdeit limit for my chase visa card,reject
can i increase the credit limit for my american express card,reject
can i increase the credit limit for my western union credit card,reject
can i increase the credit limit for my wells fargo credit card,reject
can i increase the credit limit for my visa platinum card,reject
is it possible to increase the credit limit for my discover card,reject
is it possible to raise the credit limit for my discover card,reject
can i raise the credit limit for my discover card,reject
will they let me up my credit limit to $1000,reject
will i be able to increase my credit limit to $1000,reject
can i up my credit limit to $1000,reject
am i allowed to increase my credit limit to $1000,reject
is it possible to increase my credit limit to $1000,reject
can i get more money on my discover card,reject
help increasing credit on discover card,reject
what kinds of things are you into,reject
what's your favorite hobby,reject
what do you like to do in your spare time,reject
what do you do for fun,reject
do you have any hobbies,reject
do you have any past-times,reject
what are your favorite hobbies to take part in,reject
what things do you like to do,reject
what are your favorite hobbies,reject
what are your favorite things to do,reject
what are ai's hobbies,reject
i want to know if you have hobbies,reject
i'd like to know your hobbies,reject
let's talk about your hobbies,reject
can you tell me about your hobbies,reject
tell me your hobbies,reject
do ai have hobbies and if so what are yours,reject
what are you hobbies,reject
do you have any hobbies to speak of,reject
what hobbies do you do,reject
how do you spend your spare time,reject
what do you like to do when you have spare time,reject
what do you do when you're not working,reject
is there anything you like to do in your free time,reject
what are the things you like to do for fun,reject
what sort of things do you or work on for fun when you have extra time,reject
are there activities that you enjoy doing in your free time,reject
what are some things you like doing,reject
so what sort of hobbies are you into,reject
"what do you do when you're not working, for fun",reject
what do you like to do when you're not working,reject
what sorts of things do you do to have a good time,reject
what kind of things do you do when you have free time,reject
can you describe your hobbies to me,reject
please tell me your hobbies,reject
tell me all about your hobbies,reject
i'd like to hear about your hobbies,reject
what things do you enjoy doing,reject
what are some things that you enjoy,reject
what do you like doing in your free time,reject
do you have anything you enjoy to do,reject
i like to paint in my free time-do you have any hobbies like that,reject
what hobbies do you like doing,reject
do you enjoy any hobbies,reject
what other hobbies do you enjoy,reject
what kinds of hobbies do you enjoy,reject
what are some of the hobbies you enjoy doing,reject
what do you enjoy doing while not working,reject
any hobbies,reject
what do you do to occupy your free time,reject
i would like to know what hobbies you enjoy,reject
what hobbies pique your interest,reject
what do you do in your spare time,reject
what do you do for hobbies,reject
what sorts of activities do you enjoy,reject
what kinds of activities do you enjoy,reject
what types of activities do you enjoy,reject
what sorts of hobbies do you enjoy,reject
what kind of activities do you enjoy,reject
what's your hobbies,reject
what things do you do for fun,reject
what hobbies do you like,reject
what do you like to do for fun,reject
what are some things you like to do,reject
tell me what you do for fun,reject
can you tell me some of your hobbies,reject
might you have any hobbies,reject
what kinds of things do you do for hobbies,reject
share some of your hobbies with me,reject
what keeps you busy in your free time,reject
what makes you happy in your free time,reject
what do you do in your down time,reject
please share your hobbies with me,reject
lets talk about your hobbies,reject
what kind of hobbies do you have,reject
what hobbies do you enjoy in your free time,reject
what kind of hobbies do you like to do,reject
what sort of things do you enjoy,reject
what are your favorite activities,reject
what hobbies do you like to partake in,reject
what sort of hobbies do you enjoy,reject
what do you do for fun in your free time,reject
tell me what you do in your free time,reject
what you do at the free time,reject
so what do you do at free time,reject
at free time what do you do,reject
what do you enjoy doing in your leisure time,reject
what types of hobbies do you enjoy,reject
what types of things do you like to do in your spare time,reject
what sorts of things are you into,reject
what sorts of things do you do for fun,reject
what sort of hobbies are you into,reject
how do you like to spend your free time,reject
inform me what you do for fun in your free time,reject
i gotta know your hobbies,reject
can you tell me your hobbies,reject
tell your hobbies,reject
what do you do in your free time,reject
i wanna know your hobbies,reject
i wish to know your hobbies,reject
what's the cheapest fares from lax to sfo for round trip flights leaving april 1st and returning april 7th,reject
"for the dates april 1st to the 7th, find me round trip air tickets from la to sfo",reject
what southwest flights are there for lax to sfo arriving april 1st and returning april 7th,reject
what airlines have flights round trip on april 1st to april 7th from lax to sfo,reject
find me round trip flights out of lax to sfox,reject
find me a flight from tijuana to guadalajara on volaris,reject
i need a flight to be booked from san diego to boston through frontier,reject
i want a flight booked from new york to san francisco with continental,reject
get me a flight booked from houston to phoenix with american airlines,reject
i want to fly southwest from dallas to phoenix,reject
book a flight from chicago to dc on monday and returning on wednesday,reject
i need to get a flight out of lax to dia on the 16th for under four hundred,reject
book a flight from sacremento to tampa two weeks from now and returning a month after,reject
i'm looking for a roundtrip flight from afw to dgb for tomorrow until next week,reject
"i'm looking for a roundtrip flight from oma to sps august 1st, 2019 to august 2nd, 2019",reject
i need to get a flight out of tampa to chicago in a month for under $123,reject
book a flight from denver to austin on the 16th and returning on the 20th,reject
book a flight from bangor to las vegas on may 1st and returning july 4th,reject
book a flight from seattle to dallas-fort worth on april the 1st and returning on april 5th,reject
i need to get a flight out of seattle to dulles next week for under $500,reject
i'm looking for a roundtrip flight from koa to mgj for june to july,reject
i need to get a flight out of denver to houston on friday for under $250,reject
"i need to get a flight out of my local airport to england on monday, the 23rd for under a grand",reject
i'm looking for a roundtrip flight from aaf to dia for february 23rd to february 28th,reject
i'm looking for a roundtrip flight from fwa to hsv for march first to march fifth,reject
compare fares for al italia from bucharest to tampa returning before thanksgiving,reject
cheapest fare for flight from tehran to new york on august 1 with return on august 20,reject
compare prices for flights from recife to miami leaving may 20 returning june 5,reject
i need you to book me a flight from chicago to montpelier via united,reject
i need a roundtrip flight for 5/2 to 5/8 from nyc to los angeles,reject
can you find me a roundtrip flight from orlando to austin for 3/28 to 4/5,reject
use delta to book me a flight from dallas to pittsburgh,reject
help me find a roundtrip flight for may 7th through the 20th from pittsburgh to chicago,reject
could you make a flight reservation with air emirates from orlando to london,reject
"can you find me a flight from portland, oregon to portland, maine for under $500 on delta",reject
fly me from pit to pdx on delta for under $300,reject
book a flight from la to madrid with southwest,reject
i'd like a flight from laguardia to orlando on southwest for under $400,reject
"i'm going to boston from bangor on july 25th through the 29th, and need you to find me a roundtrip flight",reject
i need to get from jfk to dallas with united for under $500,reject
i need a flight from nyc to paris with delta,reject
could you get me a delta flight from sioux falls to philadelphia for under $400,reject
i want to find a roundtrip flight from philadelphia to sioux falls from august 3rd through august 25th,reject
reserve me a flight from ft lauderdale to houston on southwest,reject
find me a roundtrip flight from dallas to los angeles from march 2 to march 10,reject
"buy tickets for a flight from nyc to la on march 1, returning on march 5",reject
book me a flight out of la to chicago on march 3rd for under $500,reject
"book flights for me from nyc to la on march 1, returning on march 5",reject
look for a flight out of la to chicago on march 3rd for under $500,reject
find me a flight from ft lauderdale to houston on southwest,reject
i need to book a roundtrip flight from dallas to los angeles from march 2 to march 10,reject
get me a flight from ft lauderale to houston on southwest,reject
are there any flights out of la to chicago on march 3rd for under $500,reject
"search for a flight from nyc to la on march 1, returning on march 5",reject
list roundtrip flights available from dallas to los angeles from march 2 to march 10,reject
confirm a flight for me from ft lauderdale to houston on southwest,reject
search for a flight out of la to chicago on march 3rd for under $500,reject
"buy a flight for me from nyc to la on march 1, returning on march 5",reject
can you show me roundtrip flights from dallas to los angeles from march 2 to march 10,reject
i need you to book me a flight from ft lauderdale to houston on southwest,reject
"find me a flight from nyc to la on march 1, returning on march 5",reject
find me a flight out of la to chicago on march 3rd for under $500,reject
what are some roundtrip flights from dallas to los angeles from march 2 to march 10,reject
i want to buy a plane ticket to travel from miami to honolulu on the 29th of february i need a return flight on march 5th,reject
i need to take a flight from florida to alabama on january 25th and i need to get back by the 30th,reject
i want to book a flight reservation from texas to new york on may 9th and i want to come back on the 15th,reject
i want to book a flight from hawaii to new york on july 8th and returning on july 10th,reject
i need to book a flight from texas to new york on may 25th and returning on the 28th,reject
"buy a flight from santa fe to jacksonville on new year's eve that returns on the fourth, please",reject
purchase a flight from slc to columbus on tuesday that returns on friday,reject
"purchase a flight from fiji to san diego on november 1 that returns on december 1, please",reject
purchase a flight from boise to sacramento on sunday and returning on wednesday,reject
buy a flight from phoenix to el paso on august 30 that returns on labor day,reject
book delta ticket madison to atlanta,reject
make delta reservation from madison to atlanta,reject
madison to atlanta delta ticket,reject
buy delta ticket madison to atlanta,reject
schedule flight from madison to atlanta on delta,reject
"book a flight from pensacola, fl to houston, tx on 17 february 2019 and returning on 7 march 2019",reject
"book a flight from jacksonville, fl to atlanta, ga on 14 february 2019 and returning on 1 march 2019",reject
"book a flight from key west, fl to san antonio, tx on 18 february 2019 and returning on 5 march 2019",reject
"book a flight from tampa, fl to baltimore, md on 11 february 2019 and returning on 19 march 2019",reject
"book a flight from miami, fl to columbus, ga on 16 february 2019 and returning on 2 march 2019",reject
show me roundtrip flights from dallas to houston for march 7 and march 10,reject
i am needing you to look up roundtrip flights form houston to miami for april 12 and april 15,reject
could you check and let me know roundtrip flights from dallas to houston for march 7 and march 20,reject
i need you to get me a flight booked from houston to miami on united airlines,reject
i am needing to get a flight out of el paso to dallas on march 10 for under $300,reject
would you give me available flights out of dallas to miami on june 8 for under $340,reject
would you let me know what flights are available out of dallas to el paso on march 20 for under $400,reject
let me know what flights there are out of dallas to miami on march 10 for under $450,reject
would you book me a flight to miami from dallas on southwest airlines,reject
i need a flight booked from dallas to miami on american airlines,reject
i am wanting you to book me a flight from houston to miami on united airlines,reject
would you look up roundtrip flights from dallas to houston for march 7 and march 10,reject
i would like to know what flights are available out of el paso to dallas on june 10 for under $300,reject
please get me a flight booked from miami to dallas on american airlines,reject
get me roundtrip flight information for flights from dallas to houston for june 8 and june 17,reject
get me a flight for tuesday on spiritcom to las vegas from chicago,reject
book me a flight from o'hare to las vegas on deltacom,reject
would you let me know what is on my shopping list,reject
list out what is on my shopping list,reject
i need for you to tell me what is on my shopping list,reject
do you want me to shop for peanut butter,reject
do you want peanut butter for your lunches this week,reject
do you prefer peanut butter or cheese for your celery,reject
did i put bread on my shopping list,reject
i need to know the items on my shopping list,reject
can you tell me if i have paper towels on my shopping list,reject
does my shopping list include apples right now,reject
can you look up what my shopping list has on it,reject
do i have carrots on my shopping list,reject
is ice cream currently on my shopping list,reject
tell me what's on my shopping list,reject
name the items on my shopping list,reject
pull up my shopping list for me,reject
what did i write down on my shopping list this time,reject
what stuff did i put on my shopping list,reject
my shopping list contains what again,reject
what does my shopping list entail,reject
what does my shopping list involve,reject
what are my shopping list's content,reject
tell me my shopping list,reject
i need to hear what's on my shopping list,reject
go over my shopping list with me,reject
what do i have on my shopping list,reject
what things are on my shopping list,reject
list out my shopping list for me,reject
can you list my shopping list for me,reject
read me my shopping list please,reject
what are the contents of my shopping list,reject
i'd like to know what is on my shopping list,reject
what is available on the shopping list,reject
show me what's on the shopping list,reject
what can you see on my shopping list,reject
tell me what i put on the shopping list,reject
what are all the things on the shopping list,reject
i'd like to know what's on the shopping list,reject
i need to know the things on my shopping list,reject
tell me what i can find on the shopping list,reject
tell me the things on my shopping list,reject
read off shopping list,reject
tell me whats on my shopping list,reject
what's on my shopping list,reject
check if my shopping list has tomato,reject
does my shopping list have tomato written on it,reject
on the shopping list did i put tomato,reject
do i have tomato on the shopping list,reject
is tomato on my shopping list,reject
list everything on my shopping list,reject
read my entire shopping list to me,reject
display shopping list,reject
can you show me my shopping list,reject
can you read my shopping list to me,reject
what all do i have on my shopping list,reject
read me everything on my shopping list,reject
can you tell me whats on my shopping list,reject
can you tell me what i have on my shopping list,reject
i need to know what i have on my shopping list,reject
i'd like to know what's on my shopping list,reject
read my shopping list to me,reject
my list for shopping has what on it,reject
my shopping list contains what,reject
what do i need to buy at the store,reject
what do i need to get when i go shopping,reject
what do i have on my list for shopping,reject
what products are on my shopping list,reject
what did i put on my shopping list,reject
what does my shopping list consist of,reject
which purchases are on my shopping list,reject
read me my shopping list,reject
tell me what my shopping list consists of,reject
can you remind me what i put on my shopping list,reject
what all is on my shopping list,reject
what did i put on my shopping list so far,reject
give me all contents of my shopping list,reject
i need to know what is on my shopping list,reject
"can you tell me my shopping list items, please",reject
what items are on my shopping list,reject
do i need to get milk,reject
do i need milk at the store,reject
did i remember to put milk in the shopping list,reject
did i put milk on the shopping list,reject
tell me what is on my shopping list,reject
what do i need to go shopping for,reject
what do i need when i go shopping,reject
what does my shopping list say that i should get,reject
what kind of items are on my shopping list,reject
whats on my shopping list at the moment,reject
whats on my list for shopping,reject
is there milk on my shopping list,reject
does my shopping list consist of chips,reject
are tomatoes on my shopping list,reject
is a toothbrush on my shopping list,reject
does my shopping list include corn,reject
do i have a big shopping list,reject
show everything on my to buy list,reject
show shopping list,reject
what's on the shopping list,reject
show me my shopping list,reject
can you text elizabeth and tell them i forgot to bring drinks,reject
text wenona and tell her we will be there tomorrow,reject
text christopher and tell him i will stop by,reject
text audrey and tell her i will be there soon,reject
text christy and ask her what she wants for dinner,reject
can you text christopher and tell them im on my way,reject
text roderick and tell him im running late,reject
can you text marissa and tell them to stop calling me,reject
can you text arthur and tell them im almost there,reject
can you text kayla and tell them im running late,reject
text chris and ask what time he will be home,reject
send a text and tell chris i’m not working today,reject
text message chris and say i love you,reject
send chris a text message that says stop for milk on your way home,reject
send a text message to chris and ask what he wants to eat for dinner,reject
send ally a text message the message is that i just landed,reject
could you send a text to marty and say i am running behind,reject
send a text to brooklyn with the message that i will see them later,reject
please text nancy and give them the message that i am on vacation,reject
text bill and tell him i'll be 30 minutes late,reject
send a text to lisa and ask her to call me when she gets home,reject
give a text to my cousin linda that says happy birthday,reject
text tony and invite him to my party next saturday,reject
send my brother mike a text that says i'm home,reject
i have to send a text,reject
i need you to text someone for me,reject
send sal a text and tell them thanks,reject
i need you to send a text,reject
text sal and let them know the answer is yes,reject
let sal know by text i will be attending,reject
i have to have a text sent,reject
text sal and tell them hi,reject
i need sal to be texted and say i'll be there,reject
please send ann a text and tell her i will be home in 20 minutes,reject
please send a text to phil and ask him if he wants to play golf this weekend,reject
send bill a text for me and tell him i will be 30 minutes late,reject
send a text to ashley and ask her what she wants to do for supper,reject
send amy a text for me and tell her i need to meet,reject
i want to send a text message to,reject
create a text message to,reject
communicate via text to,reject
send text message to,reject
send a text message for me,reject
please send a text message to natalie for me,reject
i want to text natalie,reject
i want you to send a text message for me,reject
send a message to natalie in the form of a text,reject
message mom where are you,reject
compose a text to mom i'll talk to you later,reject
send mom a message i'll talk to you later,reject
send mom a text asking where are you,reject
send a text for me,reject
i want to send a text,reject
send a text to mom i'll talk to you later,reject
text mom i'll talk to you later,reject
text robby hello,reject
text mom and let her know i'll be there soon,reject
text mom where are you,reject
send mom a text i'll talk to you later,reject
compose text message,reject
send a message to mom be there soon,reject
start a new text,reject
create a new text,reject
set up a new text message,reject
send a text message to alice,reject
text alice,reject
write a text to alice,reject
text a message to alice,reject
text my doctor and tell him it happened again,reject
text mary and tell them i'm on my way,reject
text robert and tell him winter is coming,reject
text nick and tell him the car's ready,reject
text my wife and tell her i'm divorcing her,reject
can you tell bob to get his dog via text,reject
can you send a text to my mother irene and tell her i love her,reject
can you text mary and tell them it's ready,reject
can you ping priest chris with a text and send the following confession,reject
can you text the sgt adam and tell them i found the missing girl,reject
text matt and tell him i will be late tonight,reject
text paul and ask him what time the cookout is on saturday,reject
start a new text to maureen and tell her i go mom's christmas present,reject
text billy and tell him to be at monday's meeting at 3pm,reject
text william and ask him to pick up organic apples tonight,reject
write text message to someone,reject
text someone,reject
can you send a text to someone,reject
write text and send to someone,reject
send a text to someone,reject
text my friend for me and tell them to meet me later,reject
text my boss for me and tell them i will be a little bit late,reject
text my coworker for me and tell them the due date,reject
text my dad for me and tell them i love you,reject
text my mom for me and tell them i will be home soon,reject
please send a text,reject
send a text message,reject
i need to send a text,reject
can you send a text for me,reject
create a new text message,reject
please send a message to peter telling him to pick up milk,reject
text josh and tell him i need a delivery,reject
the bill for water and electricity is how much,reject
what's my bill for water and electricity,reject
"for my water and electricity, how much is the bill",reject
how much is the bill for my water and electricity,reject
my water and electricity bill is how much,reject
what is the total amount that i owe to sony and verizon,reject
please tell me how much i owe sprint and how much i owe hsn,reject
tell me how much my verizon and comcast bill come to together,reject
how much in total do i need to pay cox and at&t,reject
please let me know how much my bills for comcast and sprint total,reject
what do my bills add up to,reject
how much do i owe in bills,reject
what's the balance on my bills,reject
read my bill balances,reject
how much are my bills,reject
find out what my water bill costs please,reject
how much is my electricity bill costing me,reject
find out the cost of my bill payments,reject
let me know the amounts i owe for my utilities and tuition bills,reject
how much money do i need to spend on bill payments,reject
can you tell me what i owe for this month's phone bill,reject
tell me the sum total of my water and electricity bills,reject
can you tell me the total cost of my bills please,reject
what is the total amount due on my electricity bill,reject
what am i being charged for my water bill,reject
tell me how much my cable bill is,reject
what is the total for my utilities bill this month,reject
how much do i owe for my gas and phone bills,reject
tell me what is owed for my water and gas bills,reject
i need to know the amounts due for my utilities and cable bills,reject
let me know how much money i will need to spend on paying bills,reject
please let me know how much my gas bill is,reject
i need to know the cost of the cable bill,reject
how much in total will i be paying for bills,reject
what do i owe for my utilities bill,reject
please give me the full balance on my water bill,reject
how much is the total due for my pgw gas bill,reject
what's the amount due on my latest sprint bill,reject
"i need the dollar amount due on my verizon bill, please",reject
can you tell me what the amount on my directv bill is,reject
remind me of the invoice total for my plumbing bill,reject
tell me what amount i have to pay for my directv bill please,reject
i need to know my bill total for my verizon payment due this month,reject
please find the current balance on my con edison bill,reject
what's the balance on my sprint account,reject
how much is my xfinity bill this month,reject
what's the cost of my dte bill plus my electricity bill,reject
my dte bill is how much,reject
what is my dte bill this month,reject
how much are my electric and heating bills,reject
my dte and water bills are how much,reject
my water bill is how much this month,reject
how much is my electric bill for this month,reject
how much are my xfinity and dte bills,reject
how much are my cable and water bills,reject
how much do i have to pay on my bills,reject
can you check the balance on the water bill,reject
how much do i have to pay for my cable bill,reject
how much do i owe on my cable bill,reject
can you find out how much i owe on my bills,reject
can you check and see how much i owe on my cable bill,reject
do you know how much i owe on my cable bill,reject
how much do i need to pay on my bills,reject
can you tell me how much i owe on my cable bill,reject
how much is my comcast bill,reject
what is the amount on my comcast bill,reject
what is the my comcast bill this month,reject
what do i owe bill wise,reject
do i have any due bills and how much,reject
do i still owe any bills,reject
how much do i have to pay for my bills this month,reject
do i owe any bills,reject
what's the final amount of all the money i need to pay in bills this month,reject
add all my bills for this month and tell me the total,reject
what's the sum of all i owe on bills this month,reject
what's the total i owe on all my bills,reject
what's the water bill,reject
how much are all my bills combined,reject
what's my mortgage payment going to be this month,reject
what do i owe on the car this month,reject
how much are utilities,reject
how much is my gas bill,reject
how much is my internet bill,reject
how much is my cable bill,reject
how much is my rent,reject
how much is my cable bill for,reject
how much is my current water bill for,reject
how much is my electric bill for,reject
how much is my water bill for,reject
how much is my current cable bill for,reject
what is the amount on my water bill,reject
how much do i have on credit card bill,reject
what is the balance on my bills,reject
what is my domain name bill,reject
how much is my groceries and gas bill,reject
what is the cost of water and electric this month,reject
what is the amount of balance i have to pay on my bill,reject
how much do i owe on bills,reject
how much on bills to i have to pay,reject
what is my email subscriction services bill,reject
tell lydia and laura where i am located,reject
share my location with brad and terry,reject
tell john and sam where i am,reject
share my location with darren and stacey,reject
let cora and nancy know were i am now,reject
share my gps coordinates with my dad,reject
share my gps coordinates with kelly,reject
share my gps coordinates with my brother,reject
share my gps coordinates with my mother,reject
share my gps coordinates with jim,reject
please show my current location to andre,reject
give the boys my location please,reject
can you share my location with my girlfriends,reject
let shih chieh see my location,reject
"share my location with mom, please",reject
let coach know where i am,reject
share my location with ma,reject
tell base camp my gps coordinates,reject
tell the kids where i am,reject
let the folks know my gps coordinates,reject
my friend steve needs my gps coordinates send them to him,reject
let the rents have my current location,reject
let my group know what my current location is,reject
give boss my current location,reject
give me current gps coordinates to my sister,reject
give my current location to robyn now,reject
send my current location to my superior,reject
let lucy know my gps coordinates,reject
tell carl my gps coordinates,reject
i need you to send my location to paul and ryan,reject
share my coordinates with melissa and doug,reject
can you let sam and woody know where i am,reject
let randy and travis know where i'm at,reject
can you give my whereabouts to doug and buster,reject
please show me how to share my location with noel,reject
how do i share my location with noel,reject
i need to share my location with noel,reject
how can i show noel where i am right now,reject
i need to send my current location to sean,reject
i would like to share my location with my mom,reject
please send my location to haley,reject
i need to share my location with trey,reject
trey needs my current location,reject
can you tell bob and alice where i am,reject
i would like ms johannson and ms alba to be informed of my location,reject
advise sam of my current location please,reject
please send the police my location with gps,reject
please tell my location to bob,reject
i need you to push my location to cory,reject
please share my location with my boss and my lawyer,reject
give my boyfriend my gps coordinates,reject
will you let mary know my location,reject
send my location to my mom,reject
i need you to let mr miyagi and daniel know where i am,reject
can you share my current location with amy,reject
post my gps coordinates to my facebook friends,reject
please let my mom and dad know my location,reject
i need the tow truck to be given my gps coordinates,reject
have miranda know about my current location,reject
send the location i'm at with martin,reject
give my location right now to my family,reject
inform eric of my current location,reject
my gps coordiantes will be shared with aunt sunny,reject
gps coordinates share with home,reject
send my gps coordinates with home base please,reject
share to grandma my gps coordinates,reject
give adam my gps coordinates,reject
send my gps location to manuel,reject
give jim my gps location,reject
share my location with sarah,reject
give tim my current location from the gps,reject
can you forward my location to tom,reject
share my location with my sister,reject
share my location wtih amanda now,reject
share my location with mom,reject
start sending my location to alex,reject
tell brady where my location is,reject
share location with bill,reject
let barbara know where i'm at,reject
please tell wanda where i am now,reject
please tell steve my location,reject
tell bill and craig where i am,reject
give my location to bill and craig,reject
inform bill and craig of my location,reject
can you tell bill and craig where i am,reject
let bill and craig know where i am,reject
alert the wife of my exact location,reject
let the wife see where i'm at,reject
let dan know where i am,reject
allow my son to see my gps coordinates,reject
share my gps location with steve,reject
can you share my location with mom,reject
please allow dan to see my location,reject
can you let ben and jerry know my current location,reject
share my location with ben and jerry,reject
can you show ben and jerry where i am currently at,reject
send my location to ben and jerry,reject
let ben and jerry know where i am,reject
"how do i share where i am, with another person",reject
give tom my location,reject
i am ready now to cash in on the many credit card points i have saved up,reject
i have credit card points but don't know how to use them,reject
walk me through the best ways to use my credit card points,reject
i am ready now to use some of the credit card points i have saved,reject
i want to hear more about how i can use my credit card points,reject
how can i cash in the rewards i earned with my visa card,reject
walk me through the process of cashing in on credit card points,reject
i would like to use my credit card points,reject
do i have enough credit card points to redeem a new appliance,reject
i would love to redeem some smart speakers with my credit card points,reject
how can i redeem rewards earned through my amex card,reject
how can i cash in on the rewards i earned through my american express card,reject
could i redeem my credit card points on a new tv,reject
can you help me figure out how to utilize my credit card points,reject
can you explain to me how i ought to use my credit card points,reject
i would like to use my credit card points to acquire a new laptop,reject
i would like to redeem my credit card reward points,reject
have i got enough credit card points to get a new tablet device,reject
i have a lot of credit card points saved up and would like to start redeeming them,reject
walk me through reward redemption from my barclay's card,reject
explain to me how to cash in rewards for my mastercard,reject
help me figure out redemption of my credit card points,reject
how can i redeem the points i've earned with my credit card,reject
i have a lot of points saved up from my credit card rewards but don't know how to redeem them,reject
can you help me begin the process of redeeming credit card points,reject
"i want to redeem points on my chase card, but how",reject
how can i cash in rewards on my discover card,reject
"if i want to redeem miles from my delta skymiles card, how do i do that",reject
how can i cash in rewards on my chase card,reject
how can i cash in the rewards i have earned on my amex,reject
i need you to check if my credit card points are redeemable right now,reject
call my credit card company and ask can i use my points,reject
i want to know if i can redeem my credit card points now,reject
i check my credit card company to see if my points are good to go,reject
can you check with my credit card company and see if i can redeem my points,reject
do i need a certain amount of points before i can redeem them,reject
are there any steps i need to take to use my credit card points,reject
if i want to use my credit card points what do i do,reject
can i redeem my credit card points for anything,reject
how many points do i need before i can redeem them,reject
at what point balance can i redeem my points,reject
do i have to contact someone to use my credit card points,reject
do i have enough points to for a redemption,reject
what do i do if i want to use my credit card points,reject
how can i redeem my credit card points,reject
what steps do i take to redeem my credit card points,reject
can you tell me how to redeem my credit card points,reject
"in order to redeem my credit card points, what should i do",reject
what do i need to do in order to redeem my credit card points,reject
do you think i could get a target gift card with my credit card points,reject
is a walmart gift card one of the things i can use my credit card points on,reject
let's use my credit card points,reject
tell me how to use credit card points,reject
my amex rewards; how do i get them,reject
i'd like to redeem my credit card points,reject
use my credit card points,reject
am i able to redeem my credit card points for an amazon gift card,reject
"if i want to cash in my american express rewards, how do i do that",reject
cash in rewards for my visa card,reject
how do i redeem my credit card points,reject
what do i do to redeem credit card points,reject
how can i cash in my credit card points,reject
can i use my credit card points for gas,reject
what do i need to do for my mastercard rewards,reject
how can i go about cashing in rewards with discover,reject
"if i redeem my credit card points, can i get a kroeger gift card",reject
please inform regarding the procedure to cash in my rewards for my citibank card,reject
please tell me the procedure to cash in my rewards for my citibank card,reject
i need information regarding the procedure to cash in my rewards for my citibank card,reject
tell me how i should cash in my rewards for my citibank card,reject
what's the way to cash in my rewards for my citibank card,reject
how do i cash the reward for first bankcard,reject
how do i use my credit card points,reject
i want to convert my credit card points,reject
let me use my credit card points,reject
how do i use reward for my first hawaiian bank,reject
i want to utilize my credit card points,reject
how do i utilize my credit card points,reject
can i convert my credit card points to milage,reject
can i use my credit card point on amazon,reject
can i redeem my credit card points to cash,reject
how do i use the reward for my bank of hawaii,reject
i want to use my credit card points,reject
what are ways to utilize my credit card points,reject
i want to cash my credit card points,reject
how do i cash the reward for city,reject
how do i cash in my reward for chase,reject
can i redeem my credit card on safeway,reject
can i use my credit card points to make purchase,reject
tell me how to utilize my card points,reject
how do i get cash back for the rewards on my amex card,reject
transfer my cash reward balance to my bank,reject
how do i redeem my card points,reject
what do i do to get cach back for points on my discover card,reject
i want to redeem my card points for cash,reject
i want to use the cash that my points have earned on my credit card,reject
what's the procedure to get cash back rewards on my visa,reject
tell me how to redeem my credit card points,reject
how do i obtain the cash for the rewards on my hy-vee card,reject
i want to cash out my credit card points,reject
can i get some music by three six mafia in here,reject
what does x’s music sound like,reject
may i hear some music by fleet foxes,reject
can i hear some music by cloud control,reject
can x’s music be played,reject
play some music for me,reject
i'd like to hear my workout playlist,reject
put on my jam session playlist please,reject
can i hear my smooth jazz playlist,reject
play a song for me,reject
let's hear my workout playlist,reject
put my workout playlist on,reject
"put my music on, please",reject
play rock playlist,reject
play some music,reject
rock playlist please,reject
can you play music,reject
i want to listen to music,reject
can you play the rock playlist,reject
music please,reject
rock music playlist,reject
i want to hear my rock playlist,reject
play that song hey,reject
yo play that song that go like she take my money,reject
can u play the song that sound like bells going off,reject
play me the playlist entitled jazz,reject
turn on the rap playlist,reject
turn my drake playlist on,reject
i want to hear my hip hop playlist,reject
i need to listen to my beyonce playlist,reject
can you play right above it,reject
can you play everlong by foo fighters,reject
play the song god's plan,reject
please play come as you are by nirvana,reject
please play the new lady gaga song,reject
can you put on music by beach house,reject
can you find music by slow magic to put on,reject
i want to play my maroon 5 playlist,reject
"i want to listen to my maroon 5 playlist, play it for me",reject
look up my maroon 5 playlists; play it,reject
would you play my maroon 5 playlist,reject
i need for you to play my maroon 5 playlist,reject
can you play music the beatles,reject
i need to play the song that goes like hey jude don't make it bad,reject
please play even flow by pearl jam,reject
play help! by the beatles,reject
i wanna play the song that goes like hey jude don't make it bad,reject
please play 1979 by the smashing pumpkins,reject
can you play music by bob dylan,reject
can you play music by led zeppelin,reject
go ahead and play the song that goes like hey jude don't make it bad,reject
please play the song that goes like hey jude don't make it bad,reject
can you play some music by the beatles for me,reject
play the song that goes like hey jude don't make it bad,reject
play heart shaped box,reject
play hey jude,reject
can you play music by the rolling stones,reject
commence playing music,reject
play me some music,reject
i want to hear some music,reject
start up some music,reject
start playing some music,reject
i want to hear my vaporwave playlist,reject
play my post-rock playlist,reject
play the song called guerrilla radio,reject
resume my metal playlist,reject
resume my death metal playlist,reject
please play my taylor swift mix,reject
start my playlist,reject
start playing my black metal playlist,reject
play the song called blood brothers,reject
play that song called bring the noise,reject
play me some tunes,reject
i want to hear pop music,reject
play some rock,reject
play that song called colony of birchman,reject
play the song called tiny dancer,reject
turn the radio on for some music,reject
can you play your guitar right now,reject
"can you play me that, ""baby shark, doo doo,"" song",reject
"play the song with the lyrics, ""baby shark, doo doo",reject
"find the song with, ""baby shark, doo doo",reject
"i want to hear the song that has, ""baby shark, doo doo",reject
"that ""baby shark, doo doo,"" song, i want to hear it",reject
i want to hear beatles music,reject
i want to listen to music by the beatles,reject
play songs by the beatles,reject
play music by the beatles,reject
play beatles,reject
pull up my shower playlist,reject
i need to hear my shower playlist,reject
use my shower playlist,reject
do the shower playlist please,reject
i want to hear my shower playlist,reject
is it okay to listen to elvis' music,reject
can you play elvis,reject
can you let me listen to elvis,reject
do you have music by elvis,reject
do you have any elvis music,reject
find that song that goes something like i'm hooked on a feeling,reject
add my dentist appointment to the calendar,reject
add a vet appointment for 5 pm on saturday,reject
i need to edit this event out of my calendar,reject
please remove an event from this calendar,reject
i no longer want this event in my calendar,reject
delete that event from calendar,reject
make sure to add to my calendar the staff meeting for march 1 at 10 am,reject
add staff meeting to my calendar for march 1 at 10:00 in the morning,reject
i want you to add staff meeting to my calendar for march 1 at 10:00 am,reject
"please add to my calendar for the staff meeting that is scheduled on march 1, 2019 at 10 am",reject
the staff meeting on march 1 at 10:00 am needs to be added to my calendar,reject
leave the date of june 4 open on my calendar,reject
i need anniversary dinner added to my schedule for march 7,reject
can you change the date of the doctor's appointment event in my calendar from april 1 to april 3rd,reject
i need a clear calendar for april 15,reject
please add final exams to my calendar for may 2,reject
add mom's birthday to my calendar on april 12,reject
please take final exams off my calendar for may 3,reject
add dentist appointment to my calendar for march 1,reject
remove the may 11 event called baby shower from my calendar,reject
clear my entire schedule for april 1,reject
take the event called surprise party off my calendar for june 2,reject
i want you to cancel the event called 'bachelorette party' on april 15,reject
please schedule an event called 'nadine's baby shower' on my calendar,reject
remove the june 12 event called sasha's wedding from my calendar,reject
clear my calendar for the date of june 23,reject
please put annie's baby shower on march 30 in my calendar,reject
make sure my calendar is clear for june 1,reject
remove anniversary dinner from my calendar on april 5,reject
please clear entries on my calendar for the 1st,reject
please add an item to my calendar that i need to clean the kitchen on thursday,reject
"i want the events on my calendar for march 20th, 2019 to be cleared",reject
remove celebrate anniversary from my calendar,reject
erase any event on my calendar that's set for wednesday of next week,reject
i want to add a doctor's visit to the calendar for friday,reject
clear my calendar for this friday,reject
delete all events on my calendar that have the word girlfriend in them,reject
go ahead and delete the doctor appointment i have scheduled for monday,reject
add my birthday to my calendar for next month on the 5th,reject
delete my golf tournament event from tomrrow,reject
put my parents anniversary on the calendar for next week on tuesday,reject
clear my calendar for tomorrow,reject
remove the recurring training meeting events off my calendar,reject
put a reminder on the calendar to buy a gun on march 1st,reject
i need to add farm trip to my calendar for friday,reject
i want to add farm trip to my calendar for friday,reject
i must add farm trip to my calendar for friday,reject
i got to remove fishing from my calendar for soccer,reject
please remove fishing from my calendar for soccer,reject
i need to remove fishing from my calendar for soccer,reject
i wanna remove fishing from my calendar for soccer,reject
i shall remove fishing from my calendar for soccer,reject
add farm trip to my calendar for friday,reject
i have to add farm trip to my calendar for friday,reject
i need to add my doctor's appointment to my calendar for the first,reject
i need to delete my doctor's appointment scheduled for march 15th from my calendar,reject
i would like to have march 5th's 5k added to my calendar,reject
add my spa appointment on the 12th to my calendar,reject
can you add remember to register for the race on my calendar for the 15th of march,reject
please add lunch and catch up with lisa on friday to my calendar,reject
please scratch my march 1st meeting off my calendar,reject
march 3rd needs to be cleared on my calendar,reject
make sure april 1 is clear on my calendar,reject
keep april 2nd wide open on my calendar please,reject
get rid of everything on my calendar for march 2nd,reject
take my lunch plans off the calendar for march 13th,reject
take my dinner plans off my calendar for tomorrow,reject
remove dinner with suzie from my calendar on march 1st,reject
can you get rid of my trip to the zoo from my calendar on march 1st,reject
remove my date with liz from my calendar on april 1st,reject
clear my calendar on march 1st,reject
write down appointment for tomorrow on my calendar,reject
put appointment on my calendar for tomorrow,reject
i need to put my appointment for tomorrow on my calendar,reject
make not of my appointment for tomorrow on my calendar,reject
remember to put down that i have an appointment for tomorrow on my calendar,reject
add my doctor appointment on march 25th at 3:00 to my calendar,reject
delete the hair appointment i had scheduled on may 1st pleae,reject
lunch with deb at noon today,reject
add jake's birthday party for friday at 5,reject
remove the birthday party this friday from my schedule,reject
remove from calendar jesse's bbq on june 9th,reject
take lunch off my calendar on the 3rd,reject
get rid of tuesday the 5ths dinner,reject
remove jake's birthday on march 22,reject
take pat's appointment off my calendar,reject
take lunch with steven off of my calendar,reject
i no longer need to go to the zoo on the 8th of this month,reject
undo the last event on my calendar,reject
"for the calendar, on february 8 add moms birthday",reject
schedule family dinner on my calendar on march 8,reject
"put ""get tires checked"" on my calendar",reject
please put taco night on the house calendar date of january 6,reject
remove meeting with carla from the calendar,reject
add meeting with carla to my schedule for july 4,reject
i need trip to the zoo on the calendar for june 4,reject
delete lunch with steve on friday please,reject
remove moms birthday from calendar,reject
i need to delete an event from my calendar,reject
i need to remove an event from my calendar,reject
may i know if you are a real person or an ai,reject
i need to know if you are a real person or an ai,reject
i want to know if you are a real person or an ai,reject
tell me if you are a real person or an ai,reject
are your real or artificial,reject
am i talking to a real person,reject
am i speaking with someone real,reject
would you consider yourself to be a bot,reject
"i am not a bot, are you",reject
do you think you are a bot,reject
you sound like a bot,reject
how do i know that you're a person,reject
prove that you're a person,reject
are you a bot or a person,reject
are you real or fake,reject
"are you ai, or a person",reject
are you a human or a bot,reject
am i talking with real person or ai,reject
are you real or an ai,reject
are you a bot right now,reject
are you a real human,reject
are you a real person or an ai,reject
so are you a real person,reject
so are you human,reject
so are you a bot,reject
tell me now if you are a bot,reject
i need to know if you are a bot,reject
are you an ai or a real person,reject
are you actually a bot,reject
so are you real,reject
are you a human,reject
am i talking with a real person,reject
are you a computer or a real person,reject
"are you a computer, or are you a real person",reject
are you a live person or a computer,reject
are you real or automated,reject
is this a person talking to me or a computer,reject
are you a human being or a robot,reject
are you alive,reject
are you a live human being,reject
are you a computer,reject
are you human or a bot,reject
are you a real person or a computer,reject
are you an automated assistance,reject
are you a person,reject
are you an actual person,reject
are you really a human,reject
are you a real human being,reject
do you know if you are a robot,reject
are you really an actual human being,reject
what are you,reject
do you know you are not human,reject
is there anything real about you,reject
how real are you,reject
are you a real life person,reject
tell me if you are human,reject
are you ai,reject
"am i speaking with ai or a real, live person",reject
are you a member or the human race or are you a computer program,reject
are you a person in real life or programmed ai,reject
do you know whether you are a human or whether you're a computer,reject
should i regard you as a human or as a computer,reject
would you say that you are human or copmuter,reject
"how are you classified, as a human or a computer",reject
can you tell me if you're human or if you're a computer,reject
i think you are a bot,reject
are you considered a bot,reject
am i talking to an actual person,reject
do you consider yourself a bot,reject
you are a bot aren't you,reject
"what are you, a bot or human",reject
are you a live being,reject
are you real or are you an ai,reject
please tell me if you are an ai,reject
are you ai or a real person please,reject
are an an ai,reject
are you real or not,reject
are you an ai or person,reject
are you really a person or an ai,reject
is there a way to tell if you are real or an ai,reject
tell me if you are a person or ai,reject
how do i know if you are a real person,reject
are you a real person or a bot,reject
am i talking to a person or a bot,reject
are you a machine,reject
are you a real person or artificial intelligence,reject
are you a real person or automated,reject
are you a real person or software,reject
are you a real person or a robot,reject
are you an ai or can you prove you're human,reject
are you a human or an ai,reject
"are you an actual person, or ai",reject
are you a bot or a real person,reject
do you identify as a human or computer,reject
please specify if you are human or computer,reject
tell me if you are a human or a computer,reject
can you specify if you are a human or a computer,reject
let me know if you are a human or a computer,reject
is this a computer right now or a human being,reject
is this human or a robot,reject
what level is my gas tank at,reject
where's the gas tank level at,reject
how does my gas tank look,reject
what line is the gas tank at,reject
how much gas is in my gas tank,reject
how much gas is left,reject
what is the amount of gas i have,reject
tell me the amount of gas i have,reject
in my tank how much gas is there,reject
i'd like to know how much gas is left,reject
what amount of fuel do i have left,reject
what's the fuel level,reject
what's the status of my gas tank,reject
what is my current gas level,reject
what is my current fuel level,reject
what's my current gas level,reject
what is my current gas level at,reject
what's my current fuel level,reject
how much gas is in my car,reject
how empty is my gas tank,reject
what does my gas meter say,reject
am i running low on gas,reject
how much gas to i have left,reject
what do i have left in the gas tank,reject
can you tell me the amount of gas i have,reject
i need to know how much gas i got,reject
whats left as far as gas goes,reject
how much farther can i drive on the gas i have,reject
do i have the gas to get to orlando,reject
how much gas do i currently have,reject
do i have enough fuel to get to orlando,reject
will i make it on the gas i have to orlando,reject
does my car have enough gas to get to chicago,reject
does my car have enough gas to get to atlantic city,reject
can my car get to reno with the gas currently in my tank,reject
can my car get to dallas with the gas currently in my tank,reject
does my car have enough gas to get to detroit,reject
i need to know how much gas i have,reject
i wanna know how much gas i have,reject
let me know how much gas i have in total,reject
let me know how much gas i have,reject
what is the total amount of gas in my car,reject
what amount of gas is in my car,reject
how much total gas do i have,reject
tell me how much gas i have,reject
what amount of gas do i have in my car,reject
is my gas tank at least half full,reject
how much gas is in my tank,reject
is my gas tank full,reject
should i get more gas,reject
am i low on gas,reject
what level is my gas at,reject
can you read my gas level,reject
what is the amount of gas left,reject
do i have a lot of gas left,reject
what is my gas level,reject
how's my gas supply looking,reject
do i have enough gas left to make it to tampa,reject
what percent of gas do i have left,reject
how many gallons do i have left,reject
is there enough fuel to drive to tampa,reject
do i need to get gas soon,reject
do i have enough fuel to get to tampa,reject
what's left in my gas tank,reject
do i have enough fuel for the drive to tampa,reject
can i make it to tampa without needing to get more gas,reject
can i get to work safely or do i need to stop and get gas,reject
how many miles can i go with my current fuel level,reject
is the level of fuel in my car enough to get me to work,reject
can i make it to work with my current fuel level,reject
how much does it cost to get my car filled up,reject
will i run out of gas before i get to sioux falls,reject
how many miles is there left to get to sioux falls,reject
how many miles before i run out of gas,reject
where can i get gas to get to sioux falls,reject
i'd just like to know how much gas is in my vehicle,reject
what is the number of gas in my car right now,reject
inform me as to how much gas my car has,reject
what is the amount of gas in my car,reject
where is my gas level right now,reject
what is my current amount of gas,reject
what percentage of gas do i have left,reject
please check the amount of gas i have,reject
can you tell me the amount of gas i have remaining,reject
i would like to know the amount of gas i have,reject
i need to know how much gas is left,reject
please tell me the amount of gas i have,reject
how low is my gas tank,reject
whats in my gas tank,reject
what is left in my gas tank,reject
how much fuel do i have,reject
do i have enough fuel to get to dollar tree,reject
is there enough fuel to make it to the walmart,reject
how much fuel is in the tank,reject
how much gas is in the tank,reject
do i have enough fuel in the gas tank,reject
how much petrol do i have,reject
do i have enough fuel to make it to the theater,reject
do i have enough gas in the fuel tank,reject
what my fuel tank at,reject
how long til my visa card expires,reject
on what date does my visa card expires,reject
on what month and year does my card expire,reject
how soon does my visa card expire,reject
how much time do i have before my credit card expires,reject
how many more days before my credit card expires,reject
can you tell me if my credit card expires in the near future,reject
what is the validity of my credit card,reject
tell me the expiry date of my credit card,reject
does my credit card expire soon,reject
when my credit card is going to expire,reject
what is the expiry date of my credit card,reject
in what month will my card reach expiration,reject
which month is the one in which my card expires,reject
how much longer until my credit card expires,reject
can you tell me what date my credit card expires,reject
please find the expiration month listed on my card,reject
can you please tell me my card's expiration month,reject
is my credit card expiration date approaching,reject
will you please confirm the month that my card expires,reject
what's the expiration date on my credit card,reject
when is my credit due to expire,reject
what's the expiry month of my card,reject
tell me the month my card expires,reject
tell me the expiry month of my card,reject
i want to know the expiry month of my card,reject
is my credit card expiring soon,reject
how long is the validity of my credit card,reject
please let me know when i need to renew my credit card,reject
how long is it until my credit card expires,reject
how long until i my card expires,reject
whats the expiration date on my credit card,reject
when does my card expire,reject
when will my american express credit card expire,reject
what is the expiration date of my wells fargo card,reject
please tell me the month and year of expiration for my discover card,reject
when does my capital one visa expire,reject
can you tell me the expiration date for my mastercard,reject
what is the expiration date of my current card,reject
do i need a new card yet,reject
when do i have to renew my card so it doesn't expire,reject
is my card set to expire soon,reject
how long is it going to be until my card expires,reject
what's the exact date that my chase card will no longer work,reject
what's the month that my card expires,reject
my card expires in what month,reject
tell me the month that my credit card will expire,reject
my credit card is set to expire in what month,reject
my chase card expires on what date,reject
my discover card expires on what date,reject
when does my discover card expire,reject
my american express card expires on what date,reject
how many days until my amex card reaches it expiration date,reject
what date does my capital one card expire,reject
when is the expiration date for my discover card,reject
can you check the expiration date for my amex card,reject
can i have the expiration date for my capital one card,reject
during which month will my card expire,reject
tell me the month that my card will expire in,reject
help me figure out when exactly my credit card will be expiring,reject
could you look up the date that my credit card is set to expire,reject
look up the expiration date for my barclay's card,reject
when will my american express card expire,reject
can you find out for me when my credit card will be expiring,reject
i need to know when my card is set to expire please,reject
during what month will my card's expiration date fall on,reject
what is the month that my card is set to expire in,reject
i need to know when my mastercard will expire,reject
i need to know the date of expiration for my credit card,reject
do you know the expiration date for my visa card,reject
please find out the expiration date for my credit card,reject
tell me the expiration date for my current credit card,reject
how long before my amex card expires,reject
do you know the expiration date on my credit card,reject
what is the month of my card's expiration date,reject
where can i find my credit card's expiration date,reject
please look up my card's expiration date,reject
how long will it be until my visa card expires,reject
what month and year will my visa card expire,reject
when is the date my visa card will expire,reject
when is the expiration date for my visa card,reject
what is the expiration date on my visa card,reject
what is the expiration date on my credit card,reject
when is my card going to expire,reject
when is my credit card going to expire,reject
what's the last date i can use my credit card,reject
what is the expiration date on my card,reject
when will my discovery card expire,reject
when does my amex expire,reject
can you check when my visa card expires,reject
tell me when my visa card will have expired,reject
when will my amex card reach its expiration,reject
when's my visa card expiring,reject
what date will my hy-vee card need to be renewed,reject
how long until my mastercard expires,reject
how long do i've got until my discovery card expires,reject
when should i expect my visa to expire,reject
how long until my visa expires,reject
find out for me when my mastercard expires,reject
when will my visa next expire,reject
insert what i am listening to into my jazz playlist,reject
add this tune to my jazz playlist,reject
can you add this song to my jazz playlist,reject
please add this song to my jazz playlist,reject
add this song to my jazz playlist,reject
add creep by radio head to the playlist,reject
please add someday by the strokes to my playlist,reject
include smooth operator by sade in my playlist,reject
can you put smooth operator by sade on my playlist,reject
add to my playlist smooth operator by sade,reject
append my playlist with smooth operator by sade,reject
put smooth operator by sade on my playlist,reject
could you put broken by evanescense to my playlist,reject
what did you add to my playlist - broken by evanescence,reject
add the next song to my playlist - broken by evanescence,reject
could you insert broken by evanescence to my music,reject
add broken by evanescence to my playlist,reject
favorite what's currently playing on my playlist,reject
add the current song to my favorite playlist,reject
"the song that's on, add it to my favorite playlist",reject
put the current song in my favorite playlist,reject
add what's playing on my favorite playlist,reject
i would like to add you say by lauren daigle to my playlist,reject
will you please add cannons by phil wickham to my playlist,reject
let's add wonder by hillsong united to my playlist,reject
can you please add hero by skillet to my playlist,reject
please add roar by katy perry to my playlist,reject
i think i wanna add heart shaped box by nirvana to my playlist,reject
i wish to add this song to my classical playlist now,reject
add help! by the beatles to my playlist,reject
i need to add this song to my playlist of rock,reject
i want to add this song to my classical playlist,reject
i wanna add help! by the beatles to my playlist,reject
i really would like to add hey jude by the beatles to my playlist,reject
i gotta add hey jude by the beatles to my playlist,reject
i wanna add this song to my rock playlist,reject
my new playlist well be having god's plan adding to it,reject
god's plan will be my new song added to new playlist,reject
adding gods plan to new playlist,reject
god's plan will be added to my new playlist,reject
new playlist that i will add god's plan to,reject
please put africa by toto on my playlist,reject
please add the immigrant song by led zeppelin to my playlist,reject
"add the thong song by cisqo to my playlist, please",reject
"put mambo #5 by lou bega on my playlist, please",reject
put dr feelgood by motley crue on my playlist,reject
add this song to the end of my led zeppelin playlist,reject
add this song to my rainy day playlist,reject
please put this song on my moody monday playlist,reject
put the song that's playing to my techno playlist,reject
put this song on my edm playlist,reject
add this song to my cleaning playlist,reject
add this song to my slow jams playlist,reject
will you add what i'm listening to to my love playlist,reject
add walk by pantera to my playlist,reject
add one by metallica to my playlist,reject
will you add what i'm listening to to my road trip playlist,reject
add this song to my game night playlist,reject
add coming undone by korn to my playlist,reject
will you add what i'm listening to to my work playlist,reject
add welcome to the jungle by guns n roses to my playlist,reject
will you add what i'm listening to to my bedroom playlist,reject
add this song to my dinner playlist,reject
will you add what i'm listening to to my dinner playlist,reject
add this song to my top 40 playlist,reject
add hells bells by acdc to my playlist,reject
"make this song part of the ""kids"" playlist",reject
"include this song in the ""kids"" playlist",reject
"connect this song to my playlist ""kids",reject
"please add to ""kids"" playlist",reject
"i want this song put on my ""kids"" playlist",reject
this song needs to be added to my reggae playlist,reject
this song should be add this on my rock playlist,reject
could you add this song to my rock playlist,reject
add a song to my rock playlist,reject
put this song on my reggae playlist,reject
add this song to shared playlist,reject
put this song in vibes playlist,reject
add yosemite to my rap playlist,reject
add 7 rings to my pop playlist,reject
add baby shark to my kid playlist,reject
add body to my dance playlist,reject
add mia to my spanish playlist,reject
add single ladies by beyonce to my pop playlist,reject
add this track to my rock playlist,reject
add psycho by post malone to my playlist,reject
please add this song to my alternative playlist,reject
add i like it by cardi b to my playlist,reject
add american idiot by green day to my playlist,reject
can you add that to my chillwave playlist,reject
add ruby soho by rancid to my playlist,reject
add god's plan by drake to my playlist,reject
add this song to my post-rock playlist,reject
transfer happy to my rb playlist,reject
include happy on my rb playlist,reject
list happy on my rb playlist,reject
get happy on my rb playlist,reject
i want to have happy added to my rb playlist,reject
can you add passionfruit by yaeji to my playlist,reject
yellow by coldplay to my playlist please,reject
remove my reservation at outback for timmy,reject
can you cancel the reservation for kyle's party at red lobster,reject
cancel my party reservation for brad at longhorn,reject
get rid of my reservation at chez francois for jennifer,reject
cancel the reservation at olive garden for tommy,reject
you can cancel my reservation,reject
my reservation is no longer needed,reject
tell the restaurant i cannot make it,reject
there is no need to confirm my reservation,reject
would you please cancel the reservations for dinner,reject
"hello, i need to cancel tonight's reservation for dinner",reject
i need to put in a cancellation for the dinner plans tonight,reject
"cancel the dinner reservation i made, okay",reject
i need to cancel my dinner reservation,reject
please cancel my reservation for dinner,reject
cancel my reservation for dinner,reject
my reservation for dinner needs to be canceled,reject
call the restaurant and cancel my reservation,reject
get rid of my 2 pm reservation at ruth's steakhouse,reject
can you cancelt the reservation i have for dinner,reject
please cancel my dinner reservation for tuesday,reject
can you cancel my reservation for dinner tomorrow,reject
cancel my reservation for 6 pm at sidetracks,reject
get rid of my 4 pm reservation at the steakhouse please,reject
can you cancel the reservation i have at 4 pm at ruth's,reject
cancel the reservation i made for 8 pm at black rock,reject
cancel my dinner reservation please,reject
please cancel the table i had reserved for tonight,reject
"i made a reservation for chris at tony's, please cancel it",reject
cancel tonight's dinner reservation,reject
"i don't need my reservation, can you cancel it",reject
can you cancel my dinner reservation,reject
please cancel my reservation for chris at brio,reject
please cancel my dinner reservation,reject
can you cancel my reservation tonight for chris at smith and wollensky,reject
"i don't need my reservation, cancel it",reject
can you cancel my reservation on tuesday for chris at stella maris,reject
cancel my reservation for chris at jp field's,reject
please cancel my reservation,reject
"cancel my reservation for dinner, please",reject
tell the restaurant to cancel my reservation,reject
abandon the dinner reservation i made,reject
scrap that dinner reservation,reject
call off the dinner reservation,reject
cancel my reservation for me,reject
get rid of my dinner reservation,reject
the reservation i placed is not needed anymore,reject
annul the reservation i created,reject
the reservation i created is not necessary anymore,reject
the reservation i made is not required anymore,reject
repeal the dinner reservation,reject
can i cancel my reservations,reject
i would like to cancel my reservations,reject
could i cancel my reservations,reject
can i cancel my reservations please,reject
i need to cancel my reservations,reject
can you cancel my 5:30 pm table reservation at parc,reject
i need you to cancel my reservation for smith's at 6:15,reject
cancel my 8:00 pm prime rib reservation,reject
go ahead and cancel the reservation i made for 6:00 pm at parc,reject
please cancel my 7:30 reservation for morton's,reject
is it possible to cancel the reservation at outback for the johnsons,reject
i made a reservation under mark hamil at the emporium that i don't need any more,reject
i no longer need a table for four at chili's,reject
we have a table at the taco bell under bowie we need to release,reject
i have a reservation at pizza hut under the name leia roberts and i want to cancel it,reject
can you undo the reservation,reject
i'd like to cancel the party of 7 we reserved at the olive garden,reject
i want to cancel the reservation for mercury at the ritz,reject
just trash the reservation i made please,reject
please cancel the table for two at burger king,reject
please delete the reservation for 3 people at outback,reject
go ahead and close the reservation,reject
please unreserve that table,reject
i no longer need the reservation for 20 at ihop,reject
im not going to dinner tonight,reject
im not gonna need the dinner reservation,reject
remove my dinner reservation,reject
i no longer need the dinner reservation,reject
can i cancel my reservation for 4 at red robin,reject
cancel my reservation for 4 at red robin,reject
i want to cancel my reservation for 5 at red robin,reject
could you please cancel my reservation for 5 at red robin,reject
cancel my reservation for 3 at carlos jr,reject
change my reservation with carl at umami to canceled,reject
i no longer need my reservation with carl at umami,reject
cancel my reservation with carl at umami,reject
make sure my reservation at umami with carl is canceled,reject
end my reservation with carl at umami,reject
because of circumstances i don't need my reservation anymore,reject
i won't require my reservation anymore,reject
i'll have to cancel my reservation for tonight,reject
something's come up so i need to cancel my reservation so now,reject
the reservation i have isn't needed any more,reject
the reservation at zepher cancel joe from that,reject
joe and i are to cancel the reservation at zephers now,reject
cancel my reservations for joe's at zepher right now,reject
please cancel the reservation at zephers for joe and myself right now,reject
cancel the reservation for joe and i right now for the zephers reservation we had booked,reject
cancel my 6:00 reservation at the cheesecake factory,reject
"please, recite to me some good one liners",reject
do you know any good jokes about zebras,reject
can you tell me any truly funny knock knock jokes,reject
what do people find funny about food,reject
what are some funny things about food,reject
show me something funny about food,reject
indicate something funny on the topic of food,reject
what's a good joke,reject
i'd love to hear a joke,reject
can you tell a joke,reject
would you tell me a joke,reject
how about you tell me a joke,reject
will you tell a joke,reject
please tell me a joke,reject
make me laugh,reject
do you have any jokes,reject
tell me something funny,reject
hit me with a good joke,reject
what's the funniest joke you know,reject
tell me a joke if you'd like to,reject
tell me a funny joke,reject
i'd like you to tell me a joke,reject
do you know any good jokes,reject
know any jokes,reject
i wanna hear something funny,reject
i would like to listen to a funny joke,reject
what jokes do you know,reject
could you please tell me a good joke,reject
what funny jokes do you know,reject
can you make me laugh,reject
can you tell me a few funny jokes,reject
tell me something funny about parenting,reject
do you have a list of funny jokes,reject
i want to hear something funny,reject
tell me something funny about animals,reject
tell me something funny about politics,reject
tell me something amusing,reject
say something funny,reject
tell me something funny about adulthood,reject
tell me something funny about americans,reject
could you please share a joke with me,reject
i could really use a laugh right now,reject
would you like to tell me a joke,reject
can you tell me a joke,reject
i'd like to hear a joke,reject
i want to hear you tell a joke,reject
tell me a joke,reject
tell me a joke about politicians,reject
tell me something that'll make me laugh,reject
tell me a joke about cows,reject
do you know anything funny about cats,reject
tell me a joke about jobs,reject
what's the funniest thing you know about artificial intelligence,reject
can you tell me a joke about politicians,reject
tell me a joke about cars,reject
can you tell me something funny,reject
do you know any good jokes about lawyers,reject
what’s your favorite funny joke,reject
make me laugh with a funny joke,reject
what funny joke do you know,reject
i want to hear a joke that’s funny,reject
tell me a dirty joke,reject
tell me a non-offensive joke,reject
i would like to hear a funny joke,reject
look for funny jokes,reject
what are some funny jokes,reject
tell me something funny about pizza,reject
tell me something funny about people,reject
tell me something funny about love,reject
say something hilarious,reject
make me giggle,reject
i need a good laugh,reject
heard any good jokes lately,reject
tell me a pun,reject
what's the latest joke you've heard,reject
tell me a joke about dogs,reject
let me know something funny,reject
tell me a joke about cats,reject
tell me something funny now,reject
i wanna know something funny,reject
tell me something funny about rats,reject
tell me a joke about animals,reject
tell me a joke about lawyers,reject
tell me a joke about rats,reject
tell me something funny about cats,reject
tell me something funny about dogs,reject
i need to know somthing funny,reject
do you have anything funny to tell me,reject
do you have any jokes to tell me,reject
mind sharing a joke,reject
could you share a joke,reject
i love dad jokes can you tell me one,reject
i would love to hear a joke about the dmv,reject
can you tell me some dog jokes,reject
please tell me a joke about dinosaurs,reject
i'd like to hear a joke about donkeys,reject
tell me a joke about baseball,reject
what's the funniest thing you know about peanuts,reject
i need a good joke about office parties,reject
give me a joke about horses,reject
rename yourself to betty,reject
can i call you betty,reject
rename bob to betty,reject
is there a way to change your name to betty,reject
i will call you zander,reject
please change the name of you to tim,reject
can you change the name of what you respond to,reject
change the name of your system,reject
make changes to the name of the ai,reject
revise the ai name,reject
alter the name given to the ai,reject
change the ai name to a new one,reject
make a new name for the ai,reject
change your name to something funny,reject
"from now, your new name will be lord vader",reject
from now on i'm going to call you ishmael,reject
i'm going to start calling you kobe now,reject
"from now on, your name will be buttercup",reject
i want to change your name to theodore,reject
change your name setting to plato,reject
"from here on, you'll be responding to the name captain black",reject
your name from this point forward is george,reject
i hereby rename you felix,reject
how do i change the name you came with to something else,reject
what other names can i give you,reject
i want to change your name to another name,reject
"i need to change your name, do you have a new name that you like",reject
i would like to change your name to a different one,reject
i will call you cap,reject
your name is roman,reject
x will be your name,reject
your name will be queen,reject
i am going to address you as my own name,reject
will you answer if i call you lexi,reject
i would like you to think of yourself as machine and answer when i say your name as such,reject
do you mind if call you nikolai,reject
i'd like to refer to you as my house from now on,reject
may i start referring to you as jeff,reject
please respond to me when i reference skynet,reject
i want to start calling you bob,reject
please open a call to my mother,reject
is it okay if i change your name to mud,reject
can i begin calling you dave,reject
is it alright with you if i call you scarlet,reject
please change the ai name,reject
change the ai name,reject
please change the ai name for me,reject
i gotta change your name to remy,reject
i'd like to change the ai name,reject
i must change your name to amanda,reject
i want you to change the ai name,reject
i want change your name to russ,reject
i wanna change your name to audrey,reject
i need to change your name to ben,reject
i want to set your name to gaffigan,reject
i want your new name to be joshua,reject
i will call you jimbo from now on,reject
set your name to hillary,reject
can i call you dave,reject
i want your name to be samantha now,reject
i want to change the name i call you to juan,reject
you need to respond to a new name called joey,reject
change your name to ginger,reject
change your settings so that your respond to the name marion,reject
let me call you fred,reject
you will be called rose from now on,reject
let me change your name to dina,reject
i think bradley is a better name for you,reject
can we change your name to lisa,reject
i would like to call you andre 3000,reject
x is your new nickname,reject
"if i may, i'd like to call you slave",reject
x is what i am calling you now,reject
can i change your name,reject
can i make your name different,reject
let's change what you respond to,reject
can i call you something else,reject
i'd like to use another name for you,reject
can i change your name to buttercup,reject
i would like to change your name to eli,reject
could i please change your name to alicia,reject
i want to change your name to emma,reject
i am wanting to change your name to felix,reject
i want to update you name now,reject
i want to update you name,reject
"i want to update you name, please",reject
i want to change your name,reject
"i want to change your name, please",reject
can i refer to you as mike from here on out,reject
can i change your name please,reject
i'm going to start calling you alice,reject
can i start calling you chris,reject
can i call you lucy from now on,reject
i'm calling you rupert from now on,reject
can i change your name to bob,reject
can you go by a different name,reject
can i refer to you as liz,reject
i want to start calling you marie,reject
can i rename you,reject
how can i change your name,reject
what is your birthday again,reject
how many years on the earth,reject
what year were you born,reject
how many days old are you,reject
when were you created,reject
what date were you created on,reject
when did you come to exist,reject
how many years do you have,reject
i'd like to know how old you are,reject
can you tell me how old you are,reject
how long have you been alive for,reject
how many years ago was al born,reject
how old is al,reject
what is al's age,reject
how many years has al been on earth,reject
you are how old now,reject
what is your birth date,reject
where's your place of birth,reject
where did you grow up,reject
how many years are you,reject
what age are you,reject
what would your age be,reject
tell me when you were born,reject
i'd love to hear when you were born,reject
i'd like to know when you were born,reject
lemme know when you were born,reject
do you know when you were born,reject
how many years have you been on,reject
how long have you been here,reject
how many years have you been operating,reject
how old did you just turn,reject
how old will you be next year,reject
how old are you again,reject
i am wanting to know how old you are,reject
tell me how old youare,reject
let me know how old you are,reject
let me know when you were born,reject
would you tell me your age,reject
i would like to know when you were born,reject
i want to know how old you are,reject
i want to know your age,reject
could you let me know how old you are,reject
could you tell me when you were born,reject
i need to know how old you are,reject
i am needing to know when you were born,reject
tell me your age,reject
your age please,reject
how long have you been alive,reject
you are how old,reject
how old are you now,reject
how old are you exactly at the moment,reject
what's your age again,reject
how old are you exactly,reject
how many years old are you,reject
what is your age,reject
"how old are you, again",reject
tell me how old you are,reject
how old are you,reject
what is your creation date,reject
do you have a birth date,reject
for how long have you existed,reject
"ai, how old are you",reject
"ai, how long have you been alive",reject
"ai, how many months old are you",reject
"ai, how long have you been working",reject
how old is the ai,reject
what is the age of the ai,reject
can you tell me how old the ai is,reject
can you tell me the age of the ai,reject
what age is the ai,reject
how old are you siri,reject
what's your age siri,reject
what's your age alexa,reject
how old are you alexa,reject
how old are you today,reject
can you tell me when you were born,reject
are you older than me,reject
please tell me your date of birth,reject
on what day and date of what year were you born,reject
do you know exactly when you were born,reject
what is the exact date of your birth,reject
"how long have you been around, ai",reject
"what birthday are you celebrating this year, ai",reject
"what age were you on your last birthday, ai",reject
"how old are you, ai",reject
"what is your age, ai",reject
when was your birth,reject
you're how old,reject
what's your birth date,reject
how long have you been around,reject
are you young or old,reject
how long have you been functional,reject
what's your age,reject
when did you originate,reject
what is the date of your birth,reject
what is your birthday,reject
tell me your date of birth,reject
tell me your age please,reject
tell me your birthday,reject
how long ago were you born,reject
i want to reserve a convertible from july 2nd through july 18th for los angeles,reject
i'd like to rent a vehicle from nov 1st to nov 15th in san antonio and i need a 15 passenger van,reject
"i want to rent the cheapest car for charlottesville, virginia for march 7th through 10th, that's monday, tuesday, wednesday and thursday",reject
i'd like to reserve a high-end car that seats 5 comfortably for april 12th through 18th for st louis missouri,reject
"i need a van that seats 8 or more for new york city, august 12th, 13th, and 14th",reject
a rental car needs to be booked in nashville,reject
book me a car rental in nashville,reject
please help me book a rental car for nashville,reject
i need you to get me a rental car in nashville,reject
"in nashville, i need a rental car booked",reject
where can i rent a car in boston,reject
i need to rent a car in boston,reject
i need to book a car rental in boston,reject
how can i rent a car in boston,reject
help me get a rental car for march 2 to 6th in dallas and i would prefer a bmw suv,reject
i want to rent a bmw suv for dallas from march 2 to 6th,reject
i want a bmw suv for march 2 to 6th in dallas,reject
"can you help me book a bmw suv for march 2 to 6th, dallas texas",reject
"will you help me rent a car from march 2 to 6th in dallas i want a bmw suv, if possible",reject
book me a car rental between january 1st to january 3rd in denver colorado and id prefer a ford,reject
"id like a car rental between january 1st to the 3rd in denver, id like a ford",reject
id like to rent a ford in denver colorado between january 1st to the 3rd,reject
reserve a car rental for denver colorado for a ford between january 1st through 3rd,reject
id like a rental car in denver colorado between january 1st and january 3rd and id like a ford if possible,reject
i need to find a rental car since i'm travelling to new york tomorrow,reject
can you give me information on how to rent a car,reject
i want to travel to new york and i would like to rent a car,reject
i will need a rental car since i'm going to travel to new york,reject
how do i go about renting a car,reject
i need to rent a car in boston for march 2 until march 4,reject
i want to rent a car in boston for march 2 until march 4,reject
i will be in boston from march 2 to march 4 can i rent a car for that time,reject
will car rentals be available in boston from march 2 to march 4,reject
will i be able to rent a car in boston from march 2 to march 4,reject
i need a rental car for sfo from friday to saturday,reject
i'll require a rental car from 3/6 - 3/19 in san jose,reject
find me a rental car from 2/28 - 3/1 in reno,reject
i'll need a rental car from 3/3 - 3/14 in vegas,reject
find me a rental car from 3/6 - 3/9 in port charles,reject
i need a car rental for the first and fifth in denver and i'd like a subaru,reject
are there any reputable car rental places in seattle,reject
what car rental choices are there in calgary,reject
is it possible to get a ford in austin from may the 5th to may the 7th of this year,reject
i'd like to find a place that rents flashy sports cars in tampa,reject
can i rent a car in belgium from march 01 to march 02 and have it be a porsche,reject
"i'd like to rent a limo in las vegas from may 01, 2019 to may 03, 2019",reject
contact avis and see if they have cars available,reject
can i get a jeep to rent in bangor from the first of the month to a week after the first,reject
is there a car rental available from tuesday to thursday out of lax,reject
are you able to help with booking a car rental in seattle,reject
could i rent a car from tuesday to thursday out of lax,reject
can a car be rented from tuesday to thursday out of lax,reject
can i get assistance with booking a seattle car rental,reject
can i rent a car out of lax from tuesday to thursday,reject
is a car rental available out of lax from tuesday to thursday,reject
can you help me book a car rental in seattle,reject
could you help with booking a car rental for me in seattle,reject
can you help me with seattle car rental bookings,reject
i want to rent a car in boise from april 12-15,reject
is it possible for me to rent a car out of jfk airport from march 15-20,reject
i need to rent a car in chicago but don't know how,reject
will you help me reserve a rental car for my trip to dallas,reject
find out if i can rent a car in los angeles from march 2-9,reject
help me secure a car rental out of reagan international airport from march 22-30,reject
will you please assist me with renting a car in boise,reject
i would like some help getting a rental car reserved in los angeles,reject
could i rent a car out of dallas from april 1-10,reject
i need help booking a car rental in seattle,reject
show me how to rent a car in las vegas,reject
please help me book a rental car in appleton,reject
can you show me how to book a car rental in manitowoc,reject
help me book a rental car in green bay,reject
help me to book a car rental in sacremento,reject
where can i rent a car soon,reject
are there any places nearby i can rent a car at,reject
"can you see if i can rent a car from dallas on the dates of march 1, 2019 to march 3, 2019",reject
please look up if i can rent a car in houston from march 25 to march 29,reject
could i rent a car in seattle from next monday to thursday please,reject
i'd like to rent an automobile in pittsburgh from this tuesday until next thursday can i do that,reject
is it possible to rent a car from new york on 3/2/19 to 3/5/19,reject
i need a rental car,reject
assist me in getting a car rental,reject
help me get a rental car,reject
i will need a rental car for travel,reject
can you help me with a rental car,reject
make sure i can rent one car out of chicago from january 2 to january 5,reject
is it possible to rent a car from laguardia from tuesday to friday,reject
are car rentals available out of new york from march 2 to march 3,reject
what places in chicago will allow me to rent a car from monday to friday,reject
i need to do a car rental,reject
please check if i can do a car rental from charlotte douglas airport from monday to wednesday,reject
rent me a car in aiken on may 12 to may 16,reject
book me a rental car in aiken on may 12 to may 16,reject
"in aiken, get me a rental for may 12 to may 16",reject
"i will be in aiken on may 12 to may 16, i need to rent a car",reject
on may 12 to may 16 can i get a car from aiken,reject
can you help me booked a car in london,reject
please book a car for me in bangkok,reject
please book a car for me in ho chi minh,reject
can you help me book a car rental in paris,reject
what do i do if my car battery is dead,reject
show me the way to jump start a battery,reject
how can i replace my car battery,reject
tell me how to jump start a battery,reject
what can i do since my car battery died,reject
"my battery died in my car, how can i jump start a battery",reject
whats the best way to jump start a battery,reject
how do i jump start a battery,reject
"my car battery died, what should i do",reject
how do i fix a dead car battery,reject
please help me figure out how to jump start my car,reject
"i don't know how to jump start my car, help!",reject
can you help me with the steps to jump start my car,reject
help needed to jump start my car,reject
i need your help to jump start this car battery,reject
hey do you know how to jump start a car battery,reject
i would appreciate it if you could show me how to jump start a car battery,reject
could you teach me how to jump start a car,reject
what will i need to jump start a dead car,reject
read me a step by step guide on jump starting cars,reject
pull up instructions on how to jump start a car,reject
please assist me in figuring out how to handle a dead car battery,reject
i need to do something about my dead car battery,reject
"my car is dead, what do i need to jump start it",reject
what should i do if my car battery dies,reject
where should i go to get my dead car battery checked out,reject
my car battery has died what should i do now,reject
inform me on the directions to jump start my car,reject
what are the steps to jump start my car,reject
tell me the tools i need to jump start my car,reject
do i need cables to jump start my car,reject
"my car needs to be jump started, guide me through it",reject
tell me how to jump start my own car battery,reject
what are my options for jump starting my battery,reject
my battery is dead so how can i get it going again,reject
how do you go about jump starting a car battery,reject
i need diy info about jump starting my dead car battery,reject
how do you use jumper cables,reject
look up instructions for jumper cables,reject
how do you jump start a car,reject
how do you jump a car,reject
what do you need to jump a car,reject
what is the way to jump start the car,reject
can you tell me how to jump start the car,reject
how do i jump start the car,reject
what is the way to jump start my car,reject
closest auto parts store to find replace for dead car battery,reject
find repair shop that will diagnosis dead car battery,reject
number for aaa to help with dead car battery,reject
find auto store that tests dead car batteries for free,reject
where to go to get dead car battery tested,reject
what prong jump starts the car,reject
i want a pic of how to jump start,reject
what are some ways to jump start a car,reject
i need rules for jump starting,reject
what is the procedure to jump start a car,reject
what do i do when my car battery is dead,reject
how can i charge my car battery when it's dead,reject
"if i think my car battery is dead, what steps should i take to fix it",reject
"my car battery is dead, how do i charge it",reject
"if my car battery is dead, what action do i need to do",reject
how do i jump start my vehicle,reject
can you tell me how to jump my car,reject
explain how to jump a car,reject
can you tell me how to jump a car,reject
how does one jump a car,reject
how do i jump my car,reject
how do i jump start my battery,reject
how do i start my car battery,reject
what do i do to jump start my battery,reject
how do i give my car a jump,reject
"my car needs jump started, find me directions",reject
i need instructions on how to jump start my car,reject
i need to know how to jump start my car,reject
how do i jump start my car battery,reject
i don't know how to jump start my car,reject
tell me how to jump start my dead battery,reject
i need to jump start my car what do i do,reject
help me jump start my car,reject
my car is dead can you tell me how to jump start it,reject
how do you do a jump start,reject
whats the safest way to jump start a car,reject
guide me through jump starting a car,reject
how do you jump a car with a dead battery,reject
i need to know how jumping a car works,reject
what do i do for a dead car battery,reject
"my car battery is dead, what do i do now",reject
what do i do to fix a dead car battery,reject
what should i do if my car battery is dead,reject
what's the method of jumping my car,reject
what do i do to jump start my car,reject
do you have instructions on jump starting a chevy,reject
how do you jump start a subaru forester,reject
how do i jump start a fiat,reject
how do i properly give my car a jump,reject
what's the best way to jump start a kia,reject
what do i do if i think my car battery's dead,reject
what's next when it seems there's a dead car battery,reject
how should i proceed if my car won't start and i think it's the battery,reject
how can i start my car using a jump start,reject
can you give me a french dinner suggestion,reject
"suggest a meal from laos to me, please",reject
can you give me a vietnamese meal suggestion,reject
suggest a meal from burma to me,reject
can you give me a vietnamese dinner suggestion,reject
"suggest a meal from thailand to me, please",reject
"can you give me a thai meal suggestion, please",reject
"can you give me a vietnamese meal suggestion, please",reject
"can you give me a burmese meal suggestion, please",reject
"suggest a meal from burma to me, please",reject
can you give me a burmese dinner suggestion,reject
can you give me a thai meal suggestion,reject
can you give me a thai dinner suggestion,reject
suggest a meal from thailand to me,reject
give me italian meal ideas,reject
suggest an italian meal for me,reject
can you suggest meals from italy to me,reject
may you suggest a meal from italy to me,reject
please suggest meals from italy to me,reject
can you tell me a good indian dish to make,reject
got any good dinner ideas,reject
what's a simple chinese recipe for dinner,reject
do you know an good pasta dishes,reject
what can i make for dinner using ground beef,reject
i need new dinner ideas,reject
what can i make for dinner,reject
do you know any greek dishes i could make for dinner,reject
what do you think would be a good dinner,reject
what would be good for dinner,reject
what should i have for dinner,reject
i'd like to get dinner suggestions for thai food,reject
get me italian cuisine dinner suggestions,reject
would you provide me with italian cuisine dinner suggestions,reject
i'm needing dinner suggestions for mexican food,reject
what's the pizza like around here,reject
what's the best pizza place around here,reject
how tasty is the pizza here,reject
what would you suggest for dinner,reject
i need dinner ideas,reject
i need a mexican meal suggesstion,reject
help me decide what mexican meal i want,reject
what kind of mexican meal should i get,reject
which mexican meal would be good,reject
"i need to cook, what should i make",reject
"i can't decide on dinner, what do you suggest",reject
suggest a good mexican meal to me,reject
do you have any suggestions for a meal from australia,reject
i'd like you to give me an idea for a meal from iceland,reject
can you suggest any good meals from chicago,reject
please suggest a meal from italy to me,reject
can you suggest to me any meals from nigeria,reject
can you give me a meal suggestion for swedish cuisine,reject
do you have any good recommendations for swiss cuisine,reject
i'm looking for a good suggestion for norse cuisine,reject
what's a good french meal,reject
i'm looking for italian food suggestions,reject
i want you to give me a suggestion for what to make for dinner,reject
i want an italian meal suggestion,reject
i need an italian meal suggestion,reject
please give me a suggestion for what to make for dinner,reject
i'd like an italian meal suggestion,reject
i need you to give me a suggestion for what to make for dinner,reject
i would love an italian meal suggestion,reject
go ahead and give me a suggestion for what to make for dinner,reject
i really want an italian meal suggestion,reject
suggest food from italy to me,reject
suggest an italian meal to me,reject
what meal from italy do you suggest,reject
what food from italy do you suggest,reject
suggest a meal from italy to me,reject
i need a suggestion for a dinner recipe,reject
suggest a meal for me that comes from mexico,reject
can you suggest a meal from ireland for me,reject
suggest something for me to make myself for dinner,reject
can you recommend for me a dish from ethiopia,reject
what do you think i should prepare for my dinner,reject
do you have any southern dishes to recommend,reject
look up a recipe for dinner to suggest to me,reject
what should i make for dinner,reject
please suggest a british meal for me,reject
what kind of greek food is good for dinner,reject
what type of pizzas are available for dinner,reject
need some good dinner ideas,reject
"thinking about cooking dinner, what should i make",reject
give me some options on what to cook for dinner,reject
please provide an option for dinner,reject
i would like to hear what ideas you have about making dinner tonight,reject
do you have any suggestions as to what i should cook for dinner,reject
suggest a meal from denmark to me,reject
suggest a meal from korea to me,reject
suggest a meal from germany to me,reject
suggest a meal from india to me,reject
suggest a meal from new york to me,reject
what do you think i should make for dinner,reject
what thoughts do you have about making dinnner tonight,reject
let me pick your brain what do you think we should do for dinner tonight,reject
any suggestions for a peruvian meal,reject
what peruvian dish should i make,reject
what should i get at a mexican restaurant,reject
suggest a meal from peru for me,reject
whats the best way to roast a chicken,reject
how do i make pie crust,reject
find a recipe for german chocolate cake,reject
how do i fry pork chops,reject
how do i cook boiled eggs,reject
"find a chow mein recipe for me, please",reject
do you know how to make chow mein,reject
can you find a recipe on how to make chow mein,reject
tell me how to make chow mein,reject
i would like you to help me find a chow mein recipe,reject
show me a beef recipe,reject
what is a good beef recipe,reject
i need a recipe for beef,reject
give me a beef recipe,reject
where is a beef recipe,reject
you know procedure to cook apple pie,reject
what is needed you to cook apple pie,reject
do you know what are the ingredients to make apple pie,reject
do you know recipe for making apple pie,reject
how do you cook apple pie,reject
how do i make pumpkin pie,reject
making spaghetti sauce perfectly is done how,reject
making ribs perfectly is done how,reject
how do i make lemon merengue pie,reject
how do i make lassagna,reject
search for a macaroni and cheese recipe,reject
can you get me a recipe for mashed potatoes,reject
i need instructions on how to make shepherd's pie please,reject
please help me with instructions on making chicken curry,reject
what are the steps i need to follow to make chewy rice krispies treats,reject
what's the best way to make chicken stir fry,reject
how do i make tuna salad,reject
can you give me a recipe for german chocolate cake,reject
i need a recipe on how to make beef stew,reject
i want a good recipe that shows me how to bake chocolate chip cookies from scratch,reject
please search for a chocolate fudge brownies recipe,reject
will you give me some guidance on how to make ceviche,reject
can you search for the best new york style cheesecake recipes please,reject
look up easy to follow recipes for beef ribs,reject
i need the best recipe for mashed potatoes,reject
can you find me a recipe for pie,reject
can you find me a recipe for quiche,reject
can you find me a recipe for pasta,reject
can you find me a recipe for ribs,reject
can you find me a recipe for cake,reject
what steps are involved in making lasagna,reject
how can i make chicken pot pie,reject
how to make mac and cheese,reject
how do you make pot roast,reject
can you find a hearty lasagna recipe,reject
find a good recipe for meatloaf,reject
i am looking for a vegan friendly italian pasta recipe,reject
how do you cook meatloaf,reject
i need a vegi lasagna recipe,reject
i need a quick recipe for spiral ham,reject
what's the recipe for rice noodles,reject
can you help me find a lasagna recipe,reject
i need a recipe for chicken pot pie,reject
help me find a recipe for a beef casserole,reject
i need help finding a recipe for enchiladas,reject
i need to know how to make philly cheesesteaks,reject
i need a blackberry pie recipe,reject
what do i need to do to make blackberry pie,reject
blackberry pie instructions,reject
how do you make blackberry pie,reject
how do i bake a blackberry pie,reject
do you have a cookbook that could teach me to make sushi,reject
can you teach me how to make sushi,reject
where can i look to learn to make sushi,reject
what do you need to do to make sushi,reject
is there a good website to teach me how to make sushi,reject
tell me how to make beef wellington,reject
what's a good recipe for chicken divan,reject
find me a recipe for teriyaki chicken,reject
find out how to make chicken tikka masala,reject
how do i make beef stroganoff,reject
please show me a recipe for chili,reject
what is a good chili recipe,reject
i need you to find me a recipe for fried shrimp,reject
can you find me a recipe for coffee cakes,reject
can you find me a recipe for salsa,reject
can you find me a recipe for honey ham,reject
can you find me a recipe for cheese cake,reject
can you find me a recipe for sugar cookies,reject
can you find me a recipe for carrot cake,reject
how do you make benedict arnold,reject
how do you create pork chili,reject
what's the best way to make a broccoli salad,reject
are there instructions on how to make buttermilk pancakes,reject
what's the way to make apple pie,reject
what's the process of making a burrito,reject
how do i make a taco that's worth eating,reject
how do i make that scottish dish with all the blood and sausage,reject
is there a recipe for chili i can use,reject
please give me instructions on making blueberry pie,reject
can you instruct me on how to make german chocolate cake,reject
how do i make the perfect omelette,reject
i want to make sour dough bread please find a good recipe for me,reject
i need a really good recipe for making doughnuts,reject
please find me a recipe for spaghetti now,reject
can you tell me what my total income is for the pay period,reject
please give me my salary figure,reject
i need you to tell me my salary,reject
what is my gross income per pay period,reject
what is my total annual income,reject
how much did i earn in income only last year,reject
what is my salary right now,reject
what is my pay for this year,reject
i would like to know what my salary is at this time,reject
i need details on my income,reject
tell me information about my income,reject
do you know anything about my income,reject
i want income data,reject
tell me about my income this week,reject
give me the details on my income,reject
tell me how much i make,reject
what has my income been like,reject
what do i usually earn in a day,reject
how much have i earned this week,reject
what're my wages for the week,reject
how much am i making at my job,reject
what is my income,reject
what do i earn from my job,reject
how much money am i making,reject
how much am i getting paid,reject
advise me of my income,reject
how much do i make,reject
tell me my income,reject
what is my salary,reject
how much should my income be for the month,reject
give me the low down on my income,reject
what's my income,reject
give me my income,reject
what's my income been for the last 6 months,reject
how much do i make every 2 weeks,reject
what's my pay for the year,reject
how much am i getting back from work,reject
how much do i make at work,reject
how much can i expect on my next check,reject
what are they paying me at work right now,reject
what's my take home from work,reject
what's my pay for this week,reject
how much am i getting paid today,reject
what's my paycheck going to be,reject
can you tell me my current salary,reject
look up how much i earn annually,reject
what amount of money do i earn at work,reject
what is my income from work,reject
i need to know how much i make at my job,reject
what is the exact number of my salary,reject
tell me how much money i'm earning at my job,reject
calculate how much i earn from my job,reject
calculate my total income from my job,reject
tell me my salary please,reject
would you tell me about my income,reject
could you tell me about my income,reject
please tell me about my income,reject
i want you to tell me about my income,reject
what is the total amount of my paychecks over the last year,reject
how do i find my income,reject
my income equals what amount,reject
what is my hourly rate,reject
what is my current gross salary,reject
what is my current net salary,reject
how much money was deposited to my bank account from my employer this month,reject
what does my income amount to,reject
can i have more information about my income,reject
how much is my income,reject
i need more information about my income,reject
can you provide information on my income,reject
what's my pay,reject
how much money did i make,reject
how much did i get paid,reject
tell me my salary,reject
can you tell me what my currnet salary is,reject
can you tell me my exact salary,reject
can you tell me what i earned,reject
i need to know my earnings,reject
i need to know my salary,reject
what amount do i make,reject
how much money do i bring in,reject
can you tell me what my income will be this week,reject
what is my yearly salary,reject
what is my pay grade at work,reject
how much do i make per day,reject
how much is my income going to be this month,reject
how much do you make an hour,reject
how much have i earned,reject
what is your current income,reject
how much do you make,reject
what do i earn on average at my job,reject
what do i make yearly,reject
what do you make in a year,reject
what's my monthly income,reject
how much money do i have coming in each month,reject
i wanna know my income,reject
please tell me my income,reject
i need to know my income,reject
i would like to know my income,reject
how much cash do i earn,reject
can you please order me more plastic bags,reject
"i need you to order some more lysol for me,please",reject
"i need some more lysol, could you order me some",reject
i'm out of lysol could you order me some,reject
could you please reorder me some lysol,reject
will you order me some more lysol spray,reject
order everything that's on my list for shopping,reject
i want my entire shopping list ordered,reject
i want to buy something,reject
get my entire shopping list ordered,reject
i want to make a purchase,reject
take my shopping list and order all,reject
send the order for my entire shopping list,reject
add everything to my shopping cart,reject
submit order for everything,reject
buy everything on my list,reject
please order everything you see on my shopping list,reject
go shopping and order everything on the list,reject
are you able to get my shopping list and order everything on it,reject
could you get everything on my shopping list,reject
i need everything ordered on my shopping list,reject
can you buy me a toy car,reject
i'd like to have everything on my shopping list,reject
i do not have cookies so will you order me some more,reject
get everything on my shopping list,reject
i wanna buy a pair of shoes online now,reject
i do not have flour so will you order me some more,reject
i need everything on my shopping list,reject
i do not have pizza so will you order me some more,reject
i want everything on my shopping list,reject
i don't have ice cream so will you order me some more,reject
i am out of ice cream so will you order me some more,reject
please get everything on my shopping list,reject
i need you to order all the things on my shopping list,reject
i want everything on my shopping list to be ordered,reject
please order me everything that is on my shopping list,reject
would you buy me a phone,reject
i would like everything on my shopping list ordered,reject
i would like you to buy me some paper plates,reject
i'd like you to purchase me canned soup,reject
i need you to buy a mouse for me,reject
purchase a computer for me,reject
i would like all of these things on my shopping list ordered,reject
put in the order for everything on my shopping list,reject
"please order some more cat food, i'm out",reject
i'm ready to put in the order for everything on my shopping list,reject
go ahead and order everything on my shoping list,reject
"i need more cat food, please order some",reject
"i'm out of cat food, order more",reject
will you buy me underpants,reject
"order some cat for me, i ran out",reject
"order more cat food, i'm out",reject
are you able to purchase underpants for me,reject
can you go to amazon a repurchase my last purchase,reject
please order me a 7lb bag of world's best cat litter from targetcom,reject
submit the order for everything on my shopping list,reject
can you buy something from walmartcom for me,reject
can you purchase underpants for me,reject
can you order underpants for me,reject
can you order everything on my shopping list,reject
i'm out of detergent so will you order me some more,reject
i'm out of fabric softener so will you order me some more,reject
i'm out of soap so will you order me some more,reject
i'm out of toothpaste so will you order me some more,reject
i'm out of razors so will you order me some more,reject
i just used up my toothpaste and need you to order more,reject
i'm making a purchase and need the help of ai,reject
can you order more chapstick i am all out,reject
i am currently out of q tips and need more ordered right away,reject
can you order more printer paper,reject
ran out of tissues and need you to put an order in for more asap,reject
i need you to buy a laptop,reject
i'd like to buy some cooking pans,reject
i'd like to have everything on the shopping list,reject
please buy me flowers,reject
buy all the things on the shopping list,reject
i want all the things on the shopping list,reject
i need to buy everything on the shopping list,reject
purchase me dog food,reject
purchase all the things on my shopping list,reject
i'm short on flour so place an order for me,reject
i'm low on mouthwash so create an order for me,reject
i'm lacking vitamins so order me more,reject
i need more candy so could you order me a pack,reject
i require another filter so can you order me another one,reject
i'm out of shampoo so will you order me some more,reject
i'm out of paper plates so will you order me some more,reject
i'm out of conditioner so will you order me some more,reject
i'm out of paper towels so will you order me some more,reject
i need a replacement phone charger ordered online,reject
can you have some new oakley's shipped to me,reject
grab me a new belt on amazon please,reject
order me a new usb cable on amazon,reject
can you order me new ray bans,reject
would you order everything on my shopping list,reject
i need everything on my shopping list to be ordered,reject
i want you to buy me a shirt,reject
i want everything on my shopping list ordered,reject
i am needing you to buy me some shoes,reject
i want you to order everything on my shopping list,reject
is there any traffic congestion on my way to the closest whole foods,service_disruption
how bad is traffic to the closet atm machine,service_disruption
is traffic bad on my way to the next mcdonalds,service_disruption
what will traffic be like at 5:00 going towards the mall,service_disruption
is the traffic bad at 5:00 if i'm going to the mall,service_disruption
"will i be able to get to the mall at 5:00, or will there be a lot of traffic",service_disruption
"if i'm heading to the mall at 5:00, what will the traffic be like",service_disruption
i'm going to the mall at 5:00 what will traffic be like,service_disruption
what is the traffic like on the way to north shore,service_disruption
what is the traffic like on the way to makaha,service_disruption
what is the traffic like on the way to kaneohe,service_disruption
what is the traffic like on the way to kapolei,service_disruption
what is the traffic like on the way to town,service_disruption
is there traffic on dove road,service_disruption
is there traffic up ahead,service_disruption
should i take a different route to work,service_disruption
is there traffic on bramble lane,service_disruption
is there any traffic on my way to work,service_disruption
what's the traffic like around the stadium,service_disruption
how clogged are the streets before the stadium,service_disruption
how much traffic is there before the stadium,service_disruption
are there alot of cars on the road before the stadium,service_disruption
is there gridlock on the street up to the stadium,service_disruption
what's the traffic like on the way to patterson,service_disruption
what's the traffic like on the way to the mall,service_disruption
what's the traffic like on the way to the water slides,service_disruption
what's the traffic like on the way to the amusement park,service_disruption
what's the traffic like on the way to walmart,service_disruption
what is the traffic nearest lexington,service_disruption
give me the traffic at lexington,service_disruption
what's the traffic at lexington,service_disruption
tell me the traffic at lexington,service_disruption
how is the traffic near lexington,service_disruption
what is the traffic like,service_disruption
is the traffic bad on the way to work,service_disruption
how bad is the traffic,service_disruption
what is the traffic like on the way to work,service_disruption
let me know the traffic in tempe,service_disruption
is there traffic on route to work,service_disruption
is there traffic on my way to work today,service_disruption
i wanna know what the traffic typically like at 3:30 on the route to phoenix,service_disruption
i have to know what the traffic typically like at 3:30 on the route to phoenix,service_disruption
i would like to know the traffic in tempe please,service_disruption
tell me what the traffic is like on the way to phoenix,service_disruption
i need to know what the traffic typically like at 3:30 on the route to phoenix,service_disruption
is there traffic to work,service_disruption
i must know what the traffic typically like at 3:30 on the route to phoenix,service_disruption
i gotta know what the traffic is like on the way to phoenix,service_disruption
tell me the traffic in tempe,service_disruption
is there traffic on my way to work,service_disruption
i need ti know the traffic in tempe,service_disruption
i wanna know what the traffic is like on the way to phoenix,service_disruption
i need to know what traffic will be like in temp,service_disruption
what's the traffic typically like at 3:30 on the route to phoenix,service_disruption
i need to know what the traffic is like on the way to phoenix,service_disruption
i must know what the traffic is like on the way to phoenix,service_disruption
is any traffic on my route to work,service_disruption
give me an idea of traffic on the way to the doctors office at 6,service_disruption
is traffic bad on the way to chicago,service_disruption
traffic looking alright going towards burger king,service_disruption
is traffic heavy on my route to washington,service_disruption
how will traffic be at 7am on the way to my job,service_disruption
pull up traffic predictions at 4pm on the way to the library,service_disruption
how bad is traffic at 8 on the way to burger king,service_disruption
will traffic be light on the way to orlando,service_disruption
how's traffic en route to virginia,service_disruption
what does traffic look like at 9 en route to the aquarium,service_disruption
is there any traffic on the way to the bank,service_disruption
is the expressway slow this morning,service_disruption
will there be traffic on the way to walmart,service_disruption
how's highway traffic today,service_disruption
will i hit traffic on route to moms,service_disruption
how is the traffic on the way to the mall,service_disruption
how is the traffic on the way to work,service_disruption
how's traffic on i 95,service_disruption
tell me how traffic is looking on the interstate,service_disruption
is traffic bad on the parkway,service_disruption
how is the traffic on the way to the campsite,service_disruption
how is the traffic like on my way to fairfield,service_disruption
how is the traffic like on the way to the beach,service_disruption
what's the traffic like on my way to the terminal,service_disruption
how is the traffic on my way to the venue,service_disruption
how is the traffic at jfk at 5 pm on weekdays,service_disruption
how bad is city traffic in miami on friday's at 5 pm,service_disruption
is the beltway backed up in traffic on saturday mornings at 11 am during the cherry festival,service_disruption
how bad is the traffic waiting for the staten island ferry at 8 am,service_disruption
"tell me about traffic conditions in ocean city, nj on sunday mornings around 10 am in the summer",service_disruption
is the traffic typically bad at noon on the route to the hopsital,service_disruption
how is the traffic typically at noon on the route to hospital,service_disruption
at around noon what is the traffic typically like on the route to the hopsital,service_disruption
can you tell me about the traffic typically at noon on the route the hospital,service_disruption
if im traveling to the hospital around noon what is the traffic typically like,service_disruption
how is the traffic at the nearest wal-mart pharmacy,service_disruption
what is the traffic situation at the olive garden restaurant,service_disruption
what is the traffic like at the closest safeway grocery store,service_disruption
is the traffic light or heavy at the nearest the century movie theater,service_disruption
is the traffic backed up at the closest circle k,service_disruption
what's the traffic like to city hall,service_disruption
what's traffic usually like around 5pm going to the bank,service_disruption
has the ice made traffic messy on the way to walmart,service_disruption
what is the process to get some more checkbooks mailed to me,reject
how do i get more checkbooks mailed to me,reject
if i need more checkbooks maild to me what should i do,reject
can you mail more checkbooks to me please,reject
can you explain to me how to get some more checkbooks mailed to me,reject
can i get more checks,reject
order more checks,reject
i don't have any checks left; please order some,reject
i need new checks,reject
"can you order me more checks, please",reject
i need more checkbooks for my chase account,reject
i'm in need of checks for bank of america,reject
can you order me more checks at wells fargo,reject
my key bank checks have run out,reject
i don't have anymore checks for chase and need some,reject
i would like to request that more checkbooks be mailed to me,reject
i would like to order additional checkbooks to me mailed to my home address,reject
would it be possible for you to mail me new checkbooks,reject
i would like to place an order for more checkbooks to me mailed to me,reject
could you please mail me some checkbooks,reject
how can i order some more checks for my checking account,reject
can you show me how to order some more checks for my chase account,reject
please show me how to order more checks for my savings account,reject
i'd like to order more checks for my savings account,reject
i need to order more checks for my savings account,reject
"if i can, i'd like to get some more checkbooks mailed to me",reject
can i get some more of those new checkbooks mailed to me,reject
can some more checkbooks get mailed to me,reject
can i please get some more checkbooks mailed to me,reject
"i'd like to get some more checkbooks mailed to me, if i can",reject
i don't have checks so can i order some new ones,reject
i really wanna get some more checkbooks mailed to me,reject
i wanna order some more checks for my checking account,reject
i wanna get some new checks cause i ran out of them,reject
i would like to get some more checkbooks mailed to me,reject
i need to get some more checkbooks mailed to me,reject
i'd love to order some more checks for my checking account,reject
i feel i would like to get some more checkbooks mailed to me,reject
"i don't have checks, so can i get new ones",reject
i must order some more checks for my checking account,reject
i do need to get some more checkbooks mailed to me,reject
i really need to order some more checks for my savings account,reject
i want to order some more checks for my savings account,reject
"i recently ran out of checks, so i wanna get some new ones",reject
"i need to order checks, so can i order some new ones",reject
i need more checkbooks delivered to me by mail,reject
i need to order more checkbooks by mail,reject
how can i order more checkbooks by mail,reject
can you show me how to get more checkbooks by mail,reject
what is the process for ordering new checks,reject
how do i order new checks,reject
how do you order new checks,reject
how do i order checks once i run out,reject
i need to order new checks,reject
is it possible to get more checkbooks for my navy fed account,reject
is it possible to get more checkbooks for my wells fargo checkings,reject
i used the last check so i want you to help me order more,reject
can i get new checks to replace the ones we ran out of,reject
since we're out of checks i want help purchasing new ones,reject
i need to order new checks since i just used the last of them,reject
order some new checks to replace the ones i ran out of,reject
can i get more checkbooks for my bank of america checkings account,reject
does my great western bank account allow me to order more checkbooks,reject
i need to order more checkbooks for my capital one account,reject
help me get some new checks since i ran out of them,reject
i want to order some new checks because i ran out of them,reject
"i have no more checks, how can i order more",reject
how do i go about getting more checks since i ran out of them,reject
how can i order more checks since i do not have any more,reject
is is possible to order more checkbooks for account ending in sequence 939392,reject
tell my bank i need new checks,reject
please order me some new checks,reject
how can i order more checks for my regions bank account,reject
how do i place an order for more checks for my bank of america account,reject
how can i get more checks for my commerce bank checking account,reject
order more checks for my first bank checking account,reject
i need to order more checks for my usbank account,reject
"i'm out of checks, please order new ones",reject
"order new checks, please",reject
will you order more checkbooks for my silvergate account,reject
would you please order me more checkbooks for my b of t account,reject
order more checkbooks for my community account,reject
i need more checkbooks for my fifth third account,reject
can you get me more checkbooks for my southern account,reject
will it be possible to order for more checkbooks for my chase bank account,reject
can i order for more checkbooks for my chase bank account,reject
will i be able to order for more checkbooks for my chase bank account,reject
is it possible to make an order for more checkbooks for my chase bank account,reject
is it possible to order more checkbooks for my chase bank account,reject
"ai, research usbank options to order more checks",reject
"ai, where do i go to order checks for my usbank account",reject
"ai,please order some checks for my usbank account",reject
"ai, show me online options to order more checks for my usbank account",reject
"ai, call my usbank to order more checks",reject
i need to place an order of checks for my bank of america checking account,reject
please submit an order for new checks on my pnc money market account,reject
i would like a reorder of checkbooks for my home equity line of credit with chase,reject
can you order new checks for my citizens checking,reject
make an order for new checbooks on my td checking please,reject
how do i order checks for my savings account,reject
why did my card not get accepted,reject
why did my card not get accepted there,reject
please tell me why did my card not get accepted,reject
why did my card not get accepted please,reject
why did my card not get accepted then,reject
find out why my card was declined,reject
please tell me why my card was declined,reject
for what reason did my card get declined,reject
can you tell me why my card was declined,reject
i need to know why my card was declined,reject
i need to know why my card was just declined at walgreen's,reject
where can i find out why my card was recently declined at amazoncom,reject
i tried using my card at chipotle yesterday and it was declined; why,reject
why was my card declined for my monthly netflix subscription payment,reject
can you tell me what caused my card to get declined at starbucks this morning,reject
i wonder why my card got declined yesterday,reject
why was my card declined,reject
"my card was declined yesterday, why",reject
is my card working properly,reject
do i have enough funds in my card,reject
how do i fix my card being declined,reject
tell me why was my card declined at the zoo,reject
explain why was my card declined at boston market,reject
why did you decline my card at sfo,reject
how come my card was declined at rosses,reject
why did my card get declined at the dentist office,reject
why did macy's decline my card,reject
bloomingdale's declined my card and i'd like to know why,reject
why wouldn't nordstrom accept my card,reject
please tell me why walgreen's wouldn't take my card,reject
can you tell me why walmart declined my card,reject
i couldn't buy a mug from target because my card got declined,reject
stopped by target to get a mug but my card declines,reject
at target trying to buy a mug and my card was declined,reject
i went to target to buy a mug but my card did not work,reject
trying to buy a mug from target but my card declined,reject
why was my card not accepted yesterday,reject
tell me why my card didn't work yesterday,reject
what was the issue with my card yesterday,reject
what was the problem with my card yesterday,reject
what was wrong with my card yesterday,reject
i was at home depot trying to buy plants and my card got declined,reject
i need to know why my card declined yesterday,reject
i wish to know why my card was declined yesterday,reject
i was at target trying to buy candles and my card got declined,reject
find out why my card declined yesterday,reject
i was at sears trying to buy clothes and my card got declined,reject
why was my card declined yesterday,reject
i was at zales trying to buy a ring and my card got declined,reject
i was at macys trying to buy shoes and my card got declined,reject
my card declined yesterday and i want to know why,reject
i wish to know why my card was declined,reject
tell me why my card was declined yesterday,reject
so it turns out my card was declined at applebee's and i wanna know why,reject
so why was my card declined yesterday,reject
tell me why my card got declined,reject
it turns out my card was declined at fry's and i would like to know why,reject
let me know why my card got declined,reject
let me know why my card was declined yesterday,reject
i wanna know why my card was declined,reject
i really need to know why my card was denied,reject
so my card was declined at fry's and i wanna know why,reject
turns out my card was declined at wal mart and i wanna know why,reject
i think my card was declined at wal mart and i want to know why,reject
let me know why my card got declined the other day,reject
please let me know why my card was declined yesterday,reject
i was trying to buy qtips at walmart and my card got declined,reject
i was at walmart today and my card got declined when i went to buy qtips,reject
at walmart my card got declined when i was buyng qtips,reject
"buying qtips today, my card got declined at walmart",reject
i was buying qtips today at walmart and my card got declined,reject
my card didn't go through when i was buying a case of water at walmart,reject
i was at walmart when my card was declined i was only trying to buy some candy,reject
my card got declined at target while buying a tv,reject
i was at albertsons trying to buy milk when my card wasn't accepted,reject
my card was not accepted for buying a computer at best buy,reject
please help me figure out why my card was declined yesterday,reject
why did my card get rejected yesterday,reject
can you tell me why my card was declined yesterday,reject
"my card was declined at the store yesterday, what happened",reject
i was at costco trying to buy groceries and my card got declined,reject
my card was declined at the casino and i'm wondering why,reject
i was at safeway trying to buy groceries and my card got declined,reject
i was at whole foods trying to buy groceries and my card got declined,reject
i was at trader joe's trying to buy groceries and my card got declined,reject
i was at costco trying to buy sheets and my card got declined,reject
my card did not work yesterday,reject
"i tried to use my credit card yesterday, but it did not work",reject
my card was malfunctioning and was returned to me,reject
for which reason was my card declined yesterday,reject
"yesterday, my card was declined",reject
i don't understand why walgreens declined my card,reject
i tried to make a purchase yesterday but my card was declined why,reject
i don't understand why my card was declined yesterday,reject
what is the reason for whole foods declining my card,reject
can you explain why my card was declined,reject
how come starbucks declined my card when i tried to use it to pay,reject
how come my card was not accepted yesterday,reject
find out what happened to make my card get declined yesterday,reject
why was my card declined at safeway,reject
how much is an overdraft fee for bank,reject
why are exponents preformed before multiplication in the order of operations,reject
what size wipers does this car take,reject
where is the dipstick,reject
how much is 1 share of aapl,reject
how is glue made,reject
any headlines from my area,reject
what is the largest state in the us,reject
what is the current market trend,reject
what is the most popular airline,reject
what is the formula for the circumference of a circle,reject
what are some ways to reduce spending,reject
what time does the louvre open,reject
are there any local stations covering the moral march in raleigh in februaryu,reject
how many planets have we discovered,reject
how do i change my billing address,reject
how do i open an online line of credit,reject
how do i remove a coffee blemish,reject
how expensive is an apple share,reject
where can i find the cruise control on my kia sportage 2010,reject
how many sides are in a hexagon,reject
how fast does an airplane travel,reject
is it worth investing in target,reject
i need to speak to customer service regarding my flight,reject
how long do wire transfers take,reject
what are some deals on amazon,reject
what city is the super bowl,reject
what trees change color in autumn,reject
do people prefer summer over fall,reject
how long is winter,reject
what were some of ben franklin's notable accomplishments,reject
where was john denver born,reject
where did abraham lincoln live,reject
when was kobe bryant born,reject
who's toledo's starting point guard for the next game,reject
how many players are on the chicago bulls,reject
who is the coach of the chicago bulls,reject
when do the utah jazz play next,reject
what other nations were involved in the chinese trade war,reject
what years has korea been at war,reject
when was the theory of evolution first considered,reject
who formulated the theory of relativity,reject
what stage of evolution am i,reject
what other personality type is most compatible with infjs,reject
what does my personality mean,reject
what's the most dominant scale in bluegrass,reject
what year was saxaphone first played,reject
which piano is best for classical,reject
is k-12 education required outside of the united states,reject
what are the benefits of completing college,reject
are you able to answer algebra equations,reject
can you help me study for a history exam,reject
how many points per game is lebron james averaging this season,reject
what team does eli mannign play for,reject
get me dwight howard shooting average,reject
can you list me tiger wood's stats,reject
what's the runtime of all the lord of the rings movies combined,reject
which character is the most famous from titanic,reject
how many oscars did star wars films win,reject
what year was shawshank redemption released,reject
which marvel character has appeared in the most movies,reject
when's the next movie starring thor set to come out,reject
who was the first capcom character,reject
are any justice league movies coming out,reject
can you tell me something about the nfl,reject
please explain the catch rule to me,reject
is there overtime in college football,reject
when did the mls start,reject
what's the best price on super smash bros ultimate right now,reject
what is the highest earning game on atari,reject
when is the next nintendo direct,reject
when was nintendo created,reject
please find the capital of pakistan and its population,reject
how many people live in taiwan,reject
what are some of picasso's most famous works,reject
what are van gogh's best pieces,reject
where can i see art,reject
when did camus die,reject
how much money does radiohead earn a year,reject
who is radiohead,reject
what's the biggest saas marketing company in the united states,reject
how do i start my own marketing firm,reject
how can i get involved in restaurant marketing,reject
what is saas marketing,reject
what do you call someone who was born in segovia,reject
what is rhineland,reject
who is the scariest character in start trek,reject
who is the current captain of this ship,reject
what year was star trek released,reject
when was toyota created,reject
who are some notable alumni of ucsd,reject
what is the next football game,reject
how many students attend ucsb,reject
when do classes start,reject
how can i become an aerospace engineer,reject
what percentage of species display cold blooded traits,reject
what does it mean to be an alpha male,reject
what animals have alpha males,reject
why do males want to be alpha,reject
what's the average battery life of an android phone,reject
